"Path","Slice Name","Alias(s)","Label","Min","Max","Must Support?","Is Modifier?","Is Summary?","Type(s)","Short","Definition","Comments","Requirements","Default Value","Meaning When Missing","Fixed Value","Pattern","Example","Minimum Value","Maximum Value","Maximum Length","Binding Strength","Binding Description","Binding Value Set","Code","Slicing Discriminator","Slicing Description","Slicing Ordered","Slicing Rules","Base Path","Base Min","Base Max","Condition(s)","Constraint(s)","Mapping: RIM Mapping"
"BeModelMedicationRecord","","","",0,*,"","","","","Medication Record logical model","A collection of a patient's medication history.","","","","","","","","","",,,,,"",,,,"Base",0,*,"",""
"BeModelMedicationRecord.patient","","","",1,1,"","","","BackboneElement {[]} {[]}
","","","","","","","","","","","",,,,,"",,,,"BeModelMedicationRecord.patient",1,1,"",""
"BeModelMedicationRecord.prescription","","","",0,*,"","","","BackboneElement {[]} {[]}
","","","","","","","","","","","",,,,,"",,,,"BeModelMedicationRecord.prescription",0,*,"",""
"BeModelMedicationRecord.dispense","","","",0,*,"","","","BackboneElement {[]} {[]}
","","","","","","","","","","","",,,,,"",,,,"BeModelMedicationRecord.dispense",0,*,"",""
"BeModelMedicationRecord.treatmentLine","","","",0,*,"","","","BackboneElement {[]} {[]}
","","","","","","","","","","","",,,,,"",,,,"BeModelMedicationRecord.treatmentLine",0,*,"",""
