"Path","Slice Name","Alias(s)","Label","Min","Max","Must Support?","Is Modifier?","Is Summary?","Type(s)","Short","Definition","Comments","Requirements","Default Value","Meaning When Missing","Fixed Value","Pattern","Example","Minimum Value","Maximum Value","Maximum Length","Binding Strength","Binding Description","Binding Value Set","Code","Slicing Discriminator","Slicing Description","Slicing Ordered","Slicing Rules","Base Path","Base Min","Base Max","Condition(s)","Constraint(s)","Mapping: RIM Mapping"
"BeModelMedicationRecord","","","",0,*,"","","","","Medication Record logical model","A structure collection of a patient's medication history.","","","","","","","","","",,,,,"",,,,"Base",0,*,"",""
"BeModelMedicationRecord.patient","","","",1,1,"","","","Reference {[]} {[]}
","The subject of the medication record","The subject of the medication record","","","","","","","","","",,,,,"",,,,"BeModelMedicationRecord.patient",1,1,"",""
"BeModelMedicationRecord.treatments","","","",0,*,"","","","https://www.hl7belgium.be/fhir/StructureDefinition/BeModelMedicationRecordTreatment {[]} {[]}
","","","","","","","","","","","",,,,,"",,,,"BeModelMedicationRecord.treatments",0,*,"",""
"BeModelMedicationRecord.treatmentLines","","","",0,*,"","","","https://www.hl7belgium.be/fhir/StructureDefinition/BeModelMedicationRecordTreatmentLine {[]} {[]}
","","","","","","","","","","","",,,,,"",,,,"BeModelMedicationRecord.treatmentLines",0,*,"",""
"BeModelMedicationRecord.summaryView","","","",0,*,"","","","https://www.hl7belgium.be/fhir/StructureDefinition/BeModelMedicationRecordSummaryView {[]} {[]}
","","","","","","","","","","","",,,,,"",,,,"BeModelMedicationRecord.summaryView",0,*,"",""
"BeModelMedicationRecord.detailedRecords","","","",0,*,"","","","BackboneElement {[]} {[]}
","","","","","","","","","","","",,,,,"",,,,"BeModelMedicationRecord.detailedRecords",0,*,"",""
"BeModelMedicationRecord.detailedRecords.orders","","","",0,*,"","","","https://www.hl7belgium.be/fhir/StructureDefinition/BeModelMedicationRecordOrder {[]} {[]}
","","","","","","","","","","","",,,,,"",,,,"BeModelMedicationRecord.detailedRecords.orders",0,*,"",""
"BeModelMedicationRecord.detailedRecords.dispenses","","","",0,*,"","","","https://www.hl7belgium.be/fhir/StructureDefinition/BeModelMedicationRecordDispense {[]} {[]}
","","","","","","","","","","","",,,,,"",,,,"BeModelMedicationRecord.detailedRecords.dispenses",0,*,"",""
"BeModelMedicationRecord.detailedRecords.administrations","","","",0,*,"","","","https://www.hl7belgium.be/fhir/StructureDefinition/BeModelMedicationRecordAdministration {[]} {[]}
","","","","","","","","","","","",,,,,"",,,,"BeModelMedicationRecord.detailedRecords.administrations",0,*,"",""
"BeModelMedicationRecord.detailedRecords.usageReports","","","",0,*,"","","","https://www.hl7belgium.be/fhir/StructureDefinition/BeModelMedicationRecordUsage {[]} {[]}
","","","","","","","","","","","",,,,,"",,,,"BeModelMedicationRecord.detailedRecords.usageReports",0,*,"",""
"BeModelMedicationRecord.changeRecord","","","",0,*,"","","","Provenance {[]} {[]}
","","","","","","","","","","","",,,,,"",,,,"BeModelMedicationRecord.changeRecord",0,*,"",""
