<?xml version="1.0" encoding="UTF-8"?>

<ExampleScenario xmlns="http://hl7.org/fhir">
  <id value="example-7-scenario"/>
  <text>
    <status value="generated"/><div xmlns="http://www.w3.org/1999/xhtml"><p><b>Generated Narrative</b></p><p><b>url</b>: <code>http://hl7belgium.org/fhir/riziv-medicationrecord/ExampleScenario/example-7-scenario</code></p><p><b>version</b>: 0.1.0-test</p><p><b>name</b>: MedicationNotTaken</p><p><b>status</b>: draft</p><p><b>experimental</b>: false</p><p><b>date</b>: Sep 10, 2019, 11:00:00 PM</p><p><b>publisher</b>: HL7 Belgium</p><p><b>contact</b>: <a href="http://hl7belgium.org">http://hl7belgium.org</a></p><p><b>jurisdiction</b>: <span title="Codes: {urn:iso:std:iso:3166 BE}">Belgium</span></p><blockquote><p><b>actor</b></p><p><b>actorId</b>: PATIENT</p><p><b>type</b>: person</p><p><b>name</b>: Pia Peters</p></blockquote><blockquote><p><b>actor</b></p><p><b>actorId</b>: GP</p><p><b>type</b>: person</p><p><b>name</b>: Dr. Durant</p></blockquote><blockquote><p><b>actor</b></p><p><b>actorId</b>: VAULT</p><p><b>type</b>: entity</p><p><b>name</b>: Vault</p></blockquote><blockquote><p><b>actor</b></p><p><b>actorId</b>: PHARM</p><p><b>type</b>: person</p><p><b>name</b>: Pharmacist</p></blockquote><blockquote><p><b>instance</b></p><p><b>resourceId</b>: 7-prescription</p><p><b>resourceType</b>: MedicationRequest</p><p><b>name</b>: New prescription</p></blockquote><blockquote><p><b>instance</b></p><p><b>resourceId</b>: EB</p><p><b>resourceType</b>: Bundle</p><p><b>name</b>: Empty Bundle</p></blockquote><blockquote><p><b>instance</b></p><p><b>resourceId</b>: 7-treatmentLine</p><p><b>resourceType</b>: MedicationStatement</p><p><b>name</b>: New Treatment Line based on prescription</p></blockquote><blockquote><p><b>instance</b></p><p><b>resourceId</b>: 7-treatment</p><p><b>resourceType</b>: CarePlan</p><p><b>name</b>: New Treatment based on prescription</p></blockquote><blockquote><p><b>instance</b></p><p><b>resourceId</b>: 7-dispense</p><p><b>resourceType</b>: MedicationDispense</p><p><b>name</b>: Dispense</p></blockquote><blockquote><p><b>instance</b></p><p><b>resourceId</b>: 7-usage</p><p><b>resourceType</b>: MedicationStatement</p><p><b>name</b>: Usage report</p></blockquote><blockquote><p><b>process</b></p><p><b>title</b>: Dispense of medication that was prescribed to take if needed, but was not taken</p><p><b>description</b>: description</p><p><b>preConditions</b>: After a GP visit, the patient Pia Peters is prescribed Ciprofloxacine 500 mg cp since the patient will travel to southeast Asia. The prescription is marked as "taken if discomfort or diarrhea". After reaching the pharmacy, Ciproxine is dispensed facing that prescription. After the patient arrives from the travel, she tells the GP that she ended up not taking the medication because she had no problems. </p><p><b>postConditions</b>: It is possible to capture that the original prescription was and the report of non usage by the patient.</p><blockquote><p><b>step</b></p><blockquote><p><b>process</b></p><p><b>title</b>: Initial contact</p></blockquote></blockquote><blockquote><p><b>step</b></p><blockquote><p><b>process</b></p><p><b>title</b>: Treatment resources Creation</p></blockquote></blockquote><blockquote><p><b>step</b></p><blockquote><p><b>process</b></p><p><b>title</b>: Dispense</p></blockquote></blockquote><blockquote><p><b>step</b></p><blockquote><p><b>process</b></p><p><b>title</b>: Treatment Resources Update</p></blockquote></blockquote><blockquote><p><b>step</b></p><blockquote><p><b>process</b></p><p><b>title</b>: Treatment Resources Update</p></blockquote></blockquote></blockquote></div>
  </text>
  <url value="http://hl7belgium.org/fhir/riziv-medicationrecord/ExampleScenario/example-7-scenario"/>
  <version value="0.1.0-test"/>
  <name value="MedicationNotTaken"/>
  <status value="draft"/>
  <experimental value="false"/>
  <date value="2019-09-11T00:00:00.000+01:00"/>
  <publisher value="HL7 Belgium"/>
  <contact>
    <telecom>
      <system value="url"/>
      <value value="http://hl7belgium.org"/>
    </telecom>
  </contact>
  <jurisdiction>
    <coding>
      <system value="urn:iso:std:iso:3166"/>
      <code value="BE"/>
    </coding>
  </jurisdiction>
  <actor>
    <actorId value="PATIENT"/>
    <type value="person"/>
    <name value="Pia Peters"/>
  </actor>
  <actor>
    <actorId value="GP"/>
    <type value="person"/>
    <name value="Dr. Durant"/>
  </actor>
  <actor>
    <actorId value="VAULT"/>
    <type value="entity"/>
    <name value="Vault"/>
  </actor>
  <actor>
    <actorId value="PHARM"/>
    <type value="person"/>
    <name value="Pharmacist"/>
  </actor>
  <instance>
    <resourceId value="7-prescription"/>
    <resourceType value="MedicationRequest"/>
    <name value="New prescription"/>
  </instance>
  <instance>
    <resourceId value="EB"/>
    <resourceType value="Bundle"/>
    <name value="Empty Bundle"/>
  </instance>
  <instance>
    <resourceId value="7-treatmentLine"/>
    <resourceType value="MedicationStatement"/>
    <name value="New Treatment Line based on prescription"/>
  </instance>
  <instance>
    <resourceId value="7-treatment"/>
    <resourceType value="CarePlan"/>
    <name value="New Treatment based on prescription"/>
  </instance>
  <instance>
    <resourceId value="7-dispense"/>
    <resourceType value="MedicationDispense"/>
    <name value="Dispense"/>
  </instance>
  <instance>
    <resourceId value="7-usage"/>
    <resourceType value="MedicationStatement"/>
    <name value="Usage report"/>
  </instance>
  <process>
    <title value="Dispense of medication that was prescribed to take if needed, but was not taken"/>
    <description value="description"/>
    <preConditions value="After a GP visit, the patient Pia Peters is prescribed Ciprofloxacine 500 mg cp since the patient will travel to southeast Asia. The prescription is marked as &quot;taken if discomfort or diarrhea&quot;. After reaching the pharmacy, Ciproxine is dispensed facing that prescription. After the patient arrives from the travel, she tells the GP that she ended up not taking the medication because she had no problems. "/>
    <postConditions value="It is possible to capture that the original prescription was and the report of non usage by the patient."/>
    <step>
      <process>
        <title value="Initial contact"/>
        <step>
          <operation>
            <number value="1"/>
            <name value="Goes to appointment"/>
            <initiator value="PATIENT"/>
            <receiver value="GP"/>
          </operation>
        </step>
        <step>
          <operation>
            <number value="2"/>
            <name value="Get Patient&#39;s Medication"/>
            <initiator value="GP"/>
            <receiver value="VAULT"/>
            <response>
              <resourceId value="EB"/>
            </response>
          </operation>
        </step>
        <step>
          <operation>
            <number value="3"/>
            <name value="Create new prescription"/>
            <initiator value="GP"/>
            <receiver value="VAULT"/>
            <request>
              <resourceId value="7-prescription"/>
            </request>
          </operation>
        </step>
      </process>
    </step>
    <step>
      <process>
        <title value="Treatment resources Creation"/>
        <step>
          <operation>
            <number value="4"/>
            <name value="Create new treatment"/>
            <initiator value="VAULT"/>
            <receiver value="VAULT"/>
            <request>
              <resourceId value="7-treatment"/>
            </request>
          </operation>
        </step>
        <step>
          <operation>
            <number value="5"/>
            <name value="Create new treatment Line"/>
            <initiator value="VAULT"/>
            <receiver value="VAULT"/>
            <request>
              <resourceId value="7-treatmentLine"/>
            </request>
          </operation>
        </step>
      </process>
    </step>
    <step>
      <process>
        <title value="Dispense"/>
        <step>
          <operation>
            <number value="6"/>
            <name value="Get patient&#39;s Prescriptions"/>
            <initiator value="PHARM"/>
            <receiver value="VAULT"/>
            <response>
              <resourceId value="EB"/>
            </response>
          </operation>
        </step>
        <step>
          <operation>
            <number value="7"/>
            <name value="Dispense"/>
            <initiator value="PHARM"/>
            <receiver value="VAULT"/>
            <request>
              <resourceId value="7-dispense"/>
            </request>
          </operation>
        </step>
      </process>
    </step>
    <step>
      <process>
        <title value="Treatment Resources Update"/>
        <step>
          <operation>
            <number value="8"/>
            <name value="Update treatment"/>
            <initiator value="VAULT"/>
            <receiver value="VAULT"/>
            <request>
              <resourceId value="7-treatment"/>
            </request>
          </operation>
        </step>
        <step>
          <operation>
            <number value="9"/>
            <name value="Update treatment Line"/>
            <initiator value="VAULT"/>
            <receiver value="VAULT"/>
            <request>
              <resourceId value="7-treatmentLine"/>
            </request>
          </operation>
        </step>
        <step>
          <operation>
            <number value="10"/>
            <name value="Usage Report of non-usage"/>
            <initiator value="PATIENT"/>
            <receiver value="VAULT"/>
            <request>
              <resourceId value="7-usage"/>
            </request>
          </operation>
        </step>
      </process>
    </step>
    <step>
      <process>
        <title value="Treatment Resources Update"/>
        <step>
          <operation>
            <number value="11"/>
            <name value="Update treatment"/>
            <initiator value="VAULT"/>
            <receiver value="VAULT"/>
            <request>
              <resourceId value="7-treatment"/>
            </request>
          </operation>
        </step>
        <step>
          <operation>
            <number value="12"/>
            <name value="Update treatment Line"/>
            <initiator value="VAULT"/>
            <receiver value="VAULT"/>
            <request>
              <resourceId value="7-treatmentLine"/>
            </request>
          </operation>
        </step>
      </process>
    </step>
  </process>
</ExampleScenario>