{
  "resourceType": "MedicationDispense",
  "id": "example-5-of-medication-dispense",
  "meta": {
    "profile": [
      "http://hl7belgium.org/fhir/riziv-medicationrecord/StructureDefinition/MedRecordDispense"
    ]
  },
  "text": {
    "status": "extensions",
    "div": "<div xmlns=\"http://www.w3.org/1999/xhtml\"><p><b>Generated Narrative</b></p><p><b>Based On</b>: <span></span></p><p><b>status</b>: completed</p><p><b>medication</b>: <span title=\"Codes: {https://cnk.apb.be/codings/cnk_product_codes 3440260}\">Paracetabs compr. pellic. (séc.) Forte 30x 1g</span></p><p><b>subject</b>: <span></span></p><blockquote><p><b>performer</b></p><p><b>function</b>: <span title=\"Codes: \">dispenser</span></p><p><b>actor</b>: <span>Pharmacist</span></p></blockquote><blockquote><p><b>performer</b></p><p><b>function</b>: <span title=\"Codes: \">dispensingOrg</span></p><p><b>actor</b>: <span>Pharmacy X</span></p></blockquote><p><b>authorizingPrescription</b>: <span></span></p><p><b>quantity</b>: 1 Box</p><p><b>whenHandedOver</b>: Jul 19, 2021, 11:00:00 AM</p><h3>Substitutions</h3><table class=\"grid\"><tr><td>-</td><td><b>WasSubstituted</b></td><td><b>Reason</b></td></tr><tr><td>*</td><td>true</td><td><span title=\"Codes: {http://terminology.hl7.org/CodeSystem/v3-ActReason OS}\">Out of Stock</span></td></tr></table></div>"
  },
  "extension": [
    {
      "url": "http://hl7belgium.org/fhir/riziv-medicationrecord/StructureDefinition/treatmentPlan",
      "valueReference": {
        "identifier": {
          "system": "http://treatment-identifiers.com",
          "value": "0d462dac-513a-4fb0-a2fe-fb7f53b27c5d"
        }
      }
    }
  ],
  "status": "completed",
  "medicationCodeableConcept": {
    "coding": [
      {
        "system": "https://cnk.apb.be/codings/cnk_product_codes",
        "code": "3440260",
        "display": "Paracetabs compr. pellic. (séc.) Forte 30x 1g"
      }
    ]
  },
  "subject": {
    "identifier": {
      "system": "https://www.ehealth.fgov.be/standards/fhir/NamingSystem/ssin",
      "value": "64110219106"
    }
  },
  "performer": [
    {
      "function": {
        "coding": [
          {
            "code": "dispenser"
          }
        ]
      },
      "actor": {
        "identifier": {
          "system": "http://dispenser-identifiers.com",
          "value": "7c3aa173-3185-4001-a661-df36a7492798"
        },
        "display": "Pharmacist"
      }
    },
    {
      "function": {
        "coding": [
          {
            "code": "dispensingOrg"
          }
        ]
      },
      "actor": {
        "identifier": {
          "system": "http://dispenser-identifiers.com",
          "value": "5b2e9903-fba7-4ed3-aa76-52d386012ca0"
        },
        "display": "Pharmacy X"
      }
    }
  ],
  "authorizingPrescription": [
    {
      "identifier": {
        "system": "http://prescription-identifiers.com",
        "value": "69eb6358-6eb6-40e4-972f-33d22c3392c5"
      }
    }
  ],
  "quantity": {
    "value": 1,
    "unit": "Box",
    "system": "http://standardterms.edqm.eu/PAC",
    "code": "30009000"
  },
  "whenHandedOver": "2021-07-19T13:00:00+02:00",
  "substitution": {
    "wasSubstituted": true,
    "reason": [
      {
        "coding": [
          {
            "system": "http://terminology.hl7.org/CodeSystem/v3-ActReason",
            "code": "OS",
            "display": "Out of Stock"
          }
        ]
      }
    ]
  }
}