{
  "resourceType": "ExampleScenario",
  "id": "example-3-scenario",
  "text": {
    "status": "generated",
    "div": "<div xmlns=\"http://www.w3.org/1999/xhtml\"><p><b>Generated Narrative</b></p><p><b>url</b>: <code>https://www.hl7belgium.be/fhir/ExampleScenario/example-3-scenario</code></p><p><b>version</b>: 0.2.0</p><p><b>name</b>: ChangedmedicationDifferentVOSScenario</p><p><b>status</b>: draft</p><p><b>experimental</b>: false</p><p><b>date</b>: Sep 10, 2019, 11:00:00 PM</p><p><b>publisher</b>: HL7 Belgium</p><p><b>contact</b>: <a href=\"http://hl7belgium.org\">http://hl7belgium.org</a></p><p><b>jurisdiction</b>: <span title=\"Codes: {http://unstats.un.org/unsd/methods/m49/m49.htm 056}\">Belgium</span></p><blockquote><p><b>actor</b></p><p><b>actorId</b>: PATIENT</p><p><b>type</b>: person</p><p><b>name</b>: Pia Peters</p></blockquote><blockquote><p><b>actor</b></p><p><b>actorId</b>: GP</p><p><b>type</b>: person</p><p><b>name</b>: Dr. Durant</p></blockquote><blockquote><p><b>actor</b></p><p><b>actorId</b>: VAULT</p><p><b>type</b>: entity</p><p><b>name</b>: Vault</p></blockquote><blockquote><p><b>actor</b></p><p><b>actorId</b>: PHARM</p><p><b>type</b>: person</p><p><b>name</b>: Pharmacist</p></blockquote><blockquote><p><b>instance</b></p><p><b>resourceId</b>: 3-medication-dispense</p><p><b>resourceType</b>: MedicationDispense</p><p><b>name</b>: New dispense</p></blockquote><blockquote><p><b>instance</b></p><p><b>resourceId</b>: EB</p><p><b>resourceType</b>: Bundle</p><p><b>name</b>: Empty Bundle</p></blockquote><blockquote><p><b>instance</b></p><p><b>resourceId</b>: 3-medication-treatmentLine</p><p><b>resourceType</b>: MedicationStatement</p><p><b>name</b>: New Treatment Line</p></blockquote><blockquote><p><b>instance</b></p><p><b>resourceId</b>: 3-medication-treatment</p><p><b>resourceType</b>: CarePlan</p><p><b>name</b>: New Treatment</p></blockquote><blockquote><p><b>instance</b></p><p><b>resourceId</b>: 3-medication-presc</p><p><b>resourceType</b>: MedicationRequest</p><p><b>name</b>: New Prescription</p></blockquote><blockquote><p><b>process</b></p><p><b>title</b>: Change VOS from prescription on dispense</p><p><b>description</b>: description</p><p><b>preConditions</b>: The patient visits their GP and is prescribed paracetamol 1000 mg cp (TID) for headaches. In the pharmacy, the pharmacist understands the the patient has problems swallowing the pill itself, so it trades the 1000 mg strength, for 500 mg and indicates that the patient should take 2x500 mg every 8h and not 1x1000mg every 8 hours.</p><p><b>postConditions</b>: A new treatment and treatmentLine are created, inside the new treatment line, a prescription and dispense are contained and is possible to see which medication is associated with each</p><blockquote><p><b>step</b></p><h3>Operations</h3><table class=\"grid\"><tr><td>-</td><td><b>Number</b></td><td><b>Name</b></td><td><b>Initiator</b></td><td><b>Receiver</b></td></tr><tr><td>*</td><td>1</td><td>Goes to appointment</td><td>PATIENT</td><td>GP</td></tr></table></blockquote><blockquote><p><b>step</b></p><blockquote><p><b>operation</b></p><p><b>number</b>: 2</p><p><b>name</b>: Get Patient's Medication</p><p><b>initiator</b>: GP</p><p><b>receiver</b>: VAULT</p><h3>Responses</h3><table class=\"grid\"><tr><td>-</td><td><b>ResourceId</b></td></tr><tr><td>*</td><td>EB</td></tr></table></blockquote></blockquote><blockquote><p><b>step</b></p><blockquote><p><b>operation</b></p><p><b>number</b>: 3</p><p><b>name</b>: Create new prescription</p><p><b>initiator</b>: GP</p><p><b>receiver</b>: VAULT</p><h3>Requests</h3><table class=\"grid\"><tr><td>-</td><td><b>ResourceId</b></td></tr><tr><td>*</td><td>3-medication-presc</td></tr></table></blockquote></blockquote><blockquote><p><b>step</b></p><blockquote><p><b>operation</b></p><p><b>number</b>: 4</p><p><b>name</b>: Create new treatment</p><p><b>initiator</b>: VAULT</p><p><b>receiver</b>: VAULT</p><h3>Requests</h3><table class=\"grid\"><tr><td>-</td><td><b>ResourceId</b></td></tr><tr><td>*</td><td>3-medication-treatment</td></tr></table></blockquote></blockquote><blockquote><p><b>step</b></p><blockquote><p><b>operation</b></p><p><b>number</b>: 5</p><p><b>name</b>: Create new treatment Line</p><p><b>initiator</b>: VAULT</p><p><b>receiver</b>: VAULT</p><h3>Requests</h3><table class=\"grid\"><tr><td>-</td><td><b>ResourceId</b></td></tr><tr><td>*</td><td>3-medication-treatmentLine</td></tr></table></blockquote></blockquote><blockquote><p><b>step</b></p><blockquote><p><b>operation</b></p><p><b>number</b>: 6</p><p><b>name</b>: Get patient's Prescriptions</p><p><b>initiator</b>: PHARM</p><p><b>receiver</b>: VAULT</p><h3>Responses</h3><table class=\"grid\"><tr><td>-</td><td><b>ResourceId</b></td></tr><tr><td>*</td><td>EB</td></tr></table></blockquote></blockquote><blockquote><p><b>step</b></p><blockquote><p><b>operation</b></p><p><b>number</b>: 7</p><p><b>name</b>: Refuse one dispense</p><p><b>initiator</b>: PHARM</p><p><b>receiver</b>: VAULT</p><h3>Requests</h3><table class=\"grid\"><tr><td>-</td><td><b>ResourceId</b></td></tr><tr><td>*</td><td>3-medication-dispense</td></tr></table></blockquote></blockquote><blockquote><p><b>step</b></p><blockquote><p><b>operation</b></p><p><b>number</b>: 8</p><p><b>name</b>: Dispense new product</p><p><b>initiator</b>: PHARM</p><p><b>receiver</b>: VAULT</p><h3>Requests</h3><table class=\"grid\"><tr><td>-</td><td><b>ResourceId</b></td></tr><tr><td>*</td><td>3-2-medication-dispense</td></tr></table></blockquote></blockquote><blockquote><p><b>step</b></p><h3>Operations</h3><table class=\"grid\"><tr><td>-</td><td><b>Number</b></td><td><b>Name</b></td><td><b>Initiator</b></td><td><b>Receiver</b></td></tr><tr><td>*</td><td>9</td><td>Goes to appointment</td><td>PATIENT</td><td>GP</td></tr></table></blockquote><blockquote><p><b>step</b></p><blockquote><p><b>operation</b></p><p><b>number</b>: 10</p><p><b>name</b>: Get Patient's Medication</p><p><b>initiator</b>: GP</p><p><b>receiver</b>: VAULT</p><h3>Responses</h3><table class=\"grid\"><tr><td>-</td><td><b>ResourceId</b></td></tr><tr><td>*</td><td>EB</td></tr></table></blockquote></blockquote><blockquote><p><b>step</b></p><blockquote><p><b>operation</b></p><p><b>number</b>: 11</p><p><b>name</b>: Create new prescription</p><p><b>initiator</b>: GP</p><p><b>receiver</b>: VAULT</p><h3>Responses</h3><table class=\"grid\"><tr><td>-</td><td><b>ResourceId</b></td></tr><tr><td>*</td><td>3-2-medication-presc</td></tr></table></blockquote></blockquote></blockquote></div>"
  },
  "url": "https://www.hl7belgium.be/fhir/ExampleScenario/example-3-scenario",
  "version": "0.2.0",
  "name": "ChangedmedicationDifferentVOSScenario",
  "status": "draft",
  "experimental": false,
  "date": "2019-09-11T00:00:00.000+01:00",
  "publisher": "HL7 Belgium",
  "contact": [
    {
      "telecom": [
        {
          "system": "url",
          "value": "http://hl7belgium.org"
        }
      ]
    }
  ],
  "jurisdiction": [
    {
      "coding": [
        {
          "system": "http://unstats.un.org/unsd/methods/m49/m49.htm",
          "code": "056"
        }
      ],
      "text": "Belgium"
    }
  ],
  "actor": [
    {
      "actorId": "PATIENT",
      "type": "person",
      "name": "Pia Peters"
    },
    {
      "actorId": "GP",
      "type": "person",
      "name": "Dr. Durant"
    },
    {
      "actorId": "VAULT",
      "type": "entity",
      "name": "Vault"
    },
    {
      "actorId": "PHARM",
      "type": "person",
      "name": "Pharmacist"
    }
  ],
  "instance": [
    {
      "resourceId": "3-medication-dispense",
      "resourceType": "MedicationDispense",
      "name": "New dispense"
    },
    {
      "resourceId": "EB",
      "resourceType": "Bundle",
      "name": "Empty Bundle"
    },
    {
      "resourceId": "3-medication-treatmentLine",
      "resourceType": "MedicationStatement",
      "name": "New Treatment Line"
    },
    {
      "resourceId": "3-medication-treatment",
      "resourceType": "CarePlan",
      "name": "New Treatment"
    },
    {
      "resourceId": "3-medication-presc",
      "resourceType": "MedicationRequest",
      "name": "New Prescription"
    }
  ],
  "process": [
    {
      "title": "Change VOS from prescription on dispense",
      "description": "description",
      "preConditions": "The patient visits their GP and is prescribed paracetamol 1000 mg cp (TID) for headaches. In the pharmacy, the pharmacist understands the the patient has problems swallowing the pill itself, so it trades the 1000 mg strength, for 500 mg and indicates that the patient should take 2x500 mg every 8h and not 1x1000mg every 8 hours.",
      "postConditions": "A new treatment and treatmentLine are created, inside the new treatment line, a prescription and dispense are contained and is possible to see which medication is associated with each",
      "step": [
        {
          "operation": {
            "number": "1",
            "name": "Goes to appointment",
            "initiator": "PATIENT",
            "receiver": "GP"
          }
        },
        {
          "operation": {
            "number": "2",
            "name": "Get Patient's Medication",
            "initiator": "GP",
            "receiver": "VAULT",
            "response": {
              "resourceId": "EB"
            }
          }
        },
        {
          "operation": {
            "number": "3",
            "name": "Create new prescription",
            "initiator": "GP",
            "receiver": "VAULT",
            "request": {
              "resourceId": "3-medication-presc"
            }
          }
        },
        {
          "operation": {
            "number": "4",
            "name": "Create new treatment",
            "initiator": "VAULT",
            "receiver": "VAULT",
            "request": {
              "resourceId": "3-medication-treatment"
            }
          }
        },
        {
          "operation": {
            "number": "5",
            "name": "Create new treatment Line",
            "initiator": "VAULT",
            "receiver": "VAULT",
            "request": {
              "resourceId": "3-medication-treatmentLine"
            }
          }
        },
        {
          "operation": {
            "number": "6",
            "name": "Get patient's Prescriptions",
            "initiator": "PHARM",
            "receiver": "VAULT",
            "response": {
              "resourceId": "EB"
            }
          }
        },
        {
          "operation": {
            "number": "7",
            "name": "Refuse one dispense",
            "initiator": "PHARM",
            "receiver": "VAULT",
            "request": {
              "resourceId": "3-medication-dispense"
            }
          }
        },
        {
          "operation": {
            "number": "8",
            "name": "Dispense new product",
            "initiator": "PHARM",
            "receiver": "VAULT",
            "request": {
              "resourceId": "3-2-medication-dispense"
            }
          }
        },
        {
          "operation": {
            "number": "9",
            "name": "Goes to appointment",
            "initiator": "PATIENT",
            "receiver": "GP"
          }
        },
        {
          "operation": {
            "number": "10",
            "name": "Get Patient's Medication",
            "initiator": "GP",
            "receiver": "VAULT",
            "response": {
              "resourceId": "EB"
            }
          }
        },
        {
          "operation": {
            "number": "11",
            "name": "Create new prescription",
            "initiator": "GP",
            "receiver": "VAULT",
            "response": {
              "resourceId": "3-2-medication-presc"
            }
          }
        }
      ]
    }
  ]
}