{
  "resourceType": "MedicationDispense",
  "id": "example-7-of-medication-dispense",
  "meta": {
    "profile": [
      "https://www.hl7belgium.be/fhir/StructureDefinition/MedRecordDispense"
    ]
  },
  "text": {
    "status": "extensions",
    "div": "<div xmlns=\"http://www.w3.org/1999/xhtml\"><p><b>Generated Narrative</b></p><p><b>Based On</b>: <span></span></p><p><b>identifier</b>: id: f219aa4e-5d10-4f3d-840d-a15e0dff2957</p><p><b>status</b>: completed</p><p><b>medication</b>: <span title=\"Codes: {https://cnk.apb.be/codings/cnk_product_codes 1359611}\">Ciproxine compr. pellic. (séc.) 20x 500mg</span></p><p><b>subject</b>: <span></span></p><blockquote><p><b>performer</b></p><p><b>function</b>: <span title=\"Codes: \">dispenser</span></p><p><b>actor</b>: <span>Pharmacist</span></p></blockquote><blockquote><p><b>performer</b></p><p><b>function</b>: <span title=\"Codes: \">dispensingOrg</span></p><p><b>actor</b>: <span>Pharmacy X</span></p></blockquote><p><b>authorizingPrescription</b>: <span></span></p><p><b>quantity</b>: 1 Box</p><p><b>whenHandedOver</b>: May 19, 2021, 11:00:00 AM</p></div>"
  },
  "extension": [
    {
      "url": "http://hl7.org/fhir/StructureDefinition/event-basedOn",
      "valueReference": {
        "identifier": {
          "system": "http://treatment-identifiers.com",
          "value": "0d462dac-513a-4fb0-a2fe-fb7f53b27c5d"
        }
      }
    }
  ],
  "identifier": [
    {
      "system": "http://dispense-identifiers.com",
      "value": "f219aa4e-5d10-4f3d-840d-a15e0dff2957"
    }
  ],
  "status": "completed",
  "medicationCodeableConcept": {
    "coding": [
      {
        "system": "https://cnk.apb.be/codings/cnk_product_codes",
        "code": "1359611",
        "display": "Ciproxine compr. pellic. (séc.) 20x 500mg"
      }
    ]
  },
  "subject": {
    "identifier": {
      "system": "https://www.ehealth.fgov.be/standards/fhir/NamingSystem/ssin",
      "value": "64110219106"
    }
  },
  "performer": [
    {
      "function": {
        "coding": [
          {
            "code": "dispenser"
          }
        ]
      },
      "actor": {
        "identifier": {
          "system": "http://dispenser-identifiers.com",
          "value": "7c3aa173-3185-4001-a661-df36a7492798"
        },
        "display": "Pharmacist"
      }
    },
    {
      "function": {
        "coding": [
          {
            "code": "dispensingOrg"
          }
        ]
      },
      "actor": {
        "identifier": {
          "system": "http://dispenser-identifiers.com",
          "value": "5b2e9903-fba7-4ed3-aa76-52d386012ca0"
        },
        "display": "Pharmacy X"
      }
    }
  ],
  "authorizingPrescription": [
    {
      "identifier": {
        "system": "http://prescription-identifiers.com",
        "value": "69eb6358-6eb6-40e4-972f-33d22c3392c5"
      }
    }
  ],
  "quantity": {
    "value": 1,
    "unit": "Box",
    "system": "http://standardterms.edqm.eu/PAC",
    "code": "30009000"
  },
  "whenHandedOver": "2021-05-19T13:00:00+02:00"
}