{
  "resourceType": "MedicationRequest",
  "id": "3-2-medication-presc",
  "meta": {
    "profile": [
      "https://www.hl7belgium.be/fhir/StructureDefinition/MedRecordOrder"
    ]
  },
  "text": {
    "status": "extensions",
    "div": "<div xmlns=\"http://www.w3.org/1999/xhtml\"><p><b>Generated Narrative</b></p><p><b>Based On</b>: <span></span></p><p><b>identifier</b>: id: 69eb6358-6eb6-40e4-972f-33d22c3392c5</p><p><b>status</b>: active</p><p><b>intent</b>: order</p><p><b>medication</b>: <span title=\"Codes: {https://vos-identifier.be/vos_product_codes 24646}\">pantoprazole oral 20 mg</span></p><p><b>subject</b>: <span></span></p><p><b>encounter</b>: <span></span></p><p><b>authoredOn</b>: Jul 19, 2021, 7:00:00 AM</p><p><b>requester</b>: <span>GP</span></p></div>"
  },
  "extension": [
    {
      "url": "http://hl7.org/fhir/StructureDefinition/event-basedOn",
      "valueReference": {
        "identifier": {
          "system": "http://treatment-identifiers.com",
          "value": "0d462dac-513a-4fb0-a2fe-fb7f53b27c5d"
        }
      }
    }
  ],
  "identifier": [
    {
      "system": "http://prescription-identifiers.com",
      "value": "69eb6358-6eb6-40e4-972f-33d22c3392c5"
    }
  ],
  "status": "active",
  "intent": "order",
  "medicationCodeableConcept": {
    "coding": [
      {
        "system": "https://vos-identifier.be/vos_product_codes",
        "code": "24646",
        "display": "pantoprazole oral 20 mg"
      }
    ]
  },
  "subject": {
    "identifier": {
      "system": "https://www.ehealth.fgov.be/standards/fhir/NamingSystem/ssin",
      "value": "64110219106"
    }
  },
  "encounter": {
    "identifier": {
      "system": "http://encounter-identifiers.com",
      "value": "0cf5dc52-28dc-43ce-96d2-3a757526c739"
    }
  },
  "authoredOn": "2021-07-19T09:00:00+02:00",
  "requester": {
    "identifier": {
      "system": "http://physician-identifiers.com",
      "value": "7c121778-5b2b-442d-9314-0a73995ab3dd"
    },
    "display": "GP"
  }
}