{
  "resourceType": "MedicationRequest",
  "id": "example-15-of-medication-presc2",
  "meta": {
    "profile": [
      "https://www.hl7belgium.be/fhir/StructureDefinition/MedRecordOrder"
    ]
  },
  "text": {
    "status": "extensions",
    "div": "<div xmlns=\"http://www.w3.org/1999/xhtml\"><p><b>Generated Narrative</b></p><p><b>Based On</b>: <span></span></p><p><b>RelatedTreatmentLine</b>: <a href=\"MedicationStatement-example-15-of-medication-treatmentLine2.html\">Generated Summary: id: 581998d0-8630-4ec0-8233-1cf5807fca41; status: active; <span title=\"Codes: {https://cnk.apb.be/codings/cnk_product_codes 00}\">Aspirine 500 mg (36 effervescent tablets)</span></a></p><p><b>identifier</b>: id: f1ef61db-472f-4f84-a6fa-9914f43525b1</p><p><b>status</b>: active</p><p><b>intent</b>: order</p><p><b>medication</b>: <span title=\"Codes: {https://cnk.apb.be/codings/cnk_product_codes 00}\">Aspirine 500 mg (36 effervescent tablets)</span></p><p><b>subject</b>: <span></span></p><p><b>encounter</b>: <span></span></p><p><b>authoredOn</b>: Aug 1, 2021, 7:00:00 AM</p><p><b>requester</b>: <span>GP2</span></p></div>"
  },
  "extension": [
    {
      "url": "http://hl7.org/fhir/StructureDefinition/event-basedOn",
      "valueReference": {
        "identifier": {
          "system": "http://treatment-identifiers.com",
          "value": "0d462dac-513a-4fb0-a2fe-fb7f53b27c5d"
        }
      }
    },
    {
      "url": "https://www.hl7belgium.be/fhir/StructureDefinition/related-tl",
      "valueReference": {
        "reference": "MedicationStatement/example-15-of-medication-treatmentLine2"
      }
    }
  ],
  "identifier": [
    {
      "system": "http://prescription-identifiers.com",
      "value": "f1ef61db-472f-4f84-a6fa-9914f43525b1"
    }
  ],
  "status": "active",
  "intent": "order",
  "medicationCodeableConcept": {
    "coding": [
      {
        "system": "https://cnk.apb.be/codings/cnk_product_codes",
        "code": "00",
        "display": "Aspirine 500 mg (36 effervescent tablets)"
      }
    ]
  },
  "subject": {
    "identifier": {
      "system": "https://www.ehealth.fgov.be/standards/fhir/NamingSystem/ssin",
      "value": "64110219106"
    }
  },
  "encounter": {
    "identifier": {
      "system": "http://encounter-identifiers.com",
      "value": "7b0febb8-4117-4019-9f7f-bb920912548e"
    }
  },
  "authoredOn": "2021-08-01T09:00:00+02:00",
  "requester": {
    "identifier": {
      "system": "http://physician-identifiers.com",
      "value": "db0f310a-e2fe-4aca-93cc-c3fd41dc272a"
    },
    "display": "GP2"
  },
  "dosageInstruction": [
    {
      "timing": {
        "repeat": {
          "frequency": 1,
          "period": 1,
          "periodUnit": "d",
          "when": [
            "MORN"
          ]
        }
      },
      "route": {
        "coding": [
          {
            "system": "http://snomed.info/sct",
            "code": "26643006",
            "display": "Oral Route"
          }
        ]
      },
      "doseAndRate": [
        {
          "doseQuantity": {
            "value": 1,
            "unit": "TAB",
            "system": "http://terminology.hl7.org/CodeSystem/v3-orderableDrugForm",
            "code": "TAB"
          }
        }
      ]
    }
  ]
}