<?xml version="1.0" encoding="UTF-8"?><StructureDefinition xmlns="http://hl7.org/fhir"><id value="BeModelMedicationScheduledAdministration"/><text><status value="extensions"/><div xmlns="http://www.w3.org/1999/xhtml"><table border="0" cellpadding="0" cellspacing="0" style="border: 0px #F0F0F0 solid; font-size: 11px; font-family: verdana; vertical-align: top;"><tr style="border: 1px #F0F0F0 solid; font-size: 11px; font-family: verdana; vertical-align: top"><th style="vertical-align: top; text-align : left; background-color: white; border: 0px #F0F0F0 solid; padding:0px 4px 0px 4px" class="hierarchy"><a href="http://hl7.org/fhir/R4/formats.html#table" title="The logical name of the element">Name</a></th><th style="vertical-align: top; text-align : left; background-color: white; border: 0px #F0F0F0 solid; padding:0px 4px 0px 4px" class="hierarchy"><a href="http://hl7.org/fhir/R4/formats.html#table" title="Information about the use of the element">Flags</a></th><th style="vertical-align: top; text-align : left; background-color: white; border: 0px #F0F0F0 solid; padding:0px 4px 0px 4px" class="hierarchy"><a href="http://hl7.org/fhir/R4/formats.html#table" title="Minimum and Maximum # of times the the element can appear in the instance">Card.</a></th><th style="width: 100px" class="hierarchy"><a href="http://hl7.org/fhir/R4/formats.html#table" title="Reference to the type of the element">Type</a></th><th style="vertical-align: top; text-align : left; background-color: white; border: 0px #F0F0F0 solid; padding:0px 4px 0px 4px" class="hierarchy"><a href="http://hl7.org/fhir/R4/formats.html#table" title="Additional information about the element">Description &amp; Constraints</a><span style="float: right"><a href="http://hl7.org/fhir/R4/formats.html#table" title="Legend for this format"><img src="http://hl7.org/fhir/R4/help16.png" alt="doco" style="background-color: inherit"/></a></span></th></tr><tr style="border: 0px #F0F0F0 solid; padding:0px; vertical-align: top; background-color: white"><td style="vertical-align: top; text-align : left; background-color: white; border: 0px #F0F0F0 solid; padding:0px 4px 0px 4px; white-space: nowrap; background-image: url(tbl_bck1.png)" class="hierarchy"><img src="tbl_spacer.png" alt="." style="background-color: inherit" class="hierarchy"/><img src="icon_element.gif" alt="." style="background-color: white; background-color: inherit" title="Element" class="hierarchy"/> <a href="StructureDefinition-BeModelMedicationScheduledAdministration-definitions.html#BeModelMedicationScheduledAdministration" title="A model for a record of a single planned administration event.">BeModelMedicationScheduledAdministration</a><a name="BeModelMedicationScheduledAdministration"> </a></td><td style="vertical-align: top; text-align : left; background-color: white; border: 0px #F0F0F0 solid; padding:0px 4px 0px 4px" class="hierarchy"/><td style="vertical-align: top; text-align : left; background-color: white; border: 0px #F0F0F0 solid; padding:0px 4px 0px 4px" class="hierarchy"><span style="opacity: 0.5">0</span><span style="opacity: 0.5">..</span><span style="opacity: 0.5">*</span></td><td style="vertical-align: top; text-align : left; background-color: white; border: 0px #F0F0F0 solid; padding:0px 4px 0px 4px" class="hierarchy"/><td style="vertical-align: top; text-align : left; background-color: white; border: 0px #F0F0F0 solid; padding:0px 4px 0px 4px" class="hierarchy">[Logical Model] - Scheduled Administration</td></tr>
<tr style="border: 0px #F0F0F0 solid; padding:0px; vertical-align: top; background-color: #F7F7F7"><td style="vertical-align: top; text-align : left; background-color: #F7F7F7; border: 0px #F0F0F0 solid; padding:0px 4px 0px 4px; white-space: nowrap; background-image: url(tbl_bck10.png)" class="hierarchy"><img src="tbl_spacer.png" alt="." style="background-color: inherit" class="hierarchy"/><img src="tbl_vjoin.png" alt="." style="background-color: inherit" class="hierarchy"/><img src="icon_datatype.gif" alt="." style="background-color: #F7F7F7; background-color: inherit" title="Data Type" class="hierarchy"/> <a href="StructureDefinition-BeModelMedicationScheduledAdministration-definitions.html#BeModelMedicationScheduledAdministration.identifier" title="The business identifier(s) for the medication scheduled administration">identifier</a><a name="BeModelMedicationScheduledAdministration.identifier"> </a></td><td style="vertical-align: top; text-align : left; background-color: #F7F7F7; border: 0px #F0F0F0 solid; padding:0px 4px 0px 4px" class="hierarchy"/><td style="vertical-align: top; text-align : left; background-color: #F7F7F7; border: 0px #F0F0F0 solid; padding:0px 4px 0px 4px" class="hierarchy">0..1</td><td style="vertical-align: top; text-align : left; background-color: #F7F7F7; border: 0px #F0F0F0 solid; padding:0px 4px 0px 4px" class="hierarchy"><a href="http://hl7.org/fhir/R4/datatypes.html#Identifier">Identifier</a></td><td style="vertical-align: top; text-align : left; background-color: #F7F7F7; border: 0px #F0F0F0 solid; padding:0px 4px 0px 4px" class="hierarchy">The business identifier(s) for the medication scheduled administration</td></tr>
<tr style="border: 0px #F0F0F0 solid; padding:0px; vertical-align: top; background-color: white"><td style="vertical-align: top; text-align : left; background-color: white; border: 0px #F0F0F0 solid; padding:0px 4px 0px 4px; white-space: nowrap; background-image: url(tbl_bck10.png)" class="hierarchy"><img src="tbl_spacer.png" alt="." style="background-color: inherit" class="hierarchy"/><img src="tbl_vjoin.png" alt="." style="background-color: inherit" class="hierarchy"/><img src="icon_reference.png" alt="." style="background-color: white; background-color: inherit" title="Reference to another Resource" class="hierarchy"/> <a href="StructureDefinition-BeModelMedicationScheduledAdministration-definitions.html#BeModelMedicationScheduledAdministration.patient" title="The person for which the product is prescribed.">patient</a><a name="BeModelMedicationScheduledAdministration.patient"> </a></td><td style="vertical-align: top; text-align : left; background-color: white; border: 0px #F0F0F0 solid; padding:0px 4px 0px 4px" class="hierarchy"/><td style="vertical-align: top; text-align : left; background-color: white; border: 0px #F0F0F0 solid; padding:0px 4px 0px 4px" class="hierarchy">1..1</td><td style="vertical-align: top; text-align : left; background-color: white; border: 0px #F0F0F0 solid; padding:0px 4px 0px 4px" class="hierarchy"><a href="http://hl7.org/fhir/R4/references.html">Reference</a>(<a href="http://hl7.org/fhir/R4/patient.html">Patient</a>)</td><td style="vertical-align: top; text-align : left; background-color: white; border: 0px #F0F0F0 solid; padding:0px 4px 0px 4px" class="hierarchy">The person for which the product is prescribed.</td></tr>
<tr style="border: 0px #F0F0F0 solid; padding:0px; vertical-align: top; background-color: #F7F7F7"><td style="vertical-align: top; text-align : left; background-color: #F7F7F7; border: 0px #F0F0F0 solid; padding:0px 4px 0px 4px; white-space: nowrap; background-image: url(tbl_bck10.png)" class="hierarchy"><img src="tbl_spacer.png" alt="." style="background-color: inherit" class="hierarchy"/><img src="tbl_vjoin.png" alt="." style="background-color: inherit" class="hierarchy"/><img src="icon_primitive.png" alt="." style="background-color: #F7F7F7; background-color: inherit" title="Primitive Data Type" class="hierarchy"/> <a href="StructureDefinition-BeModelMedicationScheduledAdministration-definitions.html#BeModelMedicationScheduledAdministration.status" title="status of the medication scheduled administration">status</a><a name="BeModelMedicationScheduledAdministration.status"> </a></td><td style="vertical-align: top; text-align : left; background-color: #F7F7F7; border: 0px #F0F0F0 solid; padding:0px 4px 0px 4px" class="hierarchy"/><td style="vertical-align: top; text-align : left; background-color: #F7F7F7; border: 0px #F0F0F0 solid; padding:0px 4px 0px 4px" class="hierarchy">1..1</td><td style="vertical-align: top; text-align : left; background-color: #F7F7F7; border: 0px #F0F0F0 solid; padding:0px 4px 0px 4px" class="hierarchy"><a href="http://hl7.org/fhir/R4/datatypes.html#code">code</a></td><td style="vertical-align: top; text-align : left; background-color: #F7F7F7; border: 0px #F0F0F0 solid; padding:0px 4px 0px 4px" class="hierarchy">Status of the medication scheduled administration</td></tr>
<tr style="border: 0px #F0F0F0 solid; padding:0px; vertical-align: top; background-color: white"><td style="vertical-align: top; text-align : left; background-color: white; border: 0px #F0F0F0 solid; padding:0px 4px 0px 4px; white-space: nowrap; background-image: url(tbl_bck10.png)" class="hierarchy"><img src="tbl_spacer.png" alt="." style="background-color: inherit" class="hierarchy"/><img src="tbl_vjoin.png" alt="." style="background-color: inherit" class="hierarchy"/><img src="icon_datatype.gif" alt="." style="background-color: white; background-color: inherit" title="Data Type" class="hierarchy"/> <a href="StructureDefinition-BeModelMedicationScheduledAdministration-definitions.html#BeModelMedicationScheduledAdministration.statusReason" title="Reason for current status">statusReason</a><a name="BeModelMedicationScheduledAdministration.statusReason"> </a></td><td style="vertical-align: top; text-align : left; background-color: white; border: 0px #F0F0F0 solid; padding:0px 4px 0px 4px" class="hierarchy"/><td style="vertical-align: top; text-align : left; background-color: white; border: 0px #F0F0F0 solid; padding:0px 4px 0px 4px" class="hierarchy">0..*</td><td style="vertical-align: top; text-align : left; background-color: white; border: 0px #F0F0F0 solid; padding:0px 4px 0px 4px" class="hierarchy"><a href="http://hl7.org/fhir/R4/datatypes.html#CodeableConcept">CodeableConcept</a></td><td style="vertical-align: top; text-align : left; background-color: white; border: 0px #F0F0F0 solid; padding:0px 4px 0px 4px" class="hierarchy">Reason for current status<br/></td></tr>
<tr style="border: 0px #F0F0F0 solid; padding:0px; vertical-align: top; background-color: #F7F7F7"><td style="vertical-align: top; text-align : left; background-color: #F7F7F7; border: 0px #F0F0F0 solid; padding:0px 4px 0px 4px; white-space: nowrap; background-image: url(tbl_bck11.png)" class="hierarchy"><img src="tbl_spacer.png" alt="." style="background-color: inherit" class="hierarchy"/><img src="tbl_vjoin.png" alt="." style="background-color: inherit" class="hierarchy"/><img src="icon_choice.gif" alt="." style="background-color: #F7F7F7; background-color: inherit" title="Choice of Types" class="hierarchy"/> <a href="StructureDefinition-BeModelMedicationScheduledAdministration-definitions.html#BeModelMedicationScheduledAdministration.product[x]" title="Product to be consumed">product[x]</a><a name="BeModelMedicationScheduledAdministration.product_x_"> </a></td><td style="vertical-align: top; text-align : left; background-color: #F7F7F7; border: 0px #F0F0F0 solid; padding:0px 4px 0px 4px" class="hierarchy"/><td style="vertical-align: top; text-align : left; background-color: #F7F7F7; border: 0px #F0F0F0 solid; padding:0px 4px 0px 4px" class="hierarchy">1..1</td><td style="vertical-align: top; text-align : left; background-color: #F7F7F7; border: 0px #F0F0F0 solid; padding:0px 4px 0px 4px" class="hierarchy"/><td style="vertical-align: top; text-align : left; background-color: #F7F7F7; border: 0px #F0F0F0 solid; padding:0px 4px 0px 4px" class="hierarchy">Product to be consumed</td></tr>
<tr style="border: 0px #F0F0F0 solid; padding:0px; vertical-align: top; background-color: white"><td style="vertical-align: top; text-align : left; background-color: white; border: 0px #F0F0F0 solid; padding:0px 4px 0px 4px; white-space: nowrap; background-image: url(tbl_bck110.png)" class="hierarchy"><img src="tbl_spacer.png" alt="." style="background-color: inherit" class="hierarchy"/><img src="tbl_vline.png" alt="." style="background-color: inherit" class="hierarchy"/><img src="tbl_vjoin.png" alt="." style="background-color: inherit" class="hierarchy"/><img src="icon_datatype.gif" alt="." style="background-color: white; background-color: inherit" title="Data Type" class="hierarchy"/> <span title="Base StructureDefinition for CodeableConcept Type: A concept that may be defined by a formal reference to a terminology or ontology or may be provided by text.">productCodeableConcept</span></td><td style="vertical-align: top; text-align : left; background-color: white; border: 0px #F0F0F0 solid; padding:0px 4px 0px 4px" class="hierarchy"/><td style="vertical-align: top; text-align : left; background-color: white; border: 0px #F0F0F0 solid; padding:0px 4px 0px 4px" class="hierarchy"></td><td style="vertical-align: top; text-align : left; background-color: white; border: 0px #F0F0F0 solid; padding:0px 4px 0px 4px" class="hierarchy"><a href="http://hl7.org/fhir/R4/datatypes.html#CodeableConcept">CodeableConcept</a></td><td style="vertical-align: top; text-align : left; background-color: white; border: 0px #F0F0F0 solid; padding:0px 4px 0px 4px" class="hierarchy"/></tr>
<tr style="border: 0px #F0F0F0 solid; padding:0px; vertical-align: top; background-color: #F7F7F7"><td style="vertical-align: top; text-align : left; background-color: #F7F7F7; border: 0px #F0F0F0 solid; padding:0px 4px 0px 4px; white-space: nowrap; background-image: url(tbl_bck100.png)" class="hierarchy"><img src="tbl_spacer.png" alt="." style="background-color: inherit" class="hierarchy"/><img src="tbl_vline.png" alt="." style="background-color: inherit" class="hierarchy"/><img src="tbl_vjoin_end.png" alt="." style="background-color: inherit" class="hierarchy"/><img src="icon_reference.png" alt="." style="background-color: #F7F7F7; background-color: inherit" title="Reference to another Resource" class="hierarchy"/> productReference</td><td style="vertical-align: top; text-align : left; background-color: #F7F7F7; border: 0px #F0F0F0 solid; padding:0px 4px 0px 4px" class="hierarchy"/><td style="vertical-align: top; text-align : left; background-color: #F7F7F7; border: 0px #F0F0F0 solid; padding:0px 4px 0px 4px" class="hierarchy"></td><td style="vertical-align: top; text-align : left; background-color: #F7F7F7; border: 0px #F0F0F0 solid; padding:0px 4px 0px 4px" class="hierarchy"><a href="http://hl7.org/fhir/R4/references.html#Reference">Reference</a>(<a href="http://hl7.org/fhir/R4/medication.html">Medication</a>)</td><td style="vertical-align: top; text-align : left; background-color: #F7F7F7; border: 0px #F0F0F0 solid; padding:0px 4px 0px 4px" class="hierarchy"/></tr>
<tr style="border: 0px #F0F0F0 solid; padding:0px; vertical-align: top; background-color: white"><td style="vertical-align: top; text-align : left; background-color: white; border: 0px #F0F0F0 solid; padding:0px 4px 0px 4px; white-space: nowrap; background-image: url(tbl_bck10.png)" class="hierarchy"><img src="tbl_spacer.png" alt="." style="background-color: inherit" class="hierarchy"/><img src="tbl_vjoin.png" alt="." style="background-color: inherit" class="hierarchy"/><img src="icon_reference.png" alt="." style="background-color: white; background-color: inherit" title="Reference to another Resource" class="hierarchy"/> <a href="StructureDefinition-BeModelMedicationScheduledAdministration-definitions.html#BeModelMedicationScheduledAdministration.encounter" title="Encounter in which the schedule was created">encounter</a><a name="BeModelMedicationScheduledAdministration.encounter"> </a></td><td style="vertical-align: top; text-align : left; background-color: white; border: 0px #F0F0F0 solid; padding:0px 4px 0px 4px" class="hierarchy"/><td style="vertical-align: top; text-align : left; background-color: white; border: 0px #F0F0F0 solid; padding:0px 4px 0px 4px" class="hierarchy">0..1</td><td style="vertical-align: top; text-align : left; background-color: white; border: 0px #F0F0F0 solid; padding:0px 4px 0px 4px" class="hierarchy"><a href="http://hl7.org/fhir/R4/references.html">Reference</a>(<a href="http://hl7.org/fhir/R4/encounter.html">Encounter</a>)</td><td style="vertical-align: top; text-align : left; background-color: white; border: 0px #F0F0F0 solid; padding:0px 4px 0px 4px" class="hierarchy">Encounter in which the schedule was created</td></tr>
<tr style="border: 0px #F0F0F0 solid; padding:0px; vertical-align: top; background-color: #F7F7F7"><td style="vertical-align: top; text-align : left; background-color: #F7F7F7; border: 0px #F0F0F0 solid; padding:0px 4px 0px 4px; white-space: nowrap; background-image: url(tbl_bck10.png)" class="hierarchy"><img src="tbl_spacer.png" alt="." style="background-color: inherit" class="hierarchy"/><img src="tbl_vjoin.png" alt="." style="background-color: inherit" class="hierarchy"/><img src="icon_reference.png" alt="." style="background-color: #F7F7F7; background-color: inherit" title="Reference to another Resource" class="hierarchy"/> <a href="StructureDefinition-BeModelMedicationScheduledAdministration-definitions.html#BeModelMedicationScheduledAdministration.reason" title="Reason or indication for ordering">reason</a><a name="BeModelMedicationScheduledAdministration.reason"> </a></td><td style="vertical-align: top; text-align : left; background-color: #F7F7F7; border: 0px #F0F0F0 solid; padding:0px 4px 0px 4px" class="hierarchy"/><td style="vertical-align: top; text-align : left; background-color: #F7F7F7; border: 0px #F0F0F0 solid; padding:0px 4px 0px 4px" class="hierarchy">0..*</td><td style="vertical-align: top; text-align : left; background-color: #F7F7F7; border: 0px #F0F0F0 solid; padding:0px 4px 0px 4px" class="hierarchy"><a href="http://hl7.org/fhir/R4/references.html">Reference</a>(<a href="http://hl7.org/fhir/R4/condition.html">Condition</a> | <a href="http://hl7.org/fhir/R4/observation.html">Observation</a>)</td><td style="vertical-align: top; text-align : left; background-color: #F7F7F7; border: 0px #F0F0F0 solid; padding:0px 4px 0px 4px" class="hierarchy">Reason or indication for ordering<br/></td></tr>
<tr style="border: 0px #F0F0F0 solid; padding:0px; vertical-align: top; background-color: white"><td style="vertical-align: top; text-align : left; background-color: white; border: 0px #F0F0F0 solid; padding:0px 4px 0px 4px; white-space: nowrap; background-image: url(tbl_bck10.png)" class="hierarchy"><img src="tbl_spacer.png" alt="." style="background-color: inherit" class="hierarchy"/><img src="tbl_vjoin.png" alt="." style="background-color: inherit" class="hierarchy"/><img src="icon_datatype.gif" alt="." style="background-color: white; background-color: inherit" title="Data Type" class="hierarchy"/> <a href="StructureDefinition-BeModelMedicationScheduledAdministration-definitions.html#BeModelMedicationScheduledAdministration.groupIdentifier" title="Composite request this is part of">groupIdentifier</a><a name="BeModelMedicationScheduledAdministration.groupIdentifier"> </a></td><td style="vertical-align: top; text-align : left; background-color: white; border: 0px #F0F0F0 solid; padding:0px 4px 0px 4px" class="hierarchy"/><td style="vertical-align: top; text-align : left; background-color: white; border: 0px #F0F0F0 solid; padding:0px 4px 0px 4px" class="hierarchy">0..1</td><td style="vertical-align: top; text-align : left; background-color: white; border: 0px #F0F0F0 solid; padding:0px 4px 0px 4px" class="hierarchy"><a href="http://hl7.org/fhir/R4/datatypes.html#Identifier">Identifier</a></td><td style="vertical-align: top; text-align : left; background-color: white; border: 0px #F0F0F0 solid; padding:0px 4px 0px 4px" class="hierarchy">Composite request this is part of</td></tr>
<tr style="border: 0px #F0F0F0 solid; padding:0px; vertical-align: top; background-color: #F7F7F7"><td style="vertical-align: top; text-align : left; background-color: #F7F7F7; border: 0px #F0F0F0 solid; padding:0px 4px 0px 4px; white-space: nowrap; background-image: url(tbl_bck10.png)" class="hierarchy"><img src="tbl_spacer.png" alt="." style="background-color: inherit" class="hierarchy"/><img src="tbl_vjoin.png" alt="." style="background-color: inherit" class="hierarchy"/><img src="icon_datatype.gif" alt="." style="background-color: #F7F7F7; background-color: inherit" title="Data Type" class="hierarchy"/> <a href="StructureDefinition-BeModelMedicationScheduledAdministration-definitions.html#BeModelMedicationScheduledAdministration.dosageInstruction" title="How the product should be consumed">dosageInstruction</a><a name="BeModelMedicationScheduledAdministration.dosageInstruction"> </a></td><td style="vertical-align: top; text-align : left; background-color: #F7F7F7; border: 0px #F0F0F0 solid; padding:0px 4px 0px 4px" class="hierarchy"/><td style="vertical-align: top; text-align : left; background-color: #F7F7F7; border: 0px #F0F0F0 solid; padding:0px 4px 0px 4px" class="hierarchy">0..*</td><td style="vertical-align: top; text-align : left; background-color: #F7F7F7; border: 0px #F0F0F0 solid; padding:0px 4px 0px 4px" class="hierarchy"><a href="http://hl7.org/fhir/R4/datatypes.html#Dosage">Dosage</a></td><td style="vertical-align: top; text-align : left; background-color: #F7F7F7; border: 0px #F0F0F0 solid; padding:0px 4px 0px 4px" class="hierarchy">How the product should be consumed<br/></td></tr>
<tr style="border: 0px #F0F0F0 solid; padding:0px; vertical-align: top; background-color: white"><td style="vertical-align: top; text-align : left; background-color: white; border: 0px #F0F0F0 solid; padding:0px 4px 0px 4px; white-space: nowrap; background-image: url(tbl_bck10.png)" class="hierarchy"><img src="tbl_spacer.png" alt="." style="background-color: inherit" class="hierarchy"/><img src="tbl_vjoin.png" alt="." style="background-color: inherit" class="hierarchy"/><img src="icon_datatype.gif" alt="." style="background-color: white; background-color: inherit" title="Data Type" class="hierarchy"/> <a href="StructureDefinition-BeModelMedicationScheduledAdministration-definitions.html#BeModelMedicationScheduledAdministration.note" title="Additional Information about the scheduled administration">note</a><a name="BeModelMedicationScheduledAdministration.note"> </a></td><td style="vertical-align: top; text-align : left; background-color: white; border: 0px #F0F0F0 solid; padding:0px 4px 0px 4px" class="hierarchy"/><td style="vertical-align: top; text-align : left; background-color: white; border: 0px #F0F0F0 solid; padding:0px 4px 0px 4px" class="hierarchy">0..*</td><td style="vertical-align: top; text-align : left; background-color: white; border: 0px #F0F0F0 solid; padding:0px 4px 0px 4px" class="hierarchy"><a href="http://hl7.org/fhir/R4/datatypes.html#Annotation">Annotation</a></td><td style="vertical-align: top; text-align : left; background-color: white; border: 0px #F0F0F0 solid; padding:0px 4px 0px 4px" class="hierarchy">Additional Information about the scheduled administration<br/></td></tr>
<tr style="border: 0px #F0F0F0 solid; padding:0px; vertical-align: top; background-color: #F7F7F7"><td style="vertical-align: top; text-align : left; background-color: #F7F7F7; border: 0px #F0F0F0 solid; padding:0px 4px 0px 4px; white-space: nowrap; background-image: url(tbl_bck00.png)" class="hierarchy"><img src="tbl_spacer.png" alt="." style="background-color: inherit" class="hierarchy"/><img src="tbl_vjoin_end.png" alt="." style="background-color: inherit" class="hierarchy"/><img src="icon_reference.png" alt="." style="background-color: #F7F7F7; background-color: inherit" title="Reference to another Resource" class="hierarchy"/> <a href="StructureDefinition-BeModelMedicationScheduledAdministration-definitions.html#BeModelMedicationScheduledAdministration.treatmentPlan" title="Link to the &#39;parent&#39; treatment - i.e the treatment that this order is derived from, or contriburing to">treatmentPlan</a><a name="BeModelMedicationScheduledAdministration.treatmentPlan"> </a></td><td style="vertical-align: top; text-align : left; background-color: #F7F7F7; border: 0px #F0F0F0 solid; padding:0px 4px 0px 4px" class="hierarchy"/><td style="vertical-align: top; text-align : left; background-color: #F7F7F7; border: 0px #F0F0F0 solid; padding:0px 4px 0px 4px" class="hierarchy">0..1</td><td style="vertical-align: top; text-align : left; background-color: #F7F7F7; border: 0px #F0F0F0 solid; padding:0px 4px 0px 4px" class="hierarchy"><a href="http://hl7.org/fhir/R4/references.html">Reference</a>()</td><td style="vertical-align: top; text-align : left; background-color: #F7F7F7; border: 0px #F0F0F0 solid; padding:0px 4px 0px 4px" class="hierarchy">Link to the &#39;parent&#39; treatment - i.e the treatment that this order is derived from, or contriburing to</td></tr>
<tr><td colspan="5" class="hierarchy"><br/><a href="http://hl7.org/fhir/R4/formats.html#table" title="Legend for this format"><img src="http://hl7.org/fhir/R4/help16.png" alt="doco" style="background-color: inherit"/> Documentation for this format</a></td></tr></table></div></text><url value="https://www.hl7belgium.be/fhir/StructureDefinition/BeModelMedicationScheduledAdministration"/><version value="0.2.0"/><name value="BeModelMedicationScheduledAdministration"/><title value="[Logical Model] - Scheduled Administration"/><status value="active"/><date value="2021-08-17T14:42:39+00:00"/><publisher value="HL7 Belgium"/><contact><telecom><system value="url"/><value value="http://hl7belgium.org"/></telecom></contact><description value="A model for a record of a single planned administration event."/><jurisdiction><coding><system value="http://unstats.un.org/unsd/methods/m49/m49.htm"/><code value="056"/></coding><text value="Belgium"/></jurisdiction><fhirVersion value="4.0.1"/><mapping><identity value="rim"/><uri value="http://hl7.org/v3"/><name value="RIM Mapping"/></mapping><kind value="logical"/><abstract value="false"/><type value="https://www.hl7belgium.be/fhir/StructureDefinition/BeModelMedicationScheduledAdministration"/><baseDefinition value="http://hl7.org/fhir/StructureDefinition/Base"/><derivation value="specialization"/><snapshot><element id="BeModelMedicationScheduledAdministration"><path value="BeModelMedicationScheduledAdministration"/><short value="[Logical Model] - Scheduled Administration"/><definition value="A model for a record of a single planned administration event."/><min value="0"/><max value="*"/><base><path value="Base"/><min value="0"/><max value="*"/></base><isModifier value="false"/></element><element id="BeModelMedicationScheduledAdministration.identifier"><path value="BeModelMedicationScheduledAdministration.identifier"/><short value="The business identifier(s) for the medication scheduled administration"/><definition value="The business identifier(s) for the medication scheduled administration"/><min value="0"/><max value="1"/><base><path value="BeModelMedicationScheduledAdministration.identifier"/><min value="0"/><max value="1"/></base><type><code value="Identifier"/></type></element><element id="BeModelMedicationScheduledAdministration.patient"><path value="BeModelMedicationScheduledAdministration.patient"/><short value="The person for which the product is prescribed."/><definition value="The person for which the product is prescribed."/><min value="1"/><max value="1"/><base><path value="BeModelMedicationScheduledAdministration.patient"/><min value="1"/><max value="1"/></base><type><code value="Reference"/><targetProfile value="http://hl7.org/fhir/StructureDefinition/Patient"/></type></element><element id="BeModelMedicationScheduledAdministration.status"><path value="BeModelMedicationScheduledAdministration.status"/><short value="Status of the medication scheduled administration"/><definition value="status of the medication scheduled administration"/><min value="1"/><max value="1"/><base><path value="BeModelMedicationScheduledAdministration.status"/><min value="1"/><max value="1"/></base><type><code value="code"/></type></element><element id="BeModelMedicationScheduledAdministration.statusReason"><path value="BeModelMedicationScheduledAdministration.statusReason"/><short value="Reason for current status"/><definition value="Reason for current status"/><min value="0"/><max value="*"/><base><path value="BeModelMedicationScheduledAdministration.statusReason"/><min value="0"/><max value="*"/></base><type><code value="CodeableConcept"/></type></element><element id="BeModelMedicationScheduledAdministration.product[x]"><path value="BeModelMedicationScheduledAdministration.product[x]"/><short value="Product to be consumed"/><definition value="Product to be consumed"/><min value="1"/><max value="1"/><base><path value="BeModelMedicationScheduledAdministration.product[x]"/><min value="1"/><max value="1"/></base><type><code value="CodeableConcept"/></type><type><code value="Reference"/><targetProfile value="http://hl7.org/fhir/StructureDefinition/Medication"/></type></element><element id="BeModelMedicationScheduledAdministration.encounter"><path value="BeModelMedicationScheduledAdministration.encounter"/><short value="Encounter in which the schedule was created"/><definition value="Encounter in which the schedule was created"/><min value="0"/><max value="1"/><base><path value="BeModelMedicationScheduledAdministration.encounter"/><min value="0"/><max value="1"/></base><type><code value="Reference"/><targetProfile value="http://hl7.org/fhir/StructureDefinition/Encounter"/></type></element><element id="BeModelMedicationScheduledAdministration.reason"><path value="BeModelMedicationScheduledAdministration.reason"/><short value="Reason or indication for ordering"/><definition value="Reason or indication for ordering"/><min value="0"/><max value="*"/><base><path value="BeModelMedicationScheduledAdministration.reason"/><min value="0"/><max value="*"/></base><type><code value="Reference"/><targetProfile value="http://hl7.org/fhir/StructureDefinition/Condition"/><targetProfile value="http://hl7.org/fhir/StructureDefinition/Observation"/></type></element><element id="BeModelMedicationScheduledAdministration.groupIdentifier"><path value="BeModelMedicationScheduledAdministration.groupIdentifier"/><short value="Composite request this is part of"/><definition value="Composite request this is part of"/><min value="0"/><max value="1"/><base><path value="BeModelMedicationScheduledAdministration.groupIdentifier"/><min value="0"/><max value="1"/></base><type><code value="Identifier"/></type></element><element id="BeModelMedicationScheduledAdministration.dosageInstruction"><path value="BeModelMedicationScheduledAdministration.dosageInstruction"/><short value="How the product should be consumed"/><definition value="How the product should be consumed"/><min value="0"/><max value="*"/><base><path value="BeModelMedicationScheduledAdministration.dosageInstruction"/><min value="0"/><max value="*"/></base><type><code value="Dosage"/></type></element><element id="BeModelMedicationScheduledAdministration.note"><path value="BeModelMedicationScheduledAdministration.note"/><short value="Additional Information about the scheduled administration"/><definition value="Additional Information about the scheduled administration"/><min value="0"/><max value="*"/><base><path value="BeModelMedicationScheduledAdministration.note"/><min value="0"/><max value="*"/></base><type><code value="Annotation"/></type></element><element id="BeModelMedicationScheduledAdministration.treatmentPlan"><path value="BeModelMedicationScheduledAdministration.treatmentPlan"/><short value="Link to the &#39;parent&#39; treatment - i.e the treatment that this order is derived from, or contriburing to"/><definition value="Link to the &#39;parent&#39; treatment - i.e the treatment that this order is derived from, or contriburing to"/><min value="0"/><max value="1"/><base><path value="BeModelMedicationScheduledAdministration.treatmentPlan"/><min value="0"/><max value="1"/></base><type><code value="Reference"/></type></element></snapshot><differential><element id="BeModelMedicationScheduledAdministration"><path value="BeModelMedicationScheduledAdministration"/><short value="[Logical Model] - Scheduled Administration"/><definition value="A model for a record of a single planned administration event."/></element><element id="BeModelMedicationScheduledAdministration.identifier"><path value="BeModelMedicationScheduledAdministration.identifier"/><short value="The business identifier(s) for the medication scheduled administration"/><definition value="The business identifier(s) for the medication scheduled administration"/><min value="0"/><max value="1"/><type><code value="Identifier"/></type></element><element id="BeModelMedicationScheduledAdministration.patient"><path value="BeModelMedicationScheduledAdministration.patient"/><short value="The person for which the product is prescribed."/><definition value="The person for which the product is prescribed."/><min value="1"/><max value="1"/><type><code value="Reference"/><targetProfile value="http://hl7.org/fhir/StructureDefinition/Patient"/></type></element><element id="BeModelMedicationScheduledAdministration.status"><path value="BeModelMedicationScheduledAdministration.status"/><short value="Status of the medication scheduled administration"/><definition value="status of the medication scheduled administration"/><min value="1"/><max value="1"/><type><code value="code"/></type></element><element id="BeModelMedicationScheduledAdministration.statusReason"><path value="BeModelMedicationScheduledAdministration.statusReason"/><short value="Reason for current status"/><definition value="Reason for current status"/><min value="0"/><max value="*"/><type><code value="CodeableConcept"/></type></element><element id="BeModelMedicationScheduledAdministration.product[x]"><path value="BeModelMedicationScheduledAdministration.product[x]"/><short value="Product to be consumed"/><definition value="Product to be consumed"/><min value="1"/><max value="1"/><type><code value="CodeableConcept"/></type><type><code value="Reference"/><targetProfile value="http://hl7.org/fhir/StructureDefinition/Medication"/></type></element><element id="BeModelMedicationScheduledAdministration.encounter"><path value="BeModelMedicationScheduledAdministration.encounter"/><short value="Encounter in which the schedule was created"/><definition value="Encounter in which the schedule was created"/><min value="0"/><max value="1"/><type><code value="Reference"/><targetProfile value="http://hl7.org/fhir/StructureDefinition/Encounter"/></type></element><element id="BeModelMedicationScheduledAdministration.reason"><path value="BeModelMedicationScheduledAdministration.reason"/><short value="Reason or indication for ordering"/><definition value="Reason or indication for ordering"/><min value="0"/><max value="*"/><type><code value="Reference"/><targetProfile value="http://hl7.org/fhir/StructureDefinition/Condition"/><targetProfile value="http://hl7.org/fhir/StructureDefinition/Observation"/></type></element><element id="BeModelMedicationScheduledAdministration.groupIdentifier"><path value="BeModelMedicationScheduledAdministration.groupIdentifier"/><short value="Composite request this is part of"/><definition value="Composite request this is part of"/><min value="0"/><max value="1"/><type><code value="Identifier"/></type></element><element id="BeModelMedicationScheduledAdministration.dosageInstruction"><path value="BeModelMedicationScheduledAdministration.dosageInstruction"/><short value="How the product should be consumed"/><definition value="How the product should be consumed"/><min value="0"/><max value="*"/><type><code value="Dosage"/></type></element><element id="BeModelMedicationScheduledAdministration.note"><path value="BeModelMedicationScheduledAdministration.note"/><short value="Additional Information about the scheduled administration"/><definition value="Additional Information about the scheduled administration"/><min value="0"/><max value="*"/><type><code value="Annotation"/></type></element><element id="BeModelMedicationScheduledAdministration.treatmentPlan"><path value="BeModelMedicationScheduledAdministration.treatmentPlan"/><short value="Link to the &#39;parent&#39; treatment - i.e the treatment that this order is derived from, or contriburing to"/><definition value="Link to the &#39;parent&#39; treatment - i.e the treatment that this order is derived from, or contriburing to"/><min value="0"/><max value="1"/><type><code value="Reference"/></type></element></differential></StructureDefinition>