<?xml version="1.0" encoding="UTF-8"?><StructureDefinition xmlns="http://hl7.org/fhir"><id value="BeModelMedicationRecordPrescription"/><text><status value="extensions"/><div xmlns="http://www.w3.org/1999/xhtml"><table border="0" cellpadding="0" cellspacing="0" style="border: 0px #F0F0F0 solid; font-size: 11px; font-family: verdana; vertical-align: top;"><tr style="border: 1px #F0F0F0 solid; font-size: 11px; font-family: verdana; vertical-align: top"><th style="vertical-align: top; text-align : left; background-color: white; border: 0px #F0F0F0 solid; padding:0px 4px 0px 4px" class="hierarchy"><a href="http://hl7.org/fhir/R4/formats.html#table" title="The logical name of the element">Name</a></th><th style="vertical-align: top; text-align : left; background-color: white; border: 0px #F0F0F0 solid; padding:0px 4px 0px 4px" class="hierarchy"><a href="http://hl7.org/fhir/R4/formats.html#table" title="Information about the use of the element">Flags</a></th><th style="vertical-align: top; text-align : left; background-color: white; border: 0px #F0F0F0 solid; padding:0px 4px 0px 4px" class="hierarchy"><a href="http://hl7.org/fhir/R4/formats.html#table" title="Minimum and Maximum # of times the the element can appear in the instance">Card.</a></th><th style="width: 100px" class="hierarchy"><a href="http://hl7.org/fhir/R4/formats.html#table" title="Reference to the type of the element">Type</a></th><th style="vertical-align: top; text-align : left; background-color: white; border: 0px #F0F0F0 solid; padding:0px 4px 0px 4px" class="hierarchy"><a href="http://hl7.org/fhir/R4/formats.html#table" title="Additional information about the element">Description &amp; Constraints</a><span style="float: right"><a href="http://hl7.org/fhir/R4/formats.html#table" title="Legend for this format"><img src="http://hl7.org/fhir/R4/help16.png" alt="doco" style="background-color: inherit"/></a></span></th></tr><tr style="border: 0px #F0F0F0 solid; padding:0px; vertical-align: top; background-color: white"><td style="vertical-align: top; text-align : left; background-color: white; border: 0px #F0F0F0 solid; padding:0px 4px 0px 4px; white-space: nowrap; background-image: url(tbl_bck1.png)" class="hierarchy"><img src="tbl_spacer.png" alt="." style="background-color: inherit" class="hierarchy"/><img src="icon_element.gif" alt="." style="background-color: white; background-color: inherit" title="Element" class="hierarchy"/> <a href="StructureDefinition-BeModelMedicationRecordPrescription-definitions.html#BeModelMedicationRecordPrescription">BeModelMedicationRecordPrescription</a><a name="BeModelMedicationRecordPrescription"> </a></td><td style="vertical-align: top; text-align : left; background-color: white; border: 0px #F0F0F0 solid; padding:0px 4px 0px 4px" class="hierarchy"/><td style="vertical-align: top; text-align : left; background-color: white; border: 0px #F0F0F0 solid; padding:0px 4px 0px 4px" class="hierarchy"><span style="opacity: 0.5">0</span><span style="opacity: 0.5">..</span><span style="opacity: 0.5">*</span></td><td style="vertical-align: top; text-align : left; background-color: white; border: 0px #F0F0F0 solid; padding:0px 4px 0px 4px" class="hierarchy"/><td style="vertical-align: top; text-align : left; background-color: white; border: 0px #F0F0F0 solid; padding:0px 4px 0px 4px" class="hierarchy">Medication Record Prescription logical model</td></tr>
<tr style="border: 0px #F0F0F0 solid; padding:0px; vertical-align: top; background-color: #F7F7F7"><td style="vertical-align: top; text-align : left; background-color: #F7F7F7; border: 0px #F0F0F0 solid; padding:0px 4px 0px 4px; white-space: nowrap; background-image: url(tbl_bck10.png)" class="hierarchy"><img src="tbl_spacer.png" alt="." style="background-color: inherit" class="hierarchy"/><img src="tbl_vjoin.png" alt="." style="background-color: inherit" class="hierarchy"/><img src="icon_datatype.gif" alt="." style="background-color: #F7F7F7; background-color: inherit" title="Data Type" class="hierarchy"/> <a href="StructureDefinition-BeModelMedicationRecordPrescription-definitions.html#BeModelMedicationRecordPrescription.identifier" title="The business identifier(s) for the medication dispense session">identifier</a><a name="BeModelMedicationRecordPrescription.identifier"> </a></td><td style="vertical-align: top; text-align : left; background-color: #F7F7F7; border: 0px #F0F0F0 solid; padding:0px 4px 0px 4px" class="hierarchy"/><td style="vertical-align: top; text-align : left; background-color: #F7F7F7; border: 0px #F0F0F0 solid; padding:0px 4px 0px 4px" class="hierarchy">0..1</td><td style="vertical-align: top; text-align : left; background-color: #F7F7F7; border: 0px #F0F0F0 solid; padding:0px 4px 0px 4px" class="hierarchy"><a href="http://hl7.org/fhir/R4/datatypes.html#Identifier">Identifier</a></td><td style="vertical-align: top; text-align : left; background-color: #F7F7F7; border: 0px #F0F0F0 solid; padding:0px 4px 0px 4px" class="hierarchy">The business identifier(s) for the medication dispense session</td></tr>
<tr style="border: 0px #F0F0F0 solid; padding:0px; vertical-align: top; background-color: white"><td style="vertical-align: top; text-align : left; background-color: white; border: 0px #F0F0F0 solid; padding:0px 4px 0px 4px; white-space: nowrap; background-image: url(tbl_bck10.png)" class="hierarchy"><img src="tbl_spacer.png" alt="." style="background-color: inherit" class="hierarchy"/><img src="tbl_vjoin.png" alt="." style="background-color: inherit" class="hierarchy"/><img src="icon_reference.png" alt="." style="background-color: white; background-color: inherit" title="Reference to another Resource" class="hierarchy"/> <a href="StructureDefinition-BeModelMedicationRecordPrescription-definitions.html#BeModelMedicationRecordPrescription.patient" title="The person for which the medication is dispensed.">patient</a><a name="BeModelMedicationRecordPrescription.patient"> </a></td><td style="vertical-align: top; text-align : left; background-color: white; border: 0px #F0F0F0 solid; padding:0px 4px 0px 4px" class="hierarchy"/><td style="vertical-align: top; text-align : left; background-color: white; border: 0px #F0F0F0 solid; padding:0px 4px 0px 4px" class="hierarchy">1..1</td><td style="vertical-align: top; text-align : left; background-color: white; border: 0px #F0F0F0 solid; padding:0px 4px 0px 4px" class="hierarchy"><a href="http://hl7.org/fhir/R4/references.html">Reference</a>(<a href="http://hl7.org/fhir/R4/patient.html">Patient</a>)</td><td style="vertical-align: top; text-align : left; background-color: white; border: 0px #F0F0F0 solid; padding:0px 4px 0px 4px" class="hierarchy">The person for which the medication is dispensed.</td></tr>
<tr style="border: 0px #F0F0F0 solid; padding:0px; vertical-align: top; background-color: #F7F7F7"><td style="vertical-align: top; text-align : left; background-color: #F7F7F7; border: 0px #F0F0F0 solid; padding:0px 4px 0px 4px; white-space: nowrap; background-image: url(tbl_bck10.png)" class="hierarchy"><img src="tbl_spacer.png" alt="." style="background-color: inherit" class="hierarchy"/><img src="tbl_vjoin.png" alt="." style="background-color: inherit" class="hierarchy"/><img src="icon_primitive.png" alt="." style="background-color: #F7F7F7; background-color: inherit" title="Primitive Data Type" class="hierarchy"/> <a href="StructureDefinition-BeModelMedicationRecordPrescription-definitions.html#BeModelMedicationRecordPrescription.status" title="active  | on-hold | cancelled | completed | entered-in-error | stopped | draft | unknown medicationrequest Status (Required)">status</a><a name="BeModelMedicationRecordPrescription.status"> </a></td><td style="vertical-align: top; text-align : left; background-color: #F7F7F7; border: 0px #F0F0F0 solid; padding:0px 4px 0px 4px" class="hierarchy"/><td style="vertical-align: top; text-align : left; background-color: #F7F7F7; border: 0px #F0F0F0 solid; padding:0px 4px 0px 4px" class="hierarchy">1..1</td><td style="vertical-align: top; text-align : left; background-color: #F7F7F7; border: 0px #F0F0F0 solid; padding:0px 4px 0px 4px" class="hierarchy"><a href="http://hl7.org/fhir/R4/datatypes.html#code">code</a></td><td style="vertical-align: top; text-align : left; background-color: #F7F7F7; border: 0px #F0F0F0 solid; padding:0px 4px 0px 4px" class="hierarchy">active  | on-hold | cancelled | completed | entered-in-error | stopped | draft | unknown medicationrequest Status (Required)</td></tr>
<tr style="border: 0px #F0F0F0 solid; padding:0px; vertical-align: top; background-color: white"><td style="vertical-align: top; text-align : left; background-color: white; border: 0px #F0F0F0 solid; padding:0px 4px 0px 4px; white-space: nowrap; background-image: url(tbl_bck10.png)" class="hierarchy"><img src="tbl_spacer.png" alt="." style="background-color: inherit" class="hierarchy"/><img src="tbl_vjoin.png" alt="." style="background-color: inherit" class="hierarchy"/><img src="icon_datatype.gif" alt="." style="background-color: white; background-color: inherit" title="Data Type" class="hierarchy"/> <a href="StructureDefinition-BeModelMedicationRecordPrescription-definitions.html#BeModelMedicationRecordPrescription.statusReason" title="Reason for current status medicationRequest Status Reason Codes (Example)">statusReason</a><a name="BeModelMedicationRecordPrescription.statusReason"> </a></td><td style="vertical-align: top; text-align : left; background-color: white; border: 0px #F0F0F0 solid; padding:0px 4px 0px 4px" class="hierarchy"/><td style="vertical-align: top; text-align : left; background-color: white; border: 0px #F0F0F0 solid; padding:0px 4px 0px 4px" class="hierarchy">0..*</td><td style="vertical-align: top; text-align : left; background-color: white; border: 0px #F0F0F0 solid; padding:0px 4px 0px 4px" class="hierarchy"><a href="http://hl7.org/fhir/R4/datatypes.html#CodeableConcept">CodeableConcept</a></td><td style="vertical-align: top; text-align : left; background-color: white; border: 0px #F0F0F0 solid; padding:0px 4px 0px 4px" class="hierarchy">Reason for current status medicationRequest Status Reason Codes (Example)<br/></td></tr>
<tr style="border: 0px #F0F0F0 solid; padding:0px; vertical-align: top; background-color: #F7F7F7"><td style="vertical-align: top; text-align : left; background-color: #F7F7F7; border: 0px #F0F0F0 solid; padding:0px 4px 0px 4px; white-space: nowrap; background-image: url(tbl_bck10.png)" class="hierarchy"><img src="tbl_spacer.png" alt="." style="background-color: inherit" class="hierarchy"/><img src="tbl_vjoin.png" alt="." style="background-color: inherit" class="hierarchy"/><img src="icon_primitive.png" alt="." style="background-color: #F7F7F7; background-color: inherit" title="Primitive Data Type" class="hierarchy"/> <a href="StructureDefinition-BeModelMedicationRecordPrescription-definitions.html#BeModelMedicationRecordPrescription.intent" title="proposal | plan | order | original-order | reflex-order | filler-order | instance-order | option  medicationRequest Intent (Required)">intent</a><a name="BeModelMedicationRecordPrescription.intent"> </a></td><td style="vertical-align: top; text-align : left; background-color: #F7F7F7; border: 0px #F0F0F0 solid; padding:0px 4px 0px 4px" class="hierarchy"/><td style="vertical-align: top; text-align : left; background-color: #F7F7F7; border: 0px #F0F0F0 solid; padding:0px 4px 0px 4px" class="hierarchy">1..1</td><td style="vertical-align: top; text-align : left; background-color: #F7F7F7; border: 0px #F0F0F0 solid; padding:0px 4px 0px 4px" class="hierarchy"><a href="http://hl7.org/fhir/R4/datatypes.html#code">code</a></td><td style="vertical-align: top; text-align : left; background-color: #F7F7F7; border: 0px #F0F0F0 solid; padding:0px 4px 0px 4px" class="hierarchy">proposal | plan | order | original-order | reflex-order | filler-order | instance-order | option  medicationRequest Intent (Required)</td></tr>
<tr style="border: 0px #F0F0F0 solid; padding:0px; vertical-align: top; background-color: white"><td style="vertical-align: top; text-align : left; background-color: white; border: 0px #F0F0F0 solid; padding:0px 4px 0px 4px; white-space: nowrap; background-image: url(tbl_bck11.png)" class="hierarchy"><img src="tbl_spacer.png" alt="." style="background-color: inherit" class="hierarchy"/><img src="tbl_vjoin.png" alt="." style="background-color: inherit" class="hierarchy"/><img src="icon_choice.gif" alt="." style="background-color: white; background-color: inherit" title="Choice of Types" class="hierarchy"/> <a href="StructureDefinition-BeModelMedicationRecordPrescription-definitions.html#BeModelMedicationRecordPrescription.product[x]" title="Medication to be taken SNOMED CT Medication Codes (Example)">product[x]</a><a name="BeModelMedicationRecordPrescription.product_x_"> </a></td><td style="vertical-align: top; text-align : left; background-color: white; border: 0px #F0F0F0 solid; padding:0px 4px 0px 4px" class="hierarchy"/><td style="vertical-align: top; text-align : left; background-color: white; border: 0px #F0F0F0 solid; padding:0px 4px 0px 4px" class="hierarchy">1..1</td><td style="vertical-align: top; text-align : left; background-color: white; border: 0px #F0F0F0 solid; padding:0px 4px 0px 4px" class="hierarchy"/><td style="vertical-align: top; text-align : left; background-color: white; border: 0px #F0F0F0 solid; padding:0px 4px 0px 4px" class="hierarchy">Medication to be taken SNOMED CT Medication Codes (Example)</td></tr>
<tr style="border: 0px #F0F0F0 solid; padding:0px; vertical-align: top; background-color: #F7F7F7"><td style="vertical-align: top; text-align : left; background-color: #F7F7F7; border: 0px #F0F0F0 solid; padding:0px 4px 0px 4px; white-space: nowrap; background-image: url(tbl_bck110.png)" class="hierarchy"><img src="tbl_spacer.png" alt="." style="background-color: inherit" class="hierarchy"/><img src="tbl_vline.png" alt="." style="background-color: inherit" class="hierarchy"/><img src="tbl_vjoin.png" alt="." style="background-color: inherit" class="hierarchy"/><img src="icon_datatype.gif" alt="." style="background-color: #F7F7F7; background-color: inherit" title="Data Type" class="hierarchy"/> <span title="Base StructureDefinition for CodeableConcept Type: A concept that may be defined by a formal reference to a terminology or ontology or may be provided by text.">productCodeableConcept</span></td><td style="vertical-align: top; text-align : left; background-color: #F7F7F7; border: 0px #F0F0F0 solid; padding:0px 4px 0px 4px" class="hierarchy"/><td style="vertical-align: top; text-align : left; background-color: #F7F7F7; border: 0px #F0F0F0 solid; padding:0px 4px 0px 4px" class="hierarchy"></td><td style="vertical-align: top; text-align : left; background-color: #F7F7F7; border: 0px #F0F0F0 solid; padding:0px 4px 0px 4px" class="hierarchy"><a href="http://hl7.org/fhir/R4/datatypes.html#CodeableConcept">CodeableConcept</a></td><td style="vertical-align: top; text-align : left; background-color: #F7F7F7; border: 0px #F0F0F0 solid; padding:0px 4px 0px 4px" class="hierarchy"/></tr>
<tr style="border: 0px #F0F0F0 solid; padding:0px; vertical-align: top; background-color: white"><td style="vertical-align: top; text-align : left; background-color: white; border: 0px #F0F0F0 solid; padding:0px 4px 0px 4px; white-space: nowrap; background-image: url(tbl_bck100.png)" class="hierarchy"><img src="tbl_spacer.png" alt="." style="background-color: inherit" class="hierarchy"/><img src="tbl_vline.png" alt="." style="background-color: inherit" class="hierarchy"/><img src="tbl_vjoin_end.png" alt="." style="background-color: inherit" class="hierarchy"/><img src="icon_reference.png" alt="." style="background-color: white; background-color: inherit" title="Reference to another Resource" class="hierarchy"/> productReference</td><td style="vertical-align: top; text-align : left; background-color: white; border: 0px #F0F0F0 solid; padding:0px 4px 0px 4px" class="hierarchy"/><td style="vertical-align: top; text-align : left; background-color: white; border: 0px #F0F0F0 solid; padding:0px 4px 0px 4px" class="hierarchy"></td><td style="vertical-align: top; text-align : left; background-color: white; border: 0px #F0F0F0 solid; padding:0px 4px 0px 4px" class="hierarchy"><a href="http://hl7.org/fhir/R4/references.html#Reference">Reference</a>(<a href="http://hl7.org/fhir/R4/medication.html">Medication</a>)</td><td style="vertical-align: top; text-align : left; background-color: white; border: 0px #F0F0F0 solid; padding:0px 4px 0px 4px" class="hierarchy"/></tr>
<tr style="border: 0px #F0F0F0 solid; padding:0px; vertical-align: top; background-color: #F7F7F7"><td style="vertical-align: top; text-align : left; background-color: #F7F7F7; border: 0px #F0F0F0 solid; padding:0px 4px 0px 4px; white-space: nowrap; background-image: url(tbl_bck10.png)" class="hierarchy"><img src="tbl_spacer.png" alt="." style="background-color: inherit" class="hierarchy"/><img src="tbl_vjoin.png" alt="." style="background-color: inherit" class="hierarchy"/><img src="icon_reference.png" alt="." style="background-color: #F7F7F7; background-color: inherit" title="Reference to another Resource" class="hierarchy"/> <a href="StructureDefinition-BeModelMedicationRecordPrescription-definitions.html#BeModelMedicationRecordPrescription.encounter" title="Encounter created as part of encounter/admission/stay">encounter</a><a name="BeModelMedicationRecordPrescription.encounter"> </a></td><td style="vertical-align: top; text-align : left; background-color: #F7F7F7; border: 0px #F0F0F0 solid; padding:0px 4px 0px 4px" class="hierarchy"/><td style="vertical-align: top; text-align : left; background-color: #F7F7F7; border: 0px #F0F0F0 solid; padding:0px 4px 0px 4px" class="hierarchy">0..1</td><td style="vertical-align: top; text-align : left; background-color: #F7F7F7; border: 0px #F0F0F0 solid; padding:0px 4px 0px 4px" class="hierarchy"><a href="http://hl7.org/fhir/R4/references.html">Reference</a>(<a href="http://hl7.org/fhir/R4/encounter.html">Encounter</a>)</td><td style="vertical-align: top; text-align : left; background-color: #F7F7F7; border: 0px #F0F0F0 solid; padding:0px 4px 0px 4px" class="hierarchy">Encounter created as part of encounter/admission/stay</td></tr>
<tr style="border: 0px #F0F0F0 solid; padding:0px; vertical-align: top; background-color: white"><td style="vertical-align: top; text-align : left; background-color: white; border: 0px #F0F0F0 solid; padding:0px 4px 0px 4px; white-space: nowrap; background-image: url(tbl_bck10.png)" class="hierarchy"><img src="tbl_spacer.png" alt="." style="background-color: inherit" class="hierarchy"/><img src="tbl_vjoin.png" alt="." style="background-color: inherit" class="hierarchy"/><img src="icon_reference.png" alt="." style="background-color: white; background-color: inherit" title="Reference to another Resource" class="hierarchy"/> <a href="StructureDefinition-BeModelMedicationRecordPrescription-definitions.html#BeModelMedicationRecordPrescription.requester" title="Who/What requested the Request">requester</a><a name="BeModelMedicationRecordPrescription.requester"> </a></td><td style="vertical-align: top; text-align : left; background-color: white; border: 0px #F0F0F0 solid; padding:0px 4px 0px 4px" class="hierarchy"/><td style="vertical-align: top; text-align : left; background-color: white; border: 0px #F0F0F0 solid; padding:0px 4px 0px 4px" class="hierarchy">0..1</td><td style="vertical-align: top; text-align : left; background-color: white; border: 0px #F0F0F0 solid; padding:0px 4px 0px 4px" class="hierarchy"><a href="http://hl7.org/fhir/R4/references.html">Reference</a>(<a href="http://hl7.org/fhir/R4/practitioner.html">Practitioner</a>)</td><td style="vertical-align: top; text-align : left; background-color: white; border: 0px #F0F0F0 solid; padding:0px 4px 0px 4px" class="hierarchy">Who/What requested the Request</td></tr>
<tr style="border: 0px #F0F0F0 solid; padding:0px; vertical-align: top; background-color: #F7F7F7"><td style="vertical-align: top; text-align : left; background-color: #F7F7F7; border: 0px #F0F0F0 solid; padding:0px 4px 0px 4px; white-space: nowrap; background-image: url(tbl_bck10.png)" class="hierarchy"><img src="tbl_spacer.png" alt="." style="background-color: inherit" class="hierarchy"/><img src="tbl_vjoin.png" alt="." style="background-color: inherit" class="hierarchy"/><img src="icon_reference.png" alt="." style="background-color: #F7F7F7; background-color: inherit" title="Reference to another Resource" class="hierarchy"/> <a href="StructureDefinition-BeModelMedicationRecordPrescription-definitions.html#BeModelMedicationRecordPrescription.reason" title="Reason or indication for ordering or not ordering the medication Condition/Problem/Diagnosis Codes (Example)">reason</a><a name="BeModelMedicationRecordPrescription.reason"> </a></td><td style="vertical-align: top; text-align : left; background-color: #F7F7F7; border: 0px #F0F0F0 solid; padding:0px 4px 0px 4px" class="hierarchy"/><td style="vertical-align: top; text-align : left; background-color: #F7F7F7; border: 0px #F0F0F0 solid; padding:0px 4px 0px 4px" class="hierarchy">0..*</td><td style="vertical-align: top; text-align : left; background-color: #F7F7F7; border: 0px #F0F0F0 solid; padding:0px 4px 0px 4px" class="hierarchy"><a href="http://hl7.org/fhir/R4/references.html">Reference</a>(<a href="http://hl7.org/fhir/R4/condition.html">Condition</a> | <a href="http://hl7.org/fhir/R4/observation.html">Observation</a>)</td><td style="vertical-align: top; text-align : left; background-color: #F7F7F7; border: 0px #F0F0F0 solid; padding:0px 4px 0px 4px" class="hierarchy">Reason or indication for ordering or not ordering the medication Condition/Problem/Diagnosis Codes (Example)<br/></td></tr>
<tr style="border: 0px #F0F0F0 solid; padding:0px; vertical-align: top; background-color: white"><td style="vertical-align: top; text-align : left; background-color: white; border: 0px #F0F0F0 solid; padding:0px 4px 0px 4px; white-space: nowrap; background-image: url(tbl_bck10.png)" class="hierarchy"><img src="tbl_spacer.png" alt="." style="background-color: inherit" class="hierarchy"/><img src="tbl_vjoin.png" alt="." style="background-color: inherit" class="hierarchy"/><img src="icon_datatype.gif" alt="." style="background-color: white; background-color: inherit" title="Data Type" class="hierarchy"/> <a href="StructureDefinition-BeModelMedicationRecordPrescription-definitions.html#BeModelMedicationRecordPrescription.groupIdentifier" title="Composite request this is part of">groupIdentifier</a><a name="BeModelMedicationRecordPrescription.groupIdentifier"> </a></td><td style="vertical-align: top; text-align : left; background-color: white; border: 0px #F0F0F0 solid; padding:0px 4px 0px 4px" class="hierarchy"/><td style="vertical-align: top; text-align : left; background-color: white; border: 0px #F0F0F0 solid; padding:0px 4px 0px 4px" class="hierarchy">0..1</td><td style="vertical-align: top; text-align : left; background-color: white; border: 0px #F0F0F0 solid; padding:0px 4px 0px 4px" class="hierarchy"><a href="http://hl7.org/fhir/R4/datatypes.html#Identifier">Identifier</a></td><td style="vertical-align: top; text-align : left; background-color: white; border: 0px #F0F0F0 solid; padding:0px 4px 0px 4px" class="hierarchy">Composite request this is part of</td></tr>
<tr style="border: 0px #F0F0F0 solid; padding:0px; vertical-align: top; background-color: #F7F7F7"><td style="vertical-align: top; text-align : left; background-color: #F7F7F7; border: 0px #F0F0F0 solid; padding:0px 4px 0px 4px; white-space: nowrap; background-image: url(tbl_bck10.png)" class="hierarchy"><img src="tbl_spacer.png" alt="." style="background-color: inherit" class="hierarchy"/><img src="tbl_vjoin.png" alt="." style="background-color: inherit" class="hierarchy"/><img src="icon_datatype.gif" alt="." style="background-color: #F7F7F7; background-color: inherit" title="Data Type" class="hierarchy"/> <a href="StructureDefinition-BeModelMedicationRecordPrescription-definitions.html#BeModelMedicationRecordPrescription.dosageInstruction" title="How the medication should be taken">dosageInstruction</a><a name="BeModelMedicationRecordPrescription.dosageInstruction"> </a></td><td style="vertical-align: top; text-align : left; background-color: #F7F7F7; border: 0px #F0F0F0 solid; padding:0px 4px 0px 4px" class="hierarchy"/><td style="vertical-align: top; text-align : left; background-color: #F7F7F7; border: 0px #F0F0F0 solid; padding:0px 4px 0px 4px" class="hierarchy">0..*</td><td style="vertical-align: top; text-align : left; background-color: #F7F7F7; border: 0px #F0F0F0 solid; padding:0px 4px 0px 4px" class="hierarchy"><a href="http://hl7.org/fhir/R4/datatypes.html#Dosage">Dosage</a></td><td style="vertical-align: top; text-align : left; background-color: #F7F7F7; border: 0px #F0F0F0 solid; padding:0px 4px 0px 4px" class="hierarchy">How the medication should be taken<br/></td></tr>
<tr style="border: 0px #F0F0F0 solid; padding:0px; vertical-align: top; background-color: white"><td style="vertical-align: top; text-align : left; background-color: white; border: 0px #F0F0F0 solid; padding:0px 4px 0px 4px; white-space: nowrap; background-image: url(tbl_bck10.png)" class="hierarchy"><img src="tbl_spacer.png" alt="." style="background-color: inherit" class="hierarchy"/><img src="tbl_vjoin.png" alt="." style="background-color: inherit" class="hierarchy"/><img src="icon_datatype.gif" alt="." style="background-color: white; background-color: inherit" title="Data Type" class="hierarchy"/> <a href="StructureDefinition-BeModelMedicationRecordPrescription-definitions.html#BeModelMedicationRecordPrescription.note" title="Additional Information about the prescription">note</a><a name="BeModelMedicationRecordPrescription.note"> </a></td><td style="vertical-align: top; text-align : left; background-color: white; border: 0px #F0F0F0 solid; padding:0px 4px 0px 4px" class="hierarchy"/><td style="vertical-align: top; text-align : left; background-color: white; border: 0px #F0F0F0 solid; padding:0px 4px 0px 4px" class="hierarchy">0..*</td><td style="vertical-align: top; text-align : left; background-color: white; border: 0px #F0F0F0 solid; padding:0px 4px 0px 4px" class="hierarchy"><a href="http://hl7.org/fhir/R4/datatypes.html#Annotation">Annotation</a></td><td style="vertical-align: top; text-align : left; background-color: white; border: 0px #F0F0F0 solid; padding:0px 4px 0px 4px" class="hierarchy">Additional Information about the prescription<br/></td></tr>
<tr style="border: 0px #F0F0F0 solid; padding:0px; vertical-align: top; background-color: #F7F7F7"><td style="vertical-align: top; text-align : left; background-color: #F7F7F7; border: 0px #F0F0F0 solid; padding:0px 4px 0px 4px; white-space: nowrap; background-image: url(tbl_bck10.png)" class="hierarchy"><img src="tbl_spacer.png" alt="." style="background-color: inherit" class="hierarchy"/><img src="tbl_vjoin.png" alt="." style="background-color: inherit" class="hierarchy"/><img src="icon_primitive.png" alt="." style="background-color: #F7F7F7; background-color: inherit" title="Primitive Data Type" class="hierarchy"/> <a href="StructureDefinition-BeModelMedicationRecordPrescription-definitions.html#BeModelMedicationRecordPrescription.date" title="When request was initially made">date</a><a name="BeModelMedicationRecordPrescription.date"> </a></td><td style="vertical-align: top; text-align : left; background-color: #F7F7F7; border: 0px #F0F0F0 solid; padding:0px 4px 0px 4px" class="hierarchy"/><td style="vertical-align: top; text-align : left; background-color: #F7F7F7; border: 0px #F0F0F0 solid; padding:0px 4px 0px 4px" class="hierarchy">0..1</td><td style="vertical-align: top; text-align : left; background-color: #F7F7F7; border: 0px #F0F0F0 solid; padding:0px 4px 0px 4px" class="hierarchy"><a href="http://hl7.org/fhir/R4/datatypes.html#dateTime">dateTime</a></td><td style="vertical-align: top; text-align : left; background-color: #F7F7F7; border: 0px #F0F0F0 solid; padding:0px 4px 0px 4px" class="hierarchy">When request was initially made</td></tr>
<tr style="border: 0px #F0F0F0 solid; padding:0px; vertical-align: top; background-color: white"><td style="vertical-align: top; text-align : left; background-color: white; border: 0px #F0F0F0 solid; padding:0px 4px 0px 4px; white-space: nowrap; background-image: url(tbl_bck10.png)" class="hierarchy"><img src="tbl_spacer.png" alt="." style="background-color: inherit" class="hierarchy"/><img src="tbl_vjoin.png" alt="." style="background-color: inherit" class="hierarchy"/><img src="icon_primitive.png" alt="." style="background-color: white; background-color: inherit" title="Primitive Data Type" class="hierarchy"/> <a href="StructureDefinition-BeModelMedicationRecordPrescription-definitions.html#BeModelMedicationRecordPrescription.location">location</a><a name="BeModelMedicationRecordPrescription.location"> </a></td><td style="vertical-align: top; text-align : left; background-color: white; border: 0px #F0F0F0 solid; padding:0px 4px 0px 4px" class="hierarchy"/><td style="vertical-align: top; text-align : left; background-color: white; border: 0px #F0F0F0 solid; padding:0px 4px 0px 4px" class="hierarchy">0..1</td><td style="vertical-align: top; text-align : left; background-color: white; border: 0px #F0F0F0 solid; padding:0px 4px 0px 4px" class="hierarchy"><a href="http://hl7.org/fhir/R4/datatypes.html#string">string</a></td><td style="vertical-align: top; text-align : left; background-color: white; border: 0px #F0F0F0 solid; padding:0px 4px 0px 4px" class="hierarchy"/></tr>
<tr style="border: 0px #F0F0F0 solid; padding:0px; vertical-align: top; background-color: #F7F7F7"><td style="vertical-align: top; text-align : left; background-color: #F7F7F7; border: 0px #F0F0F0 solid; padding:0px 4px 0px 4px; white-space: nowrap; background-image: url(tbl_bck00.png)" class="hierarchy"><img src="tbl_spacer.png" alt="." style="background-color: inherit" class="hierarchy"/><img src="tbl_vjoin_end.png" alt="." style="background-color: inherit" class="hierarchy"/><img src="icon_reference.png" alt="." style="background-color: #F7F7F7; background-color: inherit" title="Reference to another Resource" class="hierarchy"/> <a href="StructureDefinition-BeModelMedicationRecordPrescription-definitions.html#BeModelMedicationRecordPrescription.treatment">treatment</a><a name="BeModelMedicationRecordPrescription.treatment"> </a></td><td style="vertical-align: top; text-align : left; background-color: #F7F7F7; border: 0px #F0F0F0 solid; padding:0px 4px 0px 4px" class="hierarchy"/><td style="vertical-align: top; text-align : left; background-color: #F7F7F7; border: 0px #F0F0F0 solid; padding:0px 4px 0px 4px" class="hierarchy">0..1</td><td style="vertical-align: top; text-align : left; background-color: #F7F7F7; border: 0px #F0F0F0 solid; padding:0px 4px 0px 4px" class="hierarchy"><a href="http://hl7.org/fhir/R4/references.html">Reference</a>()</td><td style="vertical-align: top; text-align : left; background-color: #F7F7F7; border: 0px #F0F0F0 solid; padding:0px 4px 0px 4px" class="hierarchy"/></tr>
<tr><td colspan="5" class="hierarchy"><br/><a href="http://hl7.org/fhir/R4/formats.html#table" title="Legend for this format"><img src="http://hl7.org/fhir/R4/help16.png" alt="doco" style="background-color: inherit"/> Documentation for this format</a></td></tr></table></div></text><url value="https://www.hl7belgium.be/fhir/StructureDefinition/BeModelMedicationRecordPrescription"/><version value="0.2.0"/><name value="BeModelMedicationRecordPrescription"/><title value="Medication Record Prescription logical model"/><status value="active"/><date value="2021-07-26T12:51:01+00:00"/><publisher value="HL7 Belgium"/><contact><telecom><system value="url"/><value value="http://hl7belgium.org"/></telecom></contact><jurisdiction><coding><system value="http://unstats.un.org/unsd/methods/m49/m49.htm"/><code value="056"/></coding><text value="Belgium"/></jurisdiction><fhirVersion value="4.0.1"/><mapping><identity value="rim"/><uri value="http://hl7.org/v3"/><name value="RIM Mapping"/></mapping><kind value="logical"/><abstract value="false"/><type value="https://www.hl7belgium.be/fhir/StructureDefinition/BeModelMedicationRecordPrescription"/><baseDefinition value="http://hl7.org/fhir/StructureDefinition/Base"/><derivation value="specialization"/><snapshot><element id="BeModelMedicationRecordPrescription"><path value="BeModelMedicationRecordPrescription"/><short value="Medication Record Prescription logical model"/><min value="0"/><max value="*"/><base><path value="Base"/><min value="0"/><max value="*"/></base><isModifier value="false"/></element><element id="BeModelMedicationRecordPrescription.identifier"><path value="BeModelMedicationRecordPrescription.identifier"/><short value="The business identifier(s) for the medication dispense session"/><definition value="The business identifier(s) for the medication dispense session"/><min value="0"/><max value="1"/><base><path value="BeModelMedicationRecordPrescription.identifier"/><min value="0"/><max value="1"/></base><type><code value="Identifier"/></type></element><element id="BeModelMedicationRecordPrescription.patient"><path value="BeModelMedicationRecordPrescription.patient"/><short value="The person for which the medication is dispensed."/><definition value="The person for which the medication is dispensed."/><min value="1"/><max value="1"/><base><path value="BeModelMedicationRecordPrescription.patient"/><min value="1"/><max value="1"/></base><type><code value="Reference"/><targetProfile value="http://hl7.org/fhir/StructureDefinition/Patient"/></type></element><element id="BeModelMedicationRecordPrescription.status"><path value="BeModelMedicationRecordPrescription.status"/><short value="active  | on-hold | cancelled | completed | entered-in-error | stopped | draft | unknown medicationrequest Status (Required)"/><definition value="active  | on-hold | cancelled | completed | entered-in-error | stopped | draft | unknown medicationrequest Status (Required)"/><min value="1"/><max value="1"/><base><path value="BeModelMedicationRecordPrescription.status"/><min value="1"/><max value="1"/></base><type><code value="code"/></type></element><element id="BeModelMedicationRecordPrescription.statusReason"><path value="BeModelMedicationRecordPrescription.statusReason"/><short value="Reason for current status medicationRequest Status Reason Codes (Example)"/><definition value="Reason for current status medicationRequest Status Reason Codes (Example)"/><min value="0"/><max value="*"/><base><path value="BeModelMedicationRecordPrescription.statusReason"/><min value="0"/><max value="*"/></base><type><code value="CodeableConcept"/></type></element><element id="BeModelMedicationRecordPrescription.intent"><path value="BeModelMedicationRecordPrescription.intent"/><short value="proposal | plan | order | original-order | reflex-order | filler-order | instance-order | option  medicationRequest Intent (Required)"/><definition value="proposal | plan | order | original-order | reflex-order | filler-order | instance-order | option  medicationRequest Intent (Required)"/><min value="1"/><max value="1"/><base><path value="BeModelMedicationRecordPrescription.intent"/><min value="1"/><max value="1"/></base><type><code value="code"/></type></element><element id="BeModelMedicationRecordPrescription.product[x]"><path value="BeModelMedicationRecordPrescription.product[x]"/><short value="Medication to be taken SNOMED CT Medication Codes (Example)"/><definition value="Medication to be taken SNOMED CT Medication Codes (Example)"/><min value="1"/><max value="1"/><base><path value="BeModelMedicationRecordPrescription.product[x]"/><min value="1"/><max value="1"/></base><type><code value="CodeableConcept"/></type><type><code value="Reference"/><targetProfile value="http://hl7.org/fhir/StructureDefinition/Medication"/></type></element><element id="BeModelMedicationRecordPrescription.encounter"><path value="BeModelMedicationRecordPrescription.encounter"/><short value="Encounter created as part of encounter/admission/stay"/><definition value="Encounter created as part of encounter/admission/stay"/><min value="0"/><max value="1"/><base><path value="BeModelMedicationRecordPrescription.encounter"/><min value="0"/><max value="1"/></base><type><code value="Reference"/><targetProfile value="http://hl7.org/fhir/StructureDefinition/Encounter"/></type></element><element id="BeModelMedicationRecordPrescription.requester"><path value="BeModelMedicationRecordPrescription.requester"/><short value="Who/What requested the Request"/><definition value="Who/What requested the Request"/><min value="0"/><max value="1"/><base><path value="BeModelMedicationRecordPrescription.requester"/><min value="0"/><max value="1"/></base><type><code value="Reference"/><targetProfile value="http://hl7.org/fhir/StructureDefinition/Practitioner"/></type></element><element id="BeModelMedicationRecordPrescription.reason"><path value="BeModelMedicationRecordPrescription.reason"/><short value="Reason or indication for ordering or not ordering the medication Condition/Problem/Diagnosis Codes (Example)"/><definition value="Reason or indication for ordering or not ordering the medication Condition/Problem/Diagnosis Codes (Example)"/><min value="0"/><max value="*"/><base><path value="BeModelMedicationRecordPrescription.reason"/><min value="0"/><max value="*"/></base><type><code value="Reference"/><targetProfile value="http://hl7.org/fhir/StructureDefinition/Condition"/><targetProfile value="http://hl7.org/fhir/StructureDefinition/Observation"/></type></element><element id="BeModelMedicationRecordPrescription.groupIdentifier"><path value="BeModelMedicationRecordPrescription.groupIdentifier"/><short value="Composite request this is part of"/><definition value="Composite request this is part of"/><min value="0"/><max value="1"/><base><path value="BeModelMedicationRecordPrescription.groupIdentifier"/><min value="0"/><max value="1"/></base><type><code value="Identifier"/></type></element><element id="BeModelMedicationRecordPrescription.dosageInstruction"><path value="BeModelMedicationRecordPrescription.dosageInstruction"/><short value="How the medication should be taken"/><definition value="How the medication should be taken"/><min value="0"/><max value="*"/><base><path value="BeModelMedicationRecordPrescription.dosageInstruction"/><min value="0"/><max value="*"/></base><type><code value="Dosage"/></type></element><element id="BeModelMedicationRecordPrescription.note"><path value="BeModelMedicationRecordPrescription.note"/><short value="Additional Information about the prescription"/><definition value="Additional Information about the prescription"/><min value="0"/><max value="*"/><base><path value="BeModelMedicationRecordPrescription.note"/><min value="0"/><max value="*"/></base><type><code value="Annotation"/></type></element><element id="BeModelMedicationRecordPrescription.date"><path value="BeModelMedicationRecordPrescription.date"/><short value="When request was initially made"/><definition value="When request was initially made"/><min value="0"/><max value="1"/><base><path value="BeModelMedicationRecordPrescription.date"/><min value="0"/><max value="1"/></base><type><code value="dateTime"/></type></element><element id="BeModelMedicationRecordPrescription.location"><path value="BeModelMedicationRecordPrescription.location"/><min value="0"/><max value="1"/><base><path value="BeModelMedicationRecordPrescription.location"/><min value="0"/><max value="1"/></base><type><code value="string"/></type></element><element id="BeModelMedicationRecordPrescription.treatment"><path value="BeModelMedicationRecordPrescription.treatment"/><min value="0"/><max value="1"/><base><path value="BeModelMedicationRecordPrescription.treatment"/><min value="0"/><max value="1"/></base><type><code value="Reference"/></type></element></snapshot><differential><element id="BeModelMedicationRecordPrescription"><path value="BeModelMedicationRecordPrescription"/><short value="Medication Record Prescription logical model"/></element><element id="BeModelMedicationRecordPrescription.identifier"><path value="BeModelMedicationRecordPrescription.identifier"/><short value="The business identifier(s) for the medication dispense session"/><definition value="The business identifier(s) for the medication dispense session"/><min value="0"/><max value="1"/><type><code value="Identifier"/></type></element><element id="BeModelMedicationRecordPrescription.patient"><path value="BeModelMedicationRecordPrescription.patient"/><short value="The person for which the medication is dispensed."/><definition value="The person for which the medication is dispensed."/><min value="1"/><max value="1"/><type><code value="Reference"/><targetProfile value="http://hl7.org/fhir/StructureDefinition/Patient"/></type></element><element id="BeModelMedicationRecordPrescription.status"><path value="BeModelMedicationRecordPrescription.status"/><short value="active  | on-hold | cancelled | completed | entered-in-error | stopped | draft | unknown medicationrequest Status (Required)"/><definition value="active  | on-hold | cancelled | completed | entered-in-error | stopped | draft | unknown medicationrequest Status (Required)"/><min value="1"/><max value="1"/><type><code value="code"/></type></element><element id="BeModelMedicationRecordPrescription.statusReason"><path value="BeModelMedicationRecordPrescription.statusReason"/><short value="Reason for current status medicationRequest Status Reason Codes (Example)"/><definition value="Reason for current status medicationRequest Status Reason Codes (Example)"/><min value="0"/><max value="*"/><type><code value="CodeableConcept"/></type></element><element id="BeModelMedicationRecordPrescription.intent"><path value="BeModelMedicationRecordPrescription.intent"/><short value="proposal | plan | order | original-order | reflex-order | filler-order | instance-order | option  medicationRequest Intent (Required)"/><definition value="proposal | plan | order | original-order | reflex-order | filler-order | instance-order | option  medicationRequest Intent (Required)"/><min value="1"/><max value="1"/><type><code value="code"/></type></element><element id="BeModelMedicationRecordPrescription.product[x]"><path value="BeModelMedicationRecordPrescription.product[x]"/><short value="Medication to be taken SNOMED CT Medication Codes (Example)"/><definition value="Medication to be taken SNOMED CT Medication Codes (Example)"/><min value="1"/><max value="1"/><type><code value="CodeableConcept"/></type><type><code value="Reference"/><targetProfile value="http://hl7.org/fhir/StructureDefinition/Medication"/></type></element><element id="BeModelMedicationRecordPrescription.encounter"><path value="BeModelMedicationRecordPrescription.encounter"/><short value="Encounter created as part of encounter/admission/stay"/><definition value="Encounter created as part of encounter/admission/stay"/><min value="0"/><max value="1"/><type><code value="Reference"/><targetProfile value="http://hl7.org/fhir/StructureDefinition/Encounter"/></type></element><element id="BeModelMedicationRecordPrescription.requester"><path value="BeModelMedicationRecordPrescription.requester"/><short value="Who/What requested the Request"/><definition value="Who/What requested the Request"/><min value="0"/><max value="1"/><type><code value="Reference"/><targetProfile value="http://hl7.org/fhir/StructureDefinition/Practitioner"/></type></element><element id="BeModelMedicationRecordPrescription.reason"><path value="BeModelMedicationRecordPrescription.reason"/><short value="Reason or indication for ordering or not ordering the medication Condition/Problem/Diagnosis Codes (Example)"/><definition value="Reason or indication for ordering or not ordering the medication Condition/Problem/Diagnosis Codes (Example)"/><min value="0"/><max value="*"/><type><code value="Reference"/><targetProfile value="http://hl7.org/fhir/StructureDefinition/Condition"/><targetProfile value="http://hl7.org/fhir/StructureDefinition/Observation"/></type></element><element id="BeModelMedicationRecordPrescription.groupIdentifier"><path value="BeModelMedicationRecordPrescription.groupIdentifier"/><short value="Composite request this is part of"/><definition value="Composite request this is part of"/><min value="0"/><max value="1"/><type><code value="Identifier"/></type></element><element id="BeModelMedicationRecordPrescription.dosageInstruction"><path value="BeModelMedicationRecordPrescription.dosageInstruction"/><short value="How the medication should be taken"/><definition value="How the medication should be taken"/><min value="0"/><max value="*"/><type><code value="Dosage"/></type></element><element id="BeModelMedicationRecordPrescription.note"><path value="BeModelMedicationRecordPrescription.note"/><short value="Additional Information about the prescription"/><definition value="Additional Information about the prescription"/><min value="0"/><max value="*"/><type><code value="Annotation"/></type></element><element id="BeModelMedicationRecordPrescription.date"><path value="BeModelMedicationRecordPrescription.date"/><short value="When request was initially made"/><definition value="When request was initially made"/><min value="0"/><max value="1"/><type><code value="dateTime"/></type></element><element id="BeModelMedicationRecordPrescription.location"><path value="BeModelMedicationRecordPrescription.location"/><min value="0"/><max value="1"/><type><code value="string"/></type></element><element id="BeModelMedicationRecordPrescription.treatment"><path value="BeModelMedicationRecordPrescription.treatment"/><min value="0"/><max value="1"/><type><code value="Reference"/></type></element></differential></StructureDefinition>