<?xml version="1.0" encoding="UTF-8"?>

<ImplementationGuide xmlns="http://hl7.org/fhir">
  <id value="hl7.be.fhir.medicationig"/>
  <text>
    <status value="extensions"/><div xmlns="http://www.w3.org/1999/xhtml"><h2>BEMedicationIG</h2><p>The official URL for this implementation guide is: </p><pre>https://www.hl7belgium.be/fhir/ImplementationGuide/hl7.be.fhir.medicationig</pre><div><p>ImplementationGuide for HL7 Belgium Medication Work Group</p>
</div></div>
  </text>
  <url value="https://www.hl7belgium.be/fhir/ImplementationGuide/hl7.be.fhir.medicationig"/>
  <version value="0.2.0"/>
  <name value="BEMedicationIG"/>
  <title value="HL7 Belgium Medication Implementation Guide"/>
  <status value="draft"/>
  <experimental value="false"/>
  <date value="2021-08-05T10:31:09+00:00"/>
  <publisher value="HL7 Belgium"/>
  <contact>
    <telecom>
      <system value="url"/>
      <value value="http://hl7belgium.org"/>
    </telecom>
  </contact>
  <description value="ImplementationGuide for HL7 Belgium Medication Work Group"/>
  <jurisdiction>
    <coding>
      <system value="http://unstats.un.org/unsd/methods/m49/m49.htm"/>
      <code value="056"/>
    </coding>
    <text value="Belgium"/>
  </jurisdiction>
  <packageId value="hl7.be.fhir.medicationig"/>
  <license value="CC0-1.0"/>
  <fhirVersion value="4.0.1"/>
  <dependsOn id="fedbecore">
    <uri value="https://www.ehealth.fgov.be/standards/fhir/ImplementationGuide/fed-be-core"/>
    <packageId value="fed.be.core"/>
    <version value="dev"/>
  </dependsOn>
  <definition>
    <extension url="http://hl7.org/fhir/tools/StructureDefinition/ig-parameter">
      <extension url="code">
        <valueString value="copyrightyear"/>
      </extension>
      <extension url="value">
        <valueString value="2019+"/>
      </extension>
    </extension>
    <extension url="http://hl7.org/fhir/tools/StructureDefinition/ig-parameter">
      <extension url="code">
        <valueString value="releaselabel"/>
      </extension>
      <extension url="value">
        <valueString value="CI Build"/>
      </extension>
    </extension>
    <extension url="http://hl7.org/fhir/tools/StructureDefinition/ig-parameter">
      <extension url="code">
        <valueString value="path-binary"/>
      </extension>
      <extension url="value">
        <valueString value="input\cql"/>
      </extension>
    </extension>
    <extension url="http://hl7.org/fhir/tools/StructureDefinition/ig-parameter">
      <extension url="code">
        <valueString value="excludettl"/>
      </extension>
      <extension url="value">
        <valueString value="true"/>
      </extension>
    </extension>
    <extension url="http://hl7.org/fhir/tools/StructureDefinition/ig-parameter">
      <extension url="code">
        <valueString value="show-inherited-invariants"/>
      </extension>
      <extension url="value">
        <valueString value="false"/>
      </extension>
    </extension>
    <extension url="http://hl7.org/fhir/tools/StructureDefinition/ig-parameter">
      <extension url="code">
        <valueString value="autoload-resources"/>
      </extension>
      <extension url="value">
        <valueString value="true"/>
      </extension>
    </extension>
    <extension url="http://hl7.org/fhir/tools/StructureDefinition/ig-parameter">
      <extension url="code">
        <valueString value="path-liquid"/>
      </extension>
      <extension url="value">
        <valueString value="template/liquid"/>
      </extension>
    </extension>
    <extension url="http://hl7.org/fhir/tools/StructureDefinition/ig-parameter">
      <extension url="code">
        <valueString value="path-liquid"/>
      </extension>
      <extension url="value">
        <valueString value="input/liquid"/>
      </extension>
    </extension>
    <extension url="http://hl7.org/fhir/tools/StructureDefinition/ig-parameter">
      <extension url="code">
        <valueString value="path-qa"/>
      </extension>
      <extension url="value">
        <valueString value="temp/qa"/>
      </extension>
    </extension>
    <extension url="http://hl7.org/fhir/tools/StructureDefinition/ig-parameter">
      <extension url="code">
        <valueString value="path-temp"/>
      </extension>
      <extension url="value">
        <valueString value="temp/pages"/>
      </extension>
    </extension>
    <extension url="http://hl7.org/fhir/tools/StructureDefinition/ig-parameter">
      <extension url="code">
        <valueString value="path-output"/>
      </extension>
      <extension url="value">
        <valueString value="output"/>
      </extension>
    </extension>
    <extension url="http://hl7.org/fhir/tools/StructureDefinition/ig-parameter">
      <extension url="code">
        <valueString value="path-suppressed-warnings"/>
      </extension>
      <extension url="value">
        <valueString value="input/ignoreWarnings.txt"/>
      </extension>
    </extension>
    <extension url="http://hl7.org/fhir/tools/StructureDefinition/ig-parameter">
      <extension url="code">
        <valueString value="path-history"/>
      </extension>
      <extension url="value">
        <valueString value="https://www.hl7belgium.be/fhir/history.html"/>
      </extension>
    </extension>
    <extension url="http://hl7.org/fhir/tools/StructureDefinition/ig-parameter">
      <extension url="code">
        <valueString value="template-html"/>
      </extension>
      <extension url="value">
        <valueString value="template-page.html"/>
      </extension>
    </extension>
    <extension url="http://hl7.org/fhir/tools/StructureDefinition/ig-parameter">
      <extension url="code">
        <valueString value="template-md"/>
      </extension>
      <extension url="value">
        <valueString value="template-page-md.html"/>
      </extension>
    </extension>
    <extension url="http://hl7.org/fhir/tools/StructureDefinition/ig-parameter">
      <extension url="code">
        <valueString value="apply-contact"/>
      </extension>
      <extension url="value">
        <valueString value="true"/>
      </extension>
    </extension>
    <extension url="http://hl7.org/fhir/tools/StructureDefinition/ig-parameter">
      <extension url="code">
        <valueString value="apply-context"/>
      </extension>
      <extension url="value">
        <valueString value="true"/>
      </extension>
    </extension>
    <extension url="http://hl7.org/fhir/tools/StructureDefinition/ig-parameter">
      <extension url="code">
        <valueString value="apply-copyright"/>
      </extension>
      <extension url="value">
        <valueString value="true"/>
      </extension>
    </extension>
    <extension url="http://hl7.org/fhir/tools/StructureDefinition/ig-parameter">
      <extension url="code">
        <valueString value="apply-jurisdiction"/>
      </extension>
      <extension url="value">
        <valueString value="true"/>
      </extension>
    </extension>
    <extension url="http://hl7.org/fhir/tools/StructureDefinition/ig-parameter">
      <extension url="code">
        <valueString value="apply-license"/>
      </extension>
      <extension url="value">
        <valueString value="true"/>
      </extension>
    </extension>
    <extension url="http://hl7.org/fhir/tools/StructureDefinition/ig-parameter">
      <extension url="code">
        <valueString value="apply-publisher"/>
      </extension>
      <extension url="value">
        <valueString value="true"/>
      </extension>
    </extension>
    <extension url="http://hl7.org/fhir/tools/StructureDefinition/ig-parameter">
      <extension url="code">
        <valueString value="apply-version"/>
      </extension>
      <extension url="value">
        <valueString value="true"/>
      </extension>
    </extension>
    <extension url="http://hl7.org/fhir/tools/StructureDefinition/ig-parameter">
      <extension url="code">
        <valueString value="active-tables"/>
      </extension>
      <extension url="value">
        <valueString value="true"/>
      </extension>
    </extension>
    <grouping id="medicationdispense">
      <name value="Medication Dispense"/>
      <description value="Medication Dispense"/>
    </grouping>
    <grouping id="medicationrecord">
      <name value="Medication Record"/>
      <description value="Medication Record / Medication Schema"/>
    </grouping>
    <grouping id="vocabulary">
      <name value="Vocabulary"/>
      <description value="Terminology and Vocabulary"/>
    </grouping>
    <resource>
      <extension url="http://hl7.org/fhir/tools/StructureDefinition/resource-information">
        <valueString value="StructureDefinition:logical"/>
      </extension>
      <reference>
        <reference value="StructureDefinition/be-model-medication-dispense"/>
      </reference>
      <fhirVersion value="4.0.1"/>
      <name value="Logical Model Medication Dispense"/>
      <description value="Medication Dispense entry - information captured when dispensing medication e.g. in pharmacies and hospitals"/>
      <groupingId value="medicationdispense"/>
    </resource>
    <resource>
      <extension url="http://hl7.org/fhir/tools/StructureDefinition/resource-information">
        <valueString value="StructureDefinition:resource"/>
      </extension>
      <reference>
        <reference value="StructureDefinition/be-medicationdispense"/>
      </reference>
      <fhirVersion value="4.0.1"/>
      <name value="Profile - Medication Dispense"/>
      <description value="Medication Dispense entry - information captured when dispensing medication e.g. in pharmacies and hospitals"/>
      <groupingId value="medicationdispense"/>
    </resource>
    <resource>
      <extension url="http://hl7.org/fhir/tools/StructureDefinition/resource-information">
        <valueString value="StructureDefinition:logical"/>
      </extension>
      <reference>
        <reference value="StructureDefinition/be-model-medication-record"/>
      </reference>
      <fhirVersion value="4.0.1"/>
      <name value="Logical Model Medication Record"/>
      <description value="Medication Record - summary or detailed information about the usage of medication by a patient"/>
      <groupingId value="medicationrecord"/>
    </resource>
    <resource>
      <extension url="http://hl7.org/fhir/tools/StructureDefinition/resource-information">
        <valueString value="NamingSystem"/>
      </extension>
      <reference>
        <reference value="NamingSystem/be-ns-nihdi-organization"/>
      </reference>
      <fhirVersion value="4.0.1"/>
      <name value="NamingSystem - NIHDI Organization"/>
      <description value="NIHDI identifier for care organizations"/>
      <groupingId value="terminology"/>
    </resource>
    <resource>
      <extension url="http://hl7.org/fhir/tools/StructureDefinition/resource-information">
        <valueString value="NamingSystem"/>
      </extension>
      <reference>
        <reference value="NamingSystem/be-ns-nihdi-professional"/>
      </reference>
      <fhirVersion value="4.0.1"/>
      <name value="NamingSystem - NIHDI Professional"/>
      <description value="NIHDI identifier for care professionals"/>
      <groupingId value="terminology"/>
    </resource>
    <resource>
      <extension url="http://hl7.org/fhir/tools/StructureDefinition/resource-information">
        <valueString value="MedicationDispense"/>
      </extension>
      <reference>
        <reference value="MedicationDispense/medication-dispense-example-1"/>
      </reference>
      <fhirVersion value="4.0.1"/>
      <name value="Medication Dispense Example 1"/>
      <description value="Medication Dispense Example 1 - a simple example of a dispensation in a pharmacy"/>
      <exampleCanonical value="https://www.hl7belgium.be/fhir/StructureDefinition/be-medicationdispense"/>
      <groupingId value="medicationdispense"/>
    </resource>
    <resource>
      <extension url="http://hl7.org/fhir/tools/StructureDefinition/resource-information">
        <valueString value="MedicationDispense"/>
      </extension>
      <reference>
        <reference value="MedicationDispense/medication-dispense-example-2"/>
      </reference>
      <fhirVersion value="4.0.1"/>
      <name value="Medication Dispense Example 2"/>
      <description value="Medication Dispense Example 2 - a simple example of a dispensation in a pharmacy - with a geolocation"/>
      <exampleCanonical value="https://www.hl7belgium.be/fhir/StructureDefinition/be-medicationdispense"/>
      <groupingId value="medicationdispense"/>
    </resource>
    <resource>
      <extension url="http://hl7.org/fhir/tools/StructureDefinition/resource-information">
        <valueString value="MedicationRequest"/>
      </extension>
      <reference>
        <reference value="MedicationRequest/example-5-of-medication-presc"/>
      </reference>
      <name value="Example MedicationRequest - example-5-of-medication-presc"/>
      <exampleCanonical value="https://www.hl7belgium.be/fhir/StructureDefinition/MedRecordOrder"/>
    </resource>
    <resource>
      <extension url="http://hl7.org/fhir/tools/StructureDefinition/resource-information">
        <valueString value="StructureDefinition:resource"/>
      </extension>
      <reference>
        <reference value="StructureDefinition/MedRecordTreatment"/>
      </reference>
      <name value="Medication Treatment profile"/>
      <description value="The profile for Medication Treatment in a Medication Record - a set of treatment lines/items"/>
    </resource>
    <resource>
      <extension url="http://hl7.org/fhir/tools/StructureDefinition/resource-information">
        <valueString value="MedicationDispense"/>
      </extension>
      <reference>
        <reference value="MedicationDispense/example-3-2-of-medication-dispense"/>
      </reference>
      <name value="Example MedicationDispense - example-3-2-of-medication-dispense"/>
      <exampleCanonical value="https://www.hl7belgium.be/fhir/StructureDefinition/MedRecordDispense"/>
    </resource>
    <resource>
      <extension url="http://hl7.org/fhir/tools/StructureDefinition/resource-information">
        <valueString value="StructureDefinition:logical"/>
      </extension>
      <reference>
        <reference value="StructureDefinition/BeModelMedicationRecordOrder"/>
      </reference>
      <name value="Medication Record Prescription logical model"/>
    </resource>
    <resource>
      <extension url="http://hl7.org/fhir/tools/StructureDefinition/resource-information">
        <valueString value="StructureDefinition:logical"/>
      </extension>
      <reference>
        <reference value="StructureDefinition/BeModelMedicationRecordUsage"/>
      </reference>
      <name value="Medication Record Usage logical model"/>
    </resource>
    <resource>
      <extension url="http://hl7.org/fhir/tools/StructureDefinition/resource-information">
        <valueString value="MedicationDispense"/>
      </extension>
      <reference>
        <reference value="MedicationDispense/example-10-2-of-medication-dispense"/>
      </reference>
      <name value="Example MedicationDispense - example-10-2-of-medication-dispense"/>
      <exampleCanonical value="https://www.hl7belgium.be/fhir/StructureDefinition/MedRecordDispense"/>
    </resource>
    <resource>
      <extension url="http://hl7.org/fhir/tools/StructureDefinition/resource-information">
        <valueString value="MedicationDispense"/>
      </extension>
      <reference>
        <reference value="MedicationDispense/example-3-of-medication-dispense"/>
      </reference>
      <name value="Example MedicationDispense - example-3-of-medication-dispense"/>
      <exampleCanonical value="https://www.hl7belgium.be/fhir/StructureDefinition/MedRecordDispense"/>
    </resource>
    <resource>
      <extension url="http://hl7.org/fhir/tools/StructureDefinition/resource-information">
        <valueString value="MedicationDispense"/>
      </extension>
      <reference>
        <reference value="MedicationDispense/example-4-1-of-medication-dispense"/>
      </reference>
      <name value="Example MedicationDispense - example-4-1-of-medication-dispense"/>
      <exampleCanonical value="https://www.hl7belgium.be/fhir/StructureDefinition/MedRecordDispense"/>
    </resource>
    <resource>
      <extension url="http://hl7.org/fhir/tools/StructureDefinition/resource-information">
        <valueString value="StructureDefinition:resource"/>
      </extension>
      <reference>
        <reference value="StructureDefinition/MedRecordAdministration"/>
      </reference>
      <name value="Medication Record - Administration profile"/>
      <description value="The profile for Medication Administration in a Medication Record - a record of a single administration event"/>
    </resource>
    <resource>
      <extension url="http://hl7.org/fhir/tools/StructureDefinition/resource-information">
        <valueString value="MedicationStatement"/>
      </extension>
      <reference>
        <reference value="MedicationStatement/example-7-of-medication-usage"/>
      </reference>
      <name value="Example MedicationStatement - example-7-of-medication-usage"/>
      <exampleCanonical value="https://www.hl7belgium.be/fhir/StructureDefinition/MedRecordUsage"/>
    </resource>
    <resource>
      <extension url="http://hl7.org/fhir/tools/StructureDefinition/resource-information">
        <valueString value="StructureDefinition:resource"/>
      </extension>
      <reference>
        <reference value="StructureDefinition/MedRecordTreatmentLine"/>
      </reference>
      <name value="Medication Treatment Line profile"/>
      <description value="The profile for Medication Treatment Line - a single recorded item/line of a medication treatment"/>
    </resource>
    <resource>
      <extension url="http://hl7.org/fhir/tools/StructureDefinition/resource-information">
        <valueString value="ValueSet"/>
      </extension>
      <reference>
        <reference value="ValueSet/be-vs-medication-summary-types"/>
      </reference>
      <name value="Medication Summary types"/>
      <description value="Valueset -  Medication Summary types"/>
    </resource>
    <resource>
      <extension url="http://hl7.org/fhir/tools/StructureDefinition/resource-information">
        <valueString value="MedicationDispense"/>
      </extension>
      <reference>
        <reference value="MedicationDispense/medication-dispense-hospital"/>
      </reference>
      <name value="Example MedicationDispense - medication-dispense-hospital"/>
      <exampleCanonical value="https://www.hl7belgium.be/fhir/StructureDefinition/be-medicationdispense"/>
    </resource>
    <resource>
      <extension url="http://hl7.org/fhir/tools/StructureDefinition/resource-information">
        <valueString value="MedicationRequest"/>
      </extension>
      <reference>
        <reference value="MedicationRequest/example-3-of-medication-presc"/>
      </reference>
      <name value="Example MedicationRequest - example-3-of-medication-presc"/>
      <exampleCanonical value="https://www.hl7belgium.be/fhir/StructureDefinition/MedRecordOrder"/>
    </resource>
    <resource>
      <extension url="http://hl7.org/fhir/tools/StructureDefinition/resource-information">
        <valueString value="MedicationRequest"/>
      </extension>
      <reference>
        <reference value="MedicationRequest/example-2-of-medication-presc"/>
      </reference>
      <name value="Example MedicationRequest - example-2-of-medication-presc"/>
      <exampleCanonical value="https://www.hl7belgium.be/fhir/StructureDefinition/MedRecordOrder"/>
    </resource>
    <resource>
      <extension url="http://hl7.org/fhir/tools/StructureDefinition/resource-information">
        <valueString value="MedicationStatement"/>
      </extension>
      <reference>
        <reference value="MedicationStatement/example-8-of-medication-usage"/>
      </reference>
      <name value="Example MedicationStatement - example-8-of-medication-usage"/>
      <exampleCanonical value="https://www.hl7belgium.be/fhir/StructureDefinition/MedRecordUsage"/>
    </resource>
    <resource>
      <extension url="http://hl7.org/fhir/tools/StructureDefinition/resource-information">
        <valueString value="StructureDefinition:logical"/>
      </extension>
      <reference>
        <reference value="StructureDefinition/BeModelMedicationRecordDispense"/>
      </reference>
      <name value="Medication Record Dispense logical model"/>
    </resource>
    <resource>
      <extension url="http://hl7.org/fhir/tools/StructureDefinition/resource-information">
        <valueString value="StructureDefinition:resource"/>
      </extension>
      <reference>
        <reference value="StructureDefinition/MedRecord"/>
      </reference>
      <name value="Medication Record profile"/>
      <description value="The profile for Medication Record"/>
    </resource>
    <resource>
      <extension url="http://hl7.org/fhir/tools/StructureDefinition/resource-information">
        <valueString value="StructureDefinition:resource"/>
      </extension>
      <reference>
        <reference value="StructureDefinition/MedRecordMedicationScheduledAdministration"/>
      </reference>
      <name value="Medication Scheduled Administration"/>
      <description value="The profile for Medication Scheduled Administration in a Medication Record - a set of schedules takes for a certain drug, based on a previous prescription"/>
    </resource>
    <resource>
      <extension url="http://hl7.org/fhir/tools/StructureDefinition/resource-information">
        <valueString value="StructureDefinition:logical"/>
      </extension>
      <reference>
        <reference value="StructureDefinition/BeModelMedicationRecordTreatmentLine"/>
      </reference>
      <name value="Medication Record Treatment Line logical model"/>
    </resource>
    <resource>
      <extension url="http://hl7.org/fhir/tools/StructureDefinition/resource-information">
        <valueString value="MedicationDispense"/>
      </extension>
      <reference>
        <reference value="MedicationDispense/example-5-of-medication-dispense"/>
      </reference>
      <name value="Example MedicationDispense - example-5-of-medication-dispense"/>
      <exampleCanonical value="https://www.hl7belgium.be/fhir/StructureDefinition/MedRecordDispense"/>
    </resource>
    <resource>
      <extension url="http://hl7.org/fhir/tools/StructureDefinition/resource-information">
        <valueString value="MedicationDispense"/>
      </extension>
      <reference>
        <reference value="MedicationDispense/example-10-1-of-medication-dispense"/>
      </reference>
      <name value="Example MedicationDispense - example-10-1-of-medication-dispense"/>
      <exampleCanonical value="https://www.hl7belgium.be/fhir/StructureDefinition/MedRecordDispense"/>
    </resource>
    <resource>
      <extension url="http://hl7.org/fhir/tools/StructureDefinition/resource-information">
        <valueString value="NamingSystem"/>
      </extension>
      <reference>
        <reference value="NamingSystem/be-ns-product-package-type"/>
      </reference>
      <description value="Naming System - Product Package Types"/>
    </resource>
    <resource>
      <extension url="http://hl7.org/fhir/tools/StructureDefinition/resource-information">
        <valueString value="StructureDefinition:resource"/>
      </extension>
      <reference>
        <reference value="StructureDefinition/MedRecord-comp"/>
      </reference>
      <name value="Structure Composition for medication Record profile"/>
      <description value="How to organize the information in a medication Record"/>
    </resource>
    <resource>
      <extension url="http://hl7.org/fhir/tools/StructureDefinition/resource-information">
        <valueString value="MedicationAdministration"/>
      </extension>
      <reference>
        <reference value="MedicationAdministration/example-8-of-medication-administration"/>
      </reference>
      <name value="Example MedicationAdministration - example-8-of-medication-administration"/>
      <exampleCanonical value="https://www.hl7belgium.be/fhir/StructureDefinition/MedRecordAdministration"/>
    </resource>
    <resource>
      <extension url="http://hl7.org/fhir/tools/StructureDefinition/resource-information">
        <valueString value="StructureDefinition:logical"/>
      </extension>
      <reference>
        <reference value="StructureDefinition/BeModelMedicationRecordSummaryView"/>
      </reference>
      <name value="Medication Record Treatment View logical model"/>
    </resource>
    <resource>
      <extension url="http://hl7.org/fhir/tools/StructureDefinition/resource-information">
        <valueString value="StructureDefinition:resource"/>
      </extension>
      <reference>
        <reference value="StructureDefinition/MedRecordUsage"/>
      </reference>
      <name value="Medication Record - Usage profile"/>
      <description value="The profile for Medication Usage in a Medication Record - a record of a single administration event"/>
    </resource>
    <resource>
      <extension url="http://hl7.org/fhir/tools/StructureDefinition/resource-information">
        <valueString value="NamingSystem"/>
      </extension>
      <reference>
        <reference value="NamingSystem/be-ns-cnk-codes"/>
      </reference>
      <description value="Naming System - CNK Product Codes"/>
    </resource>
    <resource>
      <extension url="http://hl7.org/fhir/tools/StructureDefinition/resource-information">
        <valueString value="MedicationDispense"/>
      </extension>
      <reference>
        <reference value="MedicationDispense/example-7-of-medication-dispense"/>
      </reference>
      <name value="Example MedicationDispense - example-7-of-medication-dispense"/>
      <exampleCanonical value="https://www.hl7belgium.be/fhir/StructureDefinition/MedRecordDispense"/>
    </resource>
    <resource>
      <extension url="http://hl7.org/fhir/tools/StructureDefinition/resource-information">
        <valueString value="MedicationRequest"/>
      </extension>
      <reference>
        <reference value="MedicationRequest/example-3-2-of-medication-presc"/>
      </reference>
      <name value="Example MedicationRequest - example-3-2-of-medication-presc"/>
      <exampleCanonical value="https://www.hl7belgium.be/fhir/StructureDefinition/MedRecordOrder"/>
    </resource>
    <resource>
      <extension url="http://hl7.org/fhir/tools/StructureDefinition/resource-information">
        <valueString value="MedicationRequest"/>
      </extension>
      <reference>
        <reference value="MedicationRequest/example-6-of-medication-presc"/>
      </reference>
      <name value="Example MedicationRequest - example-6-of-medication-presc"/>
      <exampleCanonical value="https://www.hl7belgium.be/fhir/StructureDefinition/MedRecordOrder"/>
    </resource>
    <resource>
      <extension url="http://hl7.org/fhir/tools/StructureDefinition/resource-information">
        <valueString value="StructureDefinition:logical"/>
      </extension>
      <reference>
        <reference value="StructureDefinition/BeModelMedicationScheduledAdministration"/>
      </reference>
      <name value="Medication Record Scheduled Administration logical model"/>
      <description value="Record of a single planned administration event"/>
    </resource>
    <resource>
      <extension url="http://hl7.org/fhir/tools/StructureDefinition/resource-information">
        <valueString value="StructureDefinition:logical"/>
      </extension>
      <reference>
        <reference value="StructureDefinition/BeModelMedicationRecordTreatment"/>
      </reference>
      <name value="Medication Record Treatment logical model"/>
    </resource>
    <resource>
      <extension url="http://hl7.org/fhir/tools/StructureDefinition/resource-information">
        <valueString value="MedicationRequest"/>
      </extension>
      <reference>
        <reference value="MedicationRequest/example-7-of-medication-presc"/>
      </reference>
      <name value="Example MedicationRequest - example-7-of-medication-presc"/>
      <exampleCanonical value="https://www.hl7belgium.be/fhir/StructureDefinition/MedRecordOrder"/>
    </resource>
    <resource>
      <extension url="http://hl7.org/fhir/tools/StructureDefinition/resource-information">
        <valueString value="MedicationDispense"/>
      </extension>
      <reference>
        <reference value="MedicationDispense/example-6-1-of-medication-dispense"/>
      </reference>
      <name value="Example MedicationDispense - example-6-1-of-medication-dispense"/>
      <exampleCanonical value="https://www.hl7belgium.be/fhir/StructureDefinition/MedRecordDispense"/>
    </resource>
    <resource>
      <extension url="http://hl7.org/fhir/tools/StructureDefinition/resource-information">
        <valueString value="StructureDefinition:logical"/>
      </extension>
      <reference>
        <reference value="StructureDefinition/BeModelMedicationRecord"/>
      </reference>
      <name value="Medication Record logical model"/>
      <description value="A structure collection of a patient&#39;s medication history."/>
    </resource>
    <resource>
      <extension url="http://hl7.org/fhir/tools/StructureDefinition/resource-information">
        <valueString value="MedicationDispense"/>
      </extension>
      <reference>
        <reference value="MedicationDispense/example-8-of-medication-dispense"/>
      </reference>
      <name value="Example MedicationDispense - example-8-of-medication-dispense"/>
      <exampleCanonical value="https://www.hl7belgium.be/fhir/StructureDefinition/MedRecordDispense"/>
    </resource>
    <resource>
      <extension url="http://hl7.org/fhir/tools/StructureDefinition/resource-information">
        <valueString value="MedicationDispense"/>
      </extension>
      <reference>
        <reference value="MedicationDispense/example-dispense-communitypharmacy-1med"/>
      </reference>
      <name value="Example MedicationDispense - example-dispense-communitypharmacy-1med"/>
      <exampleCanonical value="https://www.hl7belgium.be/fhir/StructureDefinition/be-medicationdispense"/>
    </resource>
    <resource>
      <extension url="http://hl7.org/fhir/tools/StructureDefinition/resource-information">
        <valueString value="StructureDefinition:logical"/>
      </extension>
      <reference>
        <reference value="StructureDefinition/BeModelMedicationRecordAdministration"/>
      </reference>
      <name value="Medication Record Administration logical model"/>
    </resource>
    <resource>
      <extension url="http://hl7.org/fhir/tools/StructureDefinition/resource-information">
        <valueString value="ValueSet"/>
      </extension>
      <reference>
        <reference value="ValueSet/medication-substitution-dispense-v1"/>
      </reference>
      <name value="medication substitution Value set"/>
      <description value="Value set for substituting a medication on dispense."/>
    </resource>
    <resource>
      <extension url="http://hl7.org/fhir/tools/StructureDefinition/resource-information">
        <valueString value="StructureDefinition:resource"/>
      </extension>
      <reference>
        <reference value="StructureDefinition/MedRecordOrder"/>
      </reference>
      <name value="Medication Record - Order profile"/>
      <description value="The profile for Medication Order in a Medication Record - a record of a order or request for a medication or a change of medication, implicit or explicit"/>
    </resource>
    <resource>
      <extension url="http://hl7.org/fhir/tools/StructureDefinition/resource-information">
        <valueString value="MedicationRequest"/>
      </extension>
      <reference>
        <reference value="MedicationRequest/example-8-of-medication-presc"/>
      </reference>
      <name value="Example MedicationRequest - example-8-of-medication-presc"/>
      <exampleCanonical value="https://www.hl7belgium.be/fhir/StructureDefinition/MedRecordOrder"/>
    </resource>
    <resource>
      <extension url="http://hl7.org/fhir/tools/StructureDefinition/resource-information">
        <valueString value="NamingSystem"/>
      </extension>
      <reference>
        <reference value="NamingSystem/be-ns-prescription-ids"/>
      </reference>
      <description value="Naming System - Prescription IDs"/>
    </resource>
    <resource>
      <extension url="http://hl7.org/fhir/tools/StructureDefinition/resource-information">
        <valueString value="MedicationDispense"/>
      </extension>
      <reference>
        <reference value="MedicationDispense/example-4-2-of-medication-dispense"/>
      </reference>
      <name value="Example MedicationDispense - example-4-2-of-medication-dispense"/>
      <exampleCanonical value="https://www.hl7belgium.be/fhir/StructureDefinition/MedRecordDispense"/>
    </resource>
    <resource>
      <extension url="http://hl7.org/fhir/tools/StructureDefinition/resource-information">
        <valueString value="MedicationDispense"/>
      </extension>
      <reference>
        <reference value="MedicationDispense/example-10-3-of-medication-dispense"/>
      </reference>
      <name value="Example MedicationDispense - example-10-3-of-medication-dispense"/>
      <exampleCanonical value="https://www.hl7belgium.be/fhir/StructureDefinition/MedRecordDispense"/>
    </resource>
    <resource>
      <extension url="http://hl7.org/fhir/tools/StructureDefinition/resource-information">
        <valueString value="CodeSystem"/>
      </extension>
      <reference>
        <reference value="CodeSystem/be-cs-medication-summary-types"/>
      </reference>
      <name value="Medication Summary types"/>
      <description value="CodeSystem - Medication Summary types"/>
    </resource>
    <resource>
      <extension url="http://hl7.org/fhir/tools/StructureDefinition/resource-information">
        <valueString value="StructureDefinition:resource"/>
      </extension>
      <reference>
        <reference value="StructureDefinition/MedRecordDispense"/>
      </reference>
      <name value="Medication Record - Dispense profile"/>
      <description value="The profile for Medication Dispense in a Medication Record - a record of a single administration event"/>
    </resource>
    <resource>
      <extension url="http://hl7.org/fhir/tools/StructureDefinition/resource-information">
        <valueString value="MedicationRequest"/>
      </extension>
      <reference>
        <reference value="MedicationRequest/example-4-of-medication-presc"/>
      </reference>
      <name value="Example MedicationRequest - example-4-of-medication-presc"/>
      <exampleCanonical value="https://www.hl7belgium.be/fhir/StructureDefinition/MedRecordOrder"/>
    </resource>
    <resource>
      <extension url="http://hl7.org/fhir/tools/StructureDefinition/resource-information">
        <valueString value="StructureDefinition:resource"/>
      </extension>
      <reference>
        <reference value="StructureDefinition/MedRecordMedicationSummaryView"/>
      </reference>
      <name value="Medication Summary View profile"/>
      <description value="The profile for Medication Summary view in a Medication Record"/>
    </resource>
    <resource>
      <extension url="http://hl7.org/fhir/tools/StructureDefinition/resource-information">
        <valueString value="MedicationDispense"/>
      </extension>
      <reference>
        <reference value="MedicationDispense/example-minimal-dispense"/>
      </reference>
      <name value="Example MedicationDispense - example-minimal-dispense"/>
      <exampleCanonical value="https://www.hl7belgium.be/fhir/StructureDefinition/be-medicationdispense"/>
    </resource>
    <resource>
      <extension url="http://hl7.org/fhir/tools/StructureDefinition/resource-information">
        <valueString value="MedicationDispense"/>
      </extension>
      <reference>
        <reference value="MedicationDispense/example-2-of-medication-dispense"/>
      </reference>
      <name value="Example MedicationDispense - example-2-of-medication-dispense"/>
      <exampleCanonical value="https://www.hl7belgium.be/fhir/StructureDefinition/MedRecordDispense"/>
    </resource>
    <resource>
      <extension url="http://hl7.org/fhir/tools/StructureDefinition/resource-information">
        <valueString value="MedicationDispense"/>
      </extension>
      <reference>
        <reference value="MedicationDispense/example-1-of-medication-dispense"/>
      </reference>
      <name value="Example MedicationDispense - example-1-of-medication-dispense"/>
      <exampleCanonical value="https://www.hl7belgium.be/fhir/StructureDefinition/MedRecordDispense"/>
    </resource>
    <resource>
      <extension url="http://hl7.org/fhir/tools/StructureDefinition/resource-information">
        <valueString value="MedicationRequest"/>
      </extension>
      <reference>
        <reference value="MedicationRequest/example-1-of-medication-presc"/>
      </reference>
      <name value="Example MedicationRequest - example-1-of-medication-presc"/>
      <exampleCanonical value="https://www.hl7belgium.be/fhir/StructureDefinition/MedRecordOrder"/>
    </resource>
    <page>
      <nameUrl value="toc.html"/>
      <title value="Table of Contents"/>
      <generation value="html"/>
      <page>
        <nameUrl value="index.html"/>
        <title value="Home Page"/>
        <generation value="html"/>
      </page>
      <page>
        <nameUrl value="howto.html"/>
        <title value="How to read this document"/>
        <generation value="html"/>
      </page>
      <page>
        <nameUrl value="usecases-dispense.html"/>
        <title value="Use Cases - Dispense"/>
        <generation value="markdown"/>
      </page>
      <page>
        <nameUrl value="medicationrecord.html"/>
        <title value="The Belgian Medication Record"/>
        <generation value="markdown"/>
        <page>
          <nameUrl value="medicationrecord-scenarios.html"/>
          <title value="Medication Record Scenarios"/>
          <generation value="markdown"/>
          <page>
            <nameUrl value="medicationrecord-scenario-1.html"/>
            <title value="Scenario 1 - concurrent medications"/>
            <generation value="markdown"/>
          </page>
          <page>
            <nameUrl value="medicationrecord-scenario-2.html"/>
            <title value="Scenario 2 - medication protocols"/>
            <generation value="markdown"/>
          </page>
        </page>
        <page>
          <nameUrl value="medicationrecord-definitions.html"/>
          <title value="Definitions - Medication Record"/>
          <generation value="markdown"/>
        </page>
        <page>
          <nameUrl value="medicationrecord-requirements.html"/>
          <title value="Requirements - Medication Record"/>
          <generation value="markdown"/>
          <page>
            <nameUrl value="medication-granularity.html"/>
            <title value="Medication Granularity"/>
            <generation value="markdown"/>
          </page>
          <page>
            <nameUrl value="medication-class-group.html"/>
            <title value="Medication Classification and grouping"/>
            <generation value="markdown"/>
          </page>
        </page>
        <page>
          <nameUrl value="medicationrecord-patterns.html"/>
          <title value="Architectural patterns - Medication Record"/>
          <generation value="markdown"/>
          <page>
            <nameUrl value="medicationrecord-pattern-1.html"/>
            <title value="Pattern 1 - Consult a patient&#39;s medication record"/>
            <generation value="markdown"/>
          </page>
          <page>
            <nameUrl value="medicationrecord-pattern-2.html"/>
            <title value="Pattern 2 - update a patient&#39;s medication record"/>
            <generation value="markdown"/>
          </page>
          <page>
            <nameUrl value="medicationrecord-pattern-3.html"/>
            <title value="Pattern 3 - Compile a medication record"/>
            <generation value="markdown"/>
          </page>
        </page>
      </page>
      <page>
        <nameUrl value="medicationrecord-usageexamples.html"/>
        <title value="MedicationRecord - usage examples"/>
        <generation value="markdown"/>
        <page>
          <nameUrl value="example1.html"/>
          <title value="Prescribed branded medication is changed by another branded medication from the same VOS-cluster"/>
          <generation value="markdown"/>
        </page>
        <page>
          <nameUrl value="example2a.html"/>
          <title value="Prescribed medication is changed by another medication from a different VOS-cluster - different strength"/>
          <generation value="markdown"/>
        </page>
        <page>
          <nameUrl value="example2b.html"/>
          <title value="Prescribed medication is changed by another medication from a different VOS-cluster - Different package size"/>
          <generation value="markdown"/>
        </page>
        <page>
          <nameUrl value="example3.html"/>
          <title value="Dispense medication before the prescription is available"/>
          <generation value="markdown"/>
        </page>
        <page>
          <nameUrl value="example4.html"/>
          <title value="Dispense of prescribed medication and of a product that can be dispensed without a prescription"/>
          <generation value="markdown"/>
        </page>
        <page>
          <nameUrl value="example5.html"/>
          <title value="Dispense of new brand medication that is given because the old is unavailable, so giving to continue the treatment and not to replace it"/>
          <generation value="markdown"/>
        </page>
        <page>
          <nameUrl value="example6.html"/>
          <title value="Refusal to dispense the prescribed medication"/>
          <generation value="markdown"/>
        </page>
        <page>
          <nameUrl value="example7.html"/>
          <title value="Dispense of medication that was prescribed to take if needed, but was not taken"/>
          <generation value="markdown"/>
        </page>
        <page>
          <nameUrl value="example8.html"/>
          <title value="Dispense of medication that was prescribed, but not taken till the end"/>
          <generation value="markdown"/>
        </page>
        <page>
          <nameUrl value="example9a.html"/>
          <title value="Recording of anesthetic, contrast and similar medications - Checking possible interactions before surgery"/>
          <generation value="markdown"/>
        </page>
        <page>
          <nameUrl value="example9b.html"/>
          <title value="Recording of anesthetic, contrast and similar medications - Product prescribed (by VOS) and dispense for exam "/>
          <generation value="markdown"/>
        </page>
        <page>
          <nameUrl value="example10.html"/>
          <title value="The recording of non-medication aka pharmaceutical products"/>
          <generation value="markdown"/>
        </page>
        <page>
          <nameUrl value="logical-models.html"/>
          <title value="Logical Models"/>
          <generation value="markdown"/>
        </page>
        <page>
          <nameUrl value="downloads.html"/>
          <title value="Downloads"/>
          <generation value="html"/>
        </page>
      </page>
      <page>
        <nameUrl value="implementation.html"/>
        <title value="Medication Record Implementation"/>
        <generation value="markdown"/>
        <page>
          <nameUrl value="medicationrecord-fhir-resources.html"/>
          <title value="Medication Record - FHIR resources"/>
          <generation value="markdown"/>
        </page>
      </page>
    </page>
    <parameter>
      <code value="path-resource"/>
      <value value="input/capabilities"/>
    </parameter>
    <parameter>
      <code value="path-resource"/>
      <value value="input/examples"/>
    </parameter>
    <parameter>
      <code value="path-resource"/>
      <value value="input/extensions"/>
    </parameter>
    <parameter>
      <code value="path-resource"/>
      <value value="input/models"/>
    </parameter>
    <parameter>
      <code value="path-resource"/>
      <value value="input/operations"/>
    </parameter>
    <parameter>
      <code value="path-resource"/>
      <value value="input/profiles"/>
    </parameter>
    <parameter>
      <code value="path-resource"/>
      <value value="input/resources"/>
    </parameter>
    <parameter>
      <code value="path-resource"/>
      <value value="input/vocabulary"/>
    </parameter>
    <parameter>
      <code value="path-resource"/>
      <value value="input/maps"/>
    </parameter>
    <parameter>
      <code value="path-resource"/>
      <value value="input/testing"/>
    </parameter>
    <parameter>
      <code value="path-resource"/>
      <value value="input/history"/>
    </parameter>
    <parameter>
      <code value="path-resource"/>
      <value value="fsh-generated/resources"/>
    </parameter>
    <parameter>
      <code value="path-pages"/>
      <value value="template/config"/>
    </parameter>
    <parameter>
      <code value="path-pages"/>
      <value value="input/images"/>
    </parameter>
    <parameter>
      <code value="path-tx-cache"/>
      <value value="input-cache/txcache"/>
    </parameter>
  </definition>
</ImplementationGuide>