<?xml version="1.0" encoding="UTF-8"?><StructureDefinition xmlns="http://hl7.org/fhir"><id value="BeModelMedicationRecord"/><text><status value="extensions"/><div xmlns="http://www.w3.org/1999/xhtml"><table border="0" cellpadding="0" cellspacing="0" style="border: 0px #F0F0F0 solid; font-size: 11px; font-family: verdana; vertical-align: top;"><tr style="border: 1px #F0F0F0 solid; font-size: 11px; font-family: verdana; vertical-align: top"><th style="vertical-align: top; text-align : left; background-color: white; border: 0px #F0F0F0 solid; padding:0px 4px 0px 4px" class="hierarchy"><a href="http://hl7.org/fhir/R4/formats.html#table" title="The logical name of the element">Name</a></th><th style="vertical-align: top; text-align : left; background-color: white; border: 0px #F0F0F0 solid; padding:0px 4px 0px 4px" class="hierarchy"><a href="http://hl7.org/fhir/R4/formats.html#table" title="Information about the use of the element">Flags</a></th><th style="vertical-align: top; text-align : left; background-color: white; border: 0px #F0F0F0 solid; padding:0px 4px 0px 4px" class="hierarchy"><a href="http://hl7.org/fhir/R4/formats.html#table" title="Minimum and Maximum # of times the the element can appear in the instance">Card.</a></th><th style="width: 100px" class="hierarchy"><a href="http://hl7.org/fhir/R4/formats.html#table" title="Reference to the type of the element">Type</a></th><th style="vertical-align: top; text-align : left; background-color: white; border: 0px #F0F0F0 solid; padding:0px 4px 0px 4px" class="hierarchy"><a href="http://hl7.org/fhir/R4/formats.html#table" title="Additional information about the element">Description &amp; Constraints</a><span style="float: right"><a href="http://hl7.org/fhir/R4/formats.html#table" title="Legend for this format"><img src="http://hl7.org/fhir/R4/help16.png" alt="doco" style="background-color: inherit"/></a></span></th></tr><tr style="border: 0px #F0F0F0 solid; padding:0px; vertical-align: top; background-color: white"><td style="vertical-align: top; text-align : left; background-color: white; border: 0px #F0F0F0 solid; padding:0px 4px 0px 4px; white-space: nowrap; background-image: url(tbl_bck1.png)" class="hierarchy"><img src="tbl_spacer.png" alt="." style="background-color: inherit" class="hierarchy"/><img src="icon_element.gif" alt="." style="background-color: white; background-color: inherit" title="Element" class="hierarchy"/> <a href="StructureDefinition-BeModelMedicationRecord-definitions.html#BeModelMedicationRecord" title="A collection of a patient&#39;s medication history.">BeModelMedicationRecord</a><a name="BeModelMedicationRecord"> </a></td><td style="vertical-align: top; text-align : left; background-color: white; border: 0px #F0F0F0 solid; padding:0px 4px 0px 4px" class="hierarchy"/><td style="vertical-align: top; text-align : left; background-color: white; border: 0px #F0F0F0 solid; padding:0px 4px 0px 4px" class="hierarchy"><span style="opacity: 0.5">0</span><span style="opacity: 0.5">..</span><span style="opacity: 0.5">*</span></td><td style="vertical-align: top; text-align : left; background-color: white; border: 0px #F0F0F0 solid; padding:0px 4px 0px 4px" class="hierarchy"/><td style="vertical-align: top; text-align : left; background-color: white; border: 0px #F0F0F0 solid; padding:0px 4px 0px 4px" class="hierarchy">Medication Record logical model</td></tr>
<tr style="border: 0px #F0F0F0 solid; padding:0px; vertical-align: top; background-color: #F7F7F7"><td style="vertical-align: top; text-align : left; background-color: #F7F7F7; border: 0px #F0F0F0 solid; padding:0px 4px 0px 4px; white-space: nowrap; background-image: url(tbl_bck10.png)" class="hierarchy"><img src="tbl_spacer.png" alt="." style="background-color: inherit" class="hierarchy"/><img src="tbl_vjoin.png" alt="." style="background-color: inherit" class="hierarchy"/><img src="icon_datatype.gif" alt="." style="background-color: #F7F7F7; background-color: inherit" title="Data Type" class="hierarchy"/> <a href="StructureDefinition-BeModelMedicationRecord-definitions.html#BeModelMedicationRecord.patient">patient</a><a name="BeModelMedicationRecord.patient"> </a></td><td style="vertical-align: top; text-align : left; background-color: #F7F7F7; border: 0px #F0F0F0 solid; padding:0px 4px 0px 4px" class="hierarchy"/><td style="vertical-align: top; text-align : left; background-color: #F7F7F7; border: 0px #F0F0F0 solid; padding:0px 4px 0px 4px" class="hierarchy">1..1</td><td style="vertical-align: top; text-align : left; background-color: #F7F7F7; border: 0px #F0F0F0 solid; padding:0px 4px 0px 4px" class="hierarchy"><a href="http://hl7.org/fhir/R4/datatypes.html#BackboneElement">BackboneElement</a></td><td style="vertical-align: top; text-align : left; background-color: #F7F7F7; border: 0px #F0F0F0 solid; padding:0px 4px 0px 4px" class="hierarchy"/></tr>
<tr style="border: 0px #F0F0F0 solid; padding:0px; vertical-align: top; background-color: white"><td style="vertical-align: top; text-align : left; background-color: white; border: 0px #F0F0F0 solid; padding:0px 4px 0px 4px; white-space: nowrap; background-image: url(tbl_bck10.png)" class="hierarchy"><img src="tbl_spacer.png" alt="." style="background-color: inherit" class="hierarchy"/><img src="tbl_vjoin.png" alt="." style="background-color: inherit" class="hierarchy"/><img src="icon_datatype.gif" alt="." style="background-color: white; background-color: inherit" title="Data Type" class="hierarchy"/> <a href="StructureDefinition-BeModelMedicationRecord-definitions.html#BeModelMedicationRecord.prescription">prescription</a><a name="BeModelMedicationRecord.prescription"> </a></td><td style="vertical-align: top; text-align : left; background-color: white; border: 0px #F0F0F0 solid; padding:0px 4px 0px 4px" class="hierarchy"/><td style="vertical-align: top; text-align : left; background-color: white; border: 0px #F0F0F0 solid; padding:0px 4px 0px 4px" class="hierarchy">0..*</td><td style="vertical-align: top; text-align : left; background-color: white; border: 0px #F0F0F0 solid; padding:0px 4px 0px 4px" class="hierarchy"><a href="http://hl7.org/fhir/R4/datatypes.html#BackboneElement">BackboneElement</a></td><td style="vertical-align: top; text-align : left; background-color: white; border: 0px #F0F0F0 solid; padding:0px 4px 0px 4px" class="hierarchy"/></tr>
<tr style="border: 0px #F0F0F0 solid; padding:0px; vertical-align: top; background-color: #F7F7F7"><td style="vertical-align: top; text-align : left; background-color: #F7F7F7; border: 0px #F0F0F0 solid; padding:0px 4px 0px 4px; white-space: nowrap; background-image: url(tbl_bck10.png)" class="hierarchy"><img src="tbl_spacer.png" alt="." style="background-color: inherit" class="hierarchy"/><img src="tbl_vjoin.png" alt="." style="background-color: inherit" class="hierarchy"/><img src="icon_resource.png" alt="." style="background-color: #F7F7F7; background-color: inherit" title="Resource" class="hierarchy"/> <a href="StructureDefinition-BeModelMedicationRecord-definitions.html#BeModelMedicationRecord.dispense">dispense</a><a name="BeModelMedicationRecord.dispense"> </a></td><td style="vertical-align: top; text-align : left; background-color: #F7F7F7; border: 0px #F0F0F0 solid; padding:0px 4px 0px 4px" class="hierarchy"/><td style="vertical-align: top; text-align : left; background-color: #F7F7F7; border: 0px #F0F0F0 solid; padding:0px 4px 0px 4px" class="hierarchy">0..*</td><td style="vertical-align: top; text-align : left; background-color: #F7F7F7; border: 0px #F0F0F0 solid; padding:0px 4px 0px 4px" class="hierarchy"><a href="StructureDefinition-BeModelMedicationRecordDispense.html">https://www.hl7belgium.be/fhir/StructureDefinition/BeModelMedicationRecordDispense</a></td><td style="vertical-align: top; text-align : left; background-color: #F7F7F7; border: 0px #F0F0F0 solid; padding:0px 4px 0px 4px" class="hierarchy"/></tr>
<tr style="border: 0px #F0F0F0 solid; padding:0px; vertical-align: top; background-color: white"><td style="vertical-align: top; text-align : left; background-color: white; border: 0px #F0F0F0 solid; padding:0px 4px 0px 4px; white-space: nowrap; background-image: url(tbl_bck00.png)" class="hierarchy"><img src="tbl_spacer.png" alt="." style="background-color: inherit" class="hierarchy"/><img src="tbl_vjoin_end.png" alt="." style="background-color: inherit" class="hierarchy"/><img src="icon_datatype.gif" alt="." style="background-color: white; background-color: inherit" title="Data Type" class="hierarchy"/> <a href="StructureDefinition-BeModelMedicationRecord-definitions.html#BeModelMedicationRecord.treatmentLine">treatmentLine</a><a name="BeModelMedicationRecord.treatmentLine"> </a></td><td style="vertical-align: top; text-align : left; background-color: white; border: 0px #F0F0F0 solid; padding:0px 4px 0px 4px" class="hierarchy"/><td style="vertical-align: top; text-align : left; background-color: white; border: 0px #F0F0F0 solid; padding:0px 4px 0px 4px" class="hierarchy">0..*</td><td style="vertical-align: top; text-align : left; background-color: white; border: 0px #F0F0F0 solid; padding:0px 4px 0px 4px" class="hierarchy"><a href="http://hl7.org/fhir/R4/datatypes.html#BackboneElement">BackboneElement</a></td><td style="vertical-align: top; text-align : left; background-color: white; border: 0px #F0F0F0 solid; padding:0px 4px 0px 4px" class="hierarchy"/></tr>
<tr><td colspan="5" class="hierarchy"><br/><a href="http://hl7.org/fhir/R4/formats.html#table" title="Legend for this format"><img src="http://hl7.org/fhir/R4/help16.png" alt="doco" style="background-color: inherit"/> Documentation for this format</a></td></tr></table></div></text><url value="https://www.hl7belgium.be/fhir/StructureDefinition/BeModelMedicationRecord"/><version value="0.2.0"/><name value="BeModelMedicationRecord"/><title value="Medication Record logical model"/><status value="active"/><date value="2021-08-01T11:02:49+00:00"/><publisher value="HL7 Belgium"/><contact><telecom><system value="url"/><value value="http://hl7belgium.org"/></telecom></contact><description value="A collection of a patient&#39;s medication history."/><jurisdiction><coding><system value="http://unstats.un.org/unsd/methods/m49/m49.htm"/><code value="056"/></coding><text value="Belgium"/></jurisdiction><fhirVersion value="4.0.1"/><mapping><identity value="rim"/><uri value="http://hl7.org/v3"/><name value="RIM Mapping"/></mapping><kind value="logical"/><abstract value="false"/><type value="https://www.hl7belgium.be/fhir/StructureDefinition/BeModelMedicationRecord"/><baseDefinition value="http://hl7.org/fhir/StructureDefinition/Base"/><derivation value="specialization"/><snapshot><element id="BeModelMedicationRecord"><path value="BeModelMedicationRecord"/><short value="Medication Record logical model"/><definition value="A collection of a patient&#39;s medication history."/><min value="0"/><max value="*"/><base><path value="Base"/><min value="0"/><max value="*"/></base><isModifier value="false"/></element><element id="BeModelMedicationRecord.patient"><path value="BeModelMedicationRecord.patient"/><min value="1"/><max value="1"/><base><path value="BeModelMedicationRecord.patient"/><min value="1"/><max value="1"/></base><type><code value="BackboneElement"/></type></element><element id="BeModelMedicationRecord.prescription"><path value="BeModelMedicationRecord.prescription"/><min value="0"/><max value="*"/><base><path value="BeModelMedicationRecord.prescription"/><min value="0"/><max value="*"/></base><type><code value="BackboneElement"/></type></element><element id="BeModelMedicationRecord.dispense"><path value="BeModelMedicationRecord.dispense"/><min value="0"/><max value="*"/><base><path value="BeModelMedicationRecord.dispense"/><min value="0"/><max value="*"/></base><type><code value="https://www.hl7belgium.be/fhir/StructureDefinition/BeModelMedicationRecordDispense"/></type></element><element id="BeModelMedicationRecord.treatmentLine"><path value="BeModelMedicationRecord.treatmentLine"/><min value="0"/><max value="*"/><base><path value="BeModelMedicationRecord.treatmentLine"/><min value="0"/><max value="*"/></base><type><code value="BackboneElement"/></type></element></snapshot><differential><element id="BeModelMedicationRecord"><path value="BeModelMedicationRecord"/><short value="Medication Record logical model"/><definition value="A collection of a patient&#39;s medication history."/></element><element id="BeModelMedicationRecord.patient"><path value="BeModelMedicationRecord.patient"/><min value="1"/><max value="1"/><type><code value="BackboneElement"/></type></element><element id="BeModelMedicationRecord.prescription"><path value="BeModelMedicationRecord.prescription"/><min value="0"/><max value="*"/><type><code value="BackboneElement"/></type></element><element id="BeModelMedicationRecord.dispense"><path value="BeModelMedicationRecord.dispense"/><min value="0"/><max value="*"/><type><code value="https://www.hl7belgium.be/fhir/StructureDefinition/BeModelMedicationRecordDispense"/></type></element><element id="BeModelMedicationRecord.treatmentLine"><path value="BeModelMedicationRecord.treatmentLine"/><min value="0"/><max value="*"/><type><code value="BackboneElement"/></type></element></differential></StructureDefinition>