{"resourceType":"ExampleScenario","id":"example-4-scenario","url":"https://www.hl7belgium.be/fhir/ExampleScenario/example-4-scenario","version":"0.2.0","name":"DispensePrescriptionAndIsolatedDispense","status":"draft","experimental":false,"date":"2019-09-11T00:00:00.000+01:00","publisher":"HL7 Belgium","contact":[{"telecom":[{"system":"url","value":"http://hl7belgium.org"}]}],"jurisdiction":[{"coding":[{"system":"http://unstats.un.org/unsd/methods/m49/m49.htm","code":"056"}],"text":"Belgium"}],"actor":[{"actorId":"PATIENT","type":"person","name":"Pia Peters"},{"actorId":"GP","type":"person","name":"Dr. Durant"},{"actorId":"VAULT","type":"entity","name":"Vault"},{"actorId":"PHARM","type":"person","name":"Pharmacist"}],"instance":[{"resourceId":"4-1-dispense","resourceType":"MedicationDispense","name":"Dispense for Prescription"},{"resourceId":"4-1-prescription","resourceType":"MedicationRequest","name":"New prescription"},{"resourceId":"4-2-dispense","resourceType":"MedicationDispense","name":"Isolated dispense"},{"resourceId":"EB","resourceType":"Bundle","name":"Empty Bundle"},{"resourceId":"4-1-treatmentLine","resourceType":"MedicationStatement","name":"New Treatment Line based on prescription"},{"resourceId":"4-1-treatment","resourceType":"CarePlan","name":"New Treatment based on prescription"},{"resourceId":"4-2-treatmentLine","resourceType":"MedicationStatement","name":"New Treatment Line based on dispense"},{"resourceId":"4-2-treatment","resourceType":"CarePlan","name":"New Treatment based on dispense"}],"process":[{"title":"Dispense of prescribed medication, and dispense of a product that can be done without a prescription","description":"description","preConditions":"The patient visits their GP and is prescribed Rosuvastatin 10 mg cp for cholesterol. After reaching the pharmacy, Crestor 10 is dispensed facing that prescription. Additionally, Dafalgan compr. 20x 500mg (OTC) is also dispensed due to a complaint of a minor toothache.","postConditions":"This should result in two treatment lines. One with prescription and dispense and one with only dispense.","step":[{"process":[{"title":"Prescription","step":[{"operation":{"number":"1","name":"Goes to appointment","initiator":"PATIENT","receiver":"GP"}}]}]},{"operation":{"number":"2","name":"Get Patient's Medication","initiator":"GP","receiver":"VAULT","response":{"resourceId":"EB"}}},{"operation":{"number":"3","name":"Create new prescription","initiator":"GP","receiver":"VAULT","request":{"resourceId":"4-prescription"}}},{"process":[{"title":"Collect info","step":[{"operation":{"number":"4","name":"Create new treatment","initiator":"VAULT","receiver":"VAULT","request":{"resourceId":"4-1-treatment"}}}]}]},{"process":[{"title":"Collect info","step":[{"operation":{"number":"5","name":"Create new treatment Line","initiator":"VAULT","receiver":"VAULT","request":{"resourceId":"4-1-treatmentLine"}}}]}]},{"process":[{"title":"Dispense","step":[{"operation":{"number":"6","name":"Get patient's Prescriptions","initiator":"PHARM","receiver":"VAULT","response":{"resourceId":"EB"}}},{"operation":{"number":"7","name":"Dispense new product","initiator":"PHARM","receiver":"VAULT","request":{"resourceId":"4-1-dispense"}}},{"operation":{"number":"10","name":"Additional dispense","initiator":"PHARM","receiver":"VAULT","request":{"resourceId":"4-2-dispense"}}}]}]},{"process":[{"title":"Collect info","step":[{"operation":{"number":"8","name":"Update treatment","initiator":"VAULT","receiver":"VAULT","request":{"resourceId":"4-1-treatment"}}},{"operation":{"number":"9","name":"Update treatment Line","initiator":"VAULT","receiver":"VAULT","request":{"resourceId":"4-1-treatmentLine"}}}]}]},{"process":[{"title":"Collect info","step":[{"operation":{"number":"11","name":"Additional treatment","initiator":"VAULT","receiver":"VAULT","request":{"resourceId":"4-2-treatment"}}},{"operation":{"number":"12","name":"Additional Treatment Line","initiator":"VAULT","receiver":"VAULT","request":{"resourceId":"4-2-treatmentLine"}}}]}]}]}]}