{"resourceType":"ExampleScenario","id":"example-3-scenario","url":"https://www.hl7belgium.be/fhir/ExampleScenario/example-3-scenario","version":"0.2.0","name":"ChangedmedicationDifferentVOSScenario","status":"draft","experimental":false,"date":"2019-09-11T00:00:00.000+01:00","publisher":"HL7 Belgium","contact":[{"telecom":[{"system":"url","value":"http://hl7belgium.org"}]}],"jurisdiction":[{"coding":[{"system":"http://unstats.un.org/unsd/methods/m49/m49.htm","code":"056"}],"text":"Belgium"}],"actor":[{"actorId":"PATIENT","type":"person","name":"Pia Peters"},{"actorId":"GP","type":"person","name":"Dr. Durant"},{"actorId":"VAULT","type":"entity","name":"Vault"},{"actorId":"PHARM","type":"person","name":"Pharmacist"}],"instance":[{"resourceId":"3-medication-dispense","resourceType":"MedicationDispense","name":"New dispense"},{"resourceId":"EB","resourceType":"Bundle","name":"Empty Bundle"},{"resourceId":"3-medication-treatmentLine","resourceType":"MedicationStatement","name":"New Treatment Line"},{"resourceId":"3-medication-treatment","resourceType":"CarePlan","name":"New Treatment"},{"resourceId":"3-medication-presc","resourceType":"MedicationRequest","name":"New Prescription"}],"process":[{"title":"Change VOS from prescription on dispense","description":"description","preConditions":"The patient visits their GP and is prescribed paracetamol 1000 mg cp (TID) for headaches. In the pharmacy, the pharmacist understands the the patient has problems swallowing the pill itself, so it trades the 1000 mg strength, for 500 mg and indicates that the patient should take 2x500 mg every 8h and not 1x1000mg every 8 hours.","postConditions":"A new treatment and treatmentLine are created, inside the new treatment line, a prescription and dispense are contained and is possible to see which medication is associated with each","step":[{"operation":{"number":"1","name":"Goes to appointment","initiator":"PATIENT","receiver":"GP"}},{"operation":{"number":"2","name":"Get Patient's Medication","initiator":"GP","receiver":"VAULT","response":{"resourceId":"EB"}}},{"operation":{"number":"3","name":"Create new prescription","initiator":"GP","receiver":"VAULT","request":{"resourceId":"3-medication-presc"}}},{"operation":{"number":"4","name":"Create new treatment","initiator":"VAULT","receiver":"VAULT","request":{"resourceId":"3-medication-treatment"}}},{"operation":{"number":"5","name":"Create new treatment Line","initiator":"VAULT","receiver":"VAULT","request":{"resourceId":"3-medication-treatmentLine"}}},{"operation":{"number":"6","name":"Get patient's Prescriptions","initiator":"PHARM","receiver":"VAULT","response":{"resourceId":"EB"}}},{"operation":{"number":"7","name":"Refuse one dispense","initiator":"PHARM","receiver":"VAULT","request":{"resourceId":"3-medication-dispense"}}},{"operation":{"number":"8","name":"Dispense new product","initiator":"PHARM","receiver":"VAULT","request":{"resourceId":"3-2-medication-dispense"}}},{"operation":{"number":"9","name":"Goes to appointment","initiator":"PATIENT","receiver":"GP"}},{"operation":{"number":"10","name":"Get Patient's Medication","initiator":"GP","receiver":"VAULT","response":{"resourceId":"EB"}}},{"operation":{"number":"11","name":"Create new prescription","initiator":"GP","receiver":"VAULT","response":{"resourceId":"3-2-medication-presc"}}}]}]}