{"resourceType":"ExampleScenario","id":"example-7-scenario","url":"https://www.hl7belgium.be/fhir/ExampleScenario/example-7-scenario","version":"0.2.0","name":"DispensePrescriptionAndIsolatedDispense","status":"draft","experimental":false,"date":"2019-09-11T00:00:00.000+01:00","publisher":"HL7 Belgium","contact":[{"telecom":[{"system":"url","value":"http://hl7belgium.org"}]}],"jurisdiction":[{"coding":[{"system":"http://unstats.un.org/unsd/methods/m49/m49.htm","code":"056"}],"text":"Belgium"}],"actor":[{"actorId":"PATIENT","type":"person","name":"Pia Peters"},{"actorId":"GP","type":"person","name":"Dr. Durant"},{"actorId":"VAULT","type":"entity","name":"Vault"},{"actorId":"PHARM","type":"person","name":"Pharmacist"}],"instance":[{"resourceId":"7-medication-presc","resourceType":"MedicationRequest","name":"New prescription"},{"resourceId":"EB","resourceType":"Bundle","name":"Empty Bundle"},{"resourceId":"7-medication-treatmentLine","resourceType":"MedicationStatement","name":"New Treatment Line based on prescription"},{"resourceId":"7-medication-treatment","resourceType":"CarePlan","name":"New Treatment based on prescription"},{"resourceId":"7-medication-dispense","resourceType":"MedicationDispense","name":"Dispense"},{"resourceId":"7-medication-usage","resourceType":"MedicationDispense","name":"Usage report"}],"process":[{"title":"Change brand from prescription on dispense because of out of stock","description":"description","preConditions":"The patient visits their GP and is prescribed ibuprofen 400 mg cp (TID) for headaches. The pharmacist, after a conversation with the patient, got to know that he was doing Tritace (ramipril) 10 mg for hypertension.Since the ibuprofen interacts with ramipril, the pharmacist chose to refuse the dispense of the medication.","postConditions":"It is possible to capture that the original prescription was and that the dispense was refused","step":[{"operation":{"number":"1","name":"Goes to appointment","initiator":"PATIENT","receiver":"GP"}},{"operation":{"number":"2","name":"Get Patient's Medication","initiator":"GP","receiver":"VAULT","response":{"resourceId":"EB"}}},{"operation":{"number":"3","name":"Create new prescription","initiator":"GP","receiver":"VAULT","request":{"resourceId":"7-medication-presc"}}},{"operation":{"number":"4","name":"Create new treatment","initiator":"VAULT","receiver":"VAULT","request":{"resourceId":"7-medication-treatment"}}},{"operation":{"number":"5","name":"Create new treatment Line","initiator":"VAULT","receiver":"VAULT","request":{"resourceId":"7-medication-treatmentLine"}}},{"operation":{"number":"6","name":"Get patient's Prescriptions","initiator":"PHARM","receiver":"VAULT","response":{"resourceId":"EB"}}},{"operation":{"number":"7","name":"Dispense","initiator":"PHARM","receiver":"VAULT","request":{"resourceId":"7-medication-dispense"}}},{"operation":{"number":"7","name":"Usage Report of non-usage","initiator":"PATIENT","receiver":"VAULT","request":{"resourceId":"7-medication-usage"}}}]}]}