{"resourceType":"ImplementationGuide","id":"hl7.be.fhir.medicationig","text":{"status":"extensions","div":"<div xmlns=\"http://www.w3.org/1999/xhtml\"><h2>BEMedicationIG</h2><p>The official URL for this implementation guide is: </p><pre>https://www.hl7belgium.be/fhir/ImplementationGuide/hl7.be.fhir.medicationig</pre><div><p>ImplementationGuide for HL7 Belgium Medication Work Group</p>\n</div></div>"},"url":"https://www.hl7belgium.be/fhir/ImplementationGuide/hl7.be.fhir.medicationig","version":"0.2.0","name":"BEMedicationIG","title":"HL7 Belgium Medication Implementation Guide","status":"draft","experimental":false,"date":"2021-08-01T11:02:49+00:00","publisher":"HL7 Belgium","contact":[{"telecom":[{"system":"url","value":"http://hl7belgium.org"}]}],"description":"ImplementationGuide for HL7 Belgium Medication Work Group","jurisdiction":[{"coding":[{"system":"http://unstats.un.org/unsd/methods/m49/m49.htm","code":"056"}],"text":"Belgium"}],"packageId":"hl7.be.fhir.medicationig","license":"CC0-1.0","fhirVersion":["4.0.1"],"dependsOn":[{"id":"fedbecore","uri":"https://www.ehealth.fgov.be/standards/fhir/ImplementationGuide/fed-be-core","packageId":"fed.be.core","version":"dev"}],"definition":{"extension":[{"extension":[{"url":"code","valueString":"copyrightyear"},{"url":"value","valueString":"2019+"}],"url":"http://hl7.org/fhir/tools/StructureDefinition/ig-parameter"},{"extension":[{"url":"code","valueString":"releaselabel"},{"url":"value","valueString":"CI Build"}],"url":"http://hl7.org/fhir/tools/StructureDefinition/ig-parameter"},{"extension":[{"url":"code","valueString":"path-binary"},{"url":"value","valueString":"input\\cql"}],"url":"http://hl7.org/fhir/tools/StructureDefinition/ig-parameter"},{"extension":[{"url":"code","valueString":"excludettl"},{"url":"value","valueString":"true"}],"url":"http://hl7.org/fhir/tools/StructureDefinition/ig-parameter"},{"extension":[{"url":"code","valueString":"show-inherited-invariants"},{"url":"value","valueString":"false"}],"url":"http://hl7.org/fhir/tools/StructureDefinition/ig-parameter"},{"extension":[{"url":"code","valueString":"autoload-resources"},{"url":"value","valueString":"true"}],"url":"http://hl7.org/fhir/tools/StructureDefinition/ig-parameter"},{"extension":[{"url":"code","valueString":"path-liquid"},{"url":"value","valueString":"template/liquid"}],"url":"http://hl7.org/fhir/tools/StructureDefinition/ig-parameter"},{"extension":[{"url":"code","valueString":"path-liquid"},{"url":"value","valueString":"input/liquid"}],"url":"http://hl7.org/fhir/tools/StructureDefinition/ig-parameter"},{"extension":[{"url":"code","valueString":"path-qa"},{"url":"value","valueString":"temp/qa"}],"url":"http://hl7.org/fhir/tools/StructureDefinition/ig-parameter"},{"extension":[{"url":"code","valueString":"path-temp"},{"url":"value","valueString":"temp/pages"}],"url":"http://hl7.org/fhir/tools/StructureDefinition/ig-parameter"},{"extension":[{"url":"code","valueString":"path-output"},{"url":"value","valueString":"output"}],"url":"http://hl7.org/fhir/tools/StructureDefinition/ig-parameter"},{"extension":[{"url":"code","valueString":"path-suppressed-warnings"},{"url":"value","valueString":"input/ignoreWarnings.txt"}],"url":"http://hl7.org/fhir/tools/StructureDefinition/ig-parameter"},{"extension":[{"url":"code","valueString":"path-history"},{"url":"value","valueString":"https://www.hl7belgium.be/fhir/history.html"}],"url":"http://hl7.org/fhir/tools/StructureDefinition/ig-parameter"},{"extension":[{"url":"code","valueString":"template-html"},{"url":"value","valueString":"template-page.html"}],"url":"http://hl7.org/fhir/tools/StructureDefinition/ig-parameter"},{"extension":[{"url":"code","valueString":"template-md"},{"url":"value","valueString":"template-page-md.html"}],"url":"http://hl7.org/fhir/tools/StructureDefinition/ig-parameter"},{"extension":[{"url":"code","valueString":"apply-contact"},{"url":"value","valueString":"true"}],"url":"http://hl7.org/fhir/tools/StructureDefinition/ig-parameter"},{"extension":[{"url":"code","valueString":"apply-context"},{"url":"value","valueString":"true"}],"url":"http://hl7.org/fhir/tools/StructureDefinition/ig-parameter"},{"extension":[{"url":"code","valueString":"apply-copyright"},{"url":"value","valueString":"true"}],"url":"http://hl7.org/fhir/tools/StructureDefinition/ig-parameter"},{"extension":[{"url":"code","valueString":"apply-jurisdiction"},{"url":"value","valueString":"true"}],"url":"http://hl7.org/fhir/tools/StructureDefinition/ig-parameter"},{"extension":[{"url":"code","valueString":"apply-license"},{"url":"value","valueString":"true"}],"url":"http://hl7.org/fhir/tools/StructureDefinition/ig-parameter"},{"extension":[{"url":"code","valueString":"apply-publisher"},{"url":"value","valueString":"true"}],"url":"http://hl7.org/fhir/tools/StructureDefinition/ig-parameter"},{"extension":[{"url":"code","valueString":"apply-version"},{"url":"value","valueString":"true"}],"url":"http://hl7.org/fhir/tools/StructureDefinition/ig-parameter"},{"extension":[{"url":"code","valueString":"active-tables"},{"url":"value","valueString":"true"}],"url":"http://hl7.org/fhir/tools/StructureDefinition/ig-parameter"}],"grouping":[{"id":"medicationdispense","name":"Medication Dispense","description":"Medication Dispense"},{"id":"medicationrecord","name":"Medication Record","description":"Medication Record / Medication Schema"},{"id":"-str-logicalmodel","name":"Structures: Logical Models","description":"These define data models that represent the domain covered by this implementation guide in more business-friendly terms than the underlying FHIR resources."},{"id":"-str-profile","name":"Structures: Resource Profiles","description":"These define constraints on FHIR resources for systems conforming to this implementation guide"},{"id":"-term-valueset","name":"Terminology: Value Sets","description":"These define sets of codes used by systems conforming to this implementation guide"},{"id":"-term-codesystem","name":"Terminology: Code Systems","description":"These define new code systems used by systems conforming to this implementation guide"},{"id":"-term-namingsystem","name":"Terminology: Naming Systems","description":"These define identifier and/or code system identities used by systems conforming to this implementation guide"},{"id":"-ex-example","name":"Example: Example Instances","description":"These are example instances that show what data produced and consumed by systems conforming with this implementation guide might look like"}],"resource":[{"extension":[{"url":"http://hl7.org/fhir/StructureDefinition/implementationguide-page","valueUri":"StructureDefinition-be-model-medication-dispense.html"}],"reference":{"reference":"StructureDefinition/be-model-medication-dispense"},"fhirVersion":["4.0.1"],"name":"Logical Model Medication Dispense","description":"Medication Dispense entry - information captured when dispensing medication e.g. in pharmacies and hospitals","groupingId":"medicationdispense"},{"extension":[{"url":"http://hl7.org/fhir/StructureDefinition/implementationguide-page","valueUri":"StructureDefinition-be-medicationdispense.html"}],"reference":{"reference":"StructureDefinition/be-medicationdispense"},"fhirVersion":["4.0.1"],"name":"Profile - Medication Dispense","description":"Medication Dispense entry - information captured when dispensing medication e.g. in pharmacies and hospitals","groupingId":"medicationdispense"},{"extension":[{"url":"http://hl7.org/fhir/StructureDefinition/implementationguide-page","valueUri":"StructureDefinition-be-model-medication-record.html"}],"reference":{"reference":"StructureDefinition/be-model-medication-record"},"fhirVersion":["4.0.1"],"name":"Logical Model Medication Record","description":"Medication Record - summary or detailed information about the usage of medication by a patient","groupingId":"medicationrecord"},{"extension":[{"url":"http://hl7.org/fhir/StructureDefinition/implementationguide-page","valueUri":"NamingSystem-be-ns-nihdi-organization.html"}],"reference":{"reference":"NamingSystem/be-ns-nihdi-organization"},"fhirVersion":["4.0.1"],"name":"NamingSystem - NIHDI Organization","description":"NIHDI identifier for care organizations","groupingId":"terminology"},{"extension":[{"url":"http://hl7.org/fhir/StructureDefinition/implementationguide-page","valueUri":"NamingSystem-be-ns-nihdi-professional.html"}],"reference":{"reference":"NamingSystem/be-ns-nihdi-professional"},"fhirVersion":["4.0.1"],"name":"NamingSystem - NIHDI Professional","description":"NIHDI identifier for care professionals","groupingId":"terminology"},{"extension":[{"url":"http://hl7.org/fhir/StructureDefinition/implementationguide-page","valueUri":"MedicationDispense-medication-dispense-example-1.html"}],"reference":{"reference":"MedicationDispense/medication-dispense-example-1"},"fhirVersion":["4.0.1"],"name":"Medication Dispense Example 1","description":"Medication Dispense Example 1 - a simple example of a dispensation in a pharmacy","exampleCanonical":"https://www.hl7belgium.be/fhir/StructureDefinition/be-medicationdispense","groupingId":"medicationdispense"},{"extension":[{"url":"http://hl7.org/fhir/StructureDefinition/implementationguide-page","valueUri":"MedicationDispense-medication-dispense-example-2.html"}],"reference":{"reference":"MedicationDispense/medication-dispense-example-2"},"fhirVersion":["4.0.1"],"name":"Medication Dispense Example 2","description":"Medication Dispense Example 2 - a simple example of a dispensation in a pharmacy - with a geolocation","exampleCanonical":"https://www.hl7belgium.be/fhir/StructureDefinition/be-medicationdispense","groupingId":"medicationdispense"},{"extension":[{"url":"http://hl7.org/fhir/StructureDefinition/implementationguide-page","valueUri":"MedicationRequest-example-5-of-medication-presc.html"}],"reference":{"reference":"MedicationRequest/example-5-of-medication-presc"},"name":"Example MedicationRequest - example-5-of-medication-presc","exampleCanonical":"https://www.hl7belgium.be/fhir/StructureDefinition/MedRecordOrder","groupingId":"-ex-example"},{"extension":[{"url":"http://hl7.org/fhir/StructureDefinition/implementationguide-page","valueUri":"StructureDefinition-MedRecordTreatment.html"}],"reference":{"reference":"StructureDefinition/MedRecordTreatment"},"name":"Medication Treatment profile","description":"The profile for Medication Treatment in a Medication Record - a set of treatment lines/items","groupingId":"-str-profile"},{"extension":[{"url":"http://hl7.org/fhir/StructureDefinition/implementationguide-page","valueUri":"MedicationDispense-example-3-2-of-medication-dispense.html"}],"reference":{"reference":"MedicationDispense/example-3-2-of-medication-dispense"},"name":"Example MedicationDispense - example-3-2-of-medication-dispense","exampleCanonical":"https://www.hl7belgium.be/fhir/StructureDefinition/MedRecordDispense","groupingId":"-ex-example"},{"extension":[{"url":"http://hl7.org/fhir/StructureDefinition/implementationguide-page","valueUri":"StructureDefinition-BeModelMedicationRecordUsage.html"}],"reference":{"reference":"StructureDefinition/BeModelMedicationRecordUsage"},"name":"Medication Record Usage logical model","groupingId":"-str-logicalmodel"},{"extension":[{"url":"http://hl7.org/fhir/StructureDefinition/implementationguide-page","valueUri":"MedicationDispense-example-10-2-of-medication-dispense.html"}],"reference":{"reference":"MedicationDispense/example-10-2-of-medication-dispense"},"name":"Example MedicationDispense - example-10-2-of-medication-dispense","exampleCanonical":"https://www.hl7belgium.be/fhir/StructureDefinition/MedRecordDispense","groupingId":"-ex-example"},{"extension":[{"url":"http://hl7.org/fhir/StructureDefinition/implementationguide-page","valueUri":"MedicationDispense-example-3-of-medication-dispense.html"}],"reference":{"reference":"MedicationDispense/example-3-of-medication-dispense"},"name":"Example MedicationDispense - example-3-of-medication-dispense","exampleCanonical":"https://www.hl7belgium.be/fhir/StructureDefinition/MedRecordDispense","groupingId":"-ex-example"},{"extension":[{"url":"http://hl7.org/fhir/StructureDefinition/implementationguide-page","valueUri":"MedicationDispense-example-4-1-of-medication-dispense.html"}],"reference":{"reference":"MedicationDispense/example-4-1-of-medication-dispense"},"name":"Example MedicationDispense - example-4-1-of-medication-dispense","exampleCanonical":"https://www.hl7belgium.be/fhir/StructureDefinition/MedRecordDispense","groupingId":"-ex-example"},{"extension":[{"url":"http://hl7.org/fhir/StructureDefinition/implementationguide-page","valueUri":"StructureDefinition-MedRecordAdministration.html"}],"reference":{"reference":"StructureDefinition/MedRecordAdministration"},"name":"Medication Record - Administration profile","description":"The profile for Medication Administration in a Medication Record - a record of a single administration event","groupingId":"-str-profile"},{"extension":[{"url":"http://hl7.org/fhir/StructureDefinition/implementationguide-page","valueUri":"MedicationStatement-example-7-of-medication-usage.html"}],"reference":{"reference":"MedicationStatement/example-7-of-medication-usage"},"name":"Example MedicationStatement - example-7-of-medication-usage","exampleCanonical":"https://www.hl7belgium.be/fhir/StructureDefinition/MedRecordUsage","groupingId":"-ex-example"},{"extension":[{"url":"http://hl7.org/fhir/StructureDefinition/implementationguide-page","valueUri":"StructureDefinition-MedRecordTreatmentLine.html"}],"reference":{"reference":"StructureDefinition/MedRecordTreatmentLine"},"name":"Medication Treatment Line profile","description":"The profile for Medication Treatment Line - a single recorded item/line of a medication treatment","groupingId":"-str-profile"},{"extension":[{"url":"http://hl7.org/fhir/StructureDefinition/implementationguide-page","valueUri":"ValueSet-be-vs-medication-summary-types.html"}],"reference":{"reference":"ValueSet/be-vs-medication-summary-types"},"name":"Medication Summary types","description":"Valueset -  Medication Summary types","groupingId":"-term-valueset"},{"extension":[{"url":"http://hl7.org/fhir/StructureDefinition/implementationguide-page","valueUri":"MedicationDispense-medication-dispense-hospital.html"}],"reference":{"reference":"MedicationDispense/medication-dispense-hospital"},"name":"Example MedicationDispense - medication-dispense-hospital","exampleCanonical":"https://www.hl7belgium.be/fhir/StructureDefinition/be-medicationdispense","groupingId":"-ex-example"},{"extension":[{"url":"http://hl7.org/fhir/StructureDefinition/implementationguide-page","valueUri":"MedicationRequest-example-3-of-medication-presc.html"}],"reference":{"reference":"MedicationRequest/example-3-of-medication-presc"},"name":"Example MedicationRequest - example-3-of-medication-presc","exampleCanonical":"https://www.hl7belgium.be/fhir/StructureDefinition/MedRecordOrder","groupingId":"-ex-example"},{"extension":[{"url":"http://hl7.org/fhir/StructureDefinition/implementationguide-page","valueUri":"MedicationRequest-example-2-of-medication-presc.html"}],"reference":{"reference":"MedicationRequest/example-2-of-medication-presc"},"name":"Example MedicationRequest - example-2-of-medication-presc","exampleCanonical":"https://www.hl7belgium.be/fhir/StructureDefinition/MedRecordOrder","groupingId":"-ex-example"},{"extension":[{"url":"http://hl7.org/fhir/StructureDefinition/implementationguide-page","valueUri":"MedicationStatement-example-8-of-medication-usage.html"}],"reference":{"reference":"MedicationStatement/example-8-of-medication-usage"},"name":"Example MedicationStatement - example-8-of-medication-usage","exampleCanonical":"https://www.hl7belgium.be/fhir/StructureDefinition/MedRecordUsage","groupingId":"-ex-example"},{"extension":[{"url":"http://hl7.org/fhir/StructureDefinition/implementationguide-page","valueUri":"StructureDefinition-BeModelMedicationRecordDispense.html"}],"reference":{"reference":"StructureDefinition/BeModelMedicationRecordDispense"},"name":"Medication Record Dispense logical model","groupingId":"-str-logicalmodel"},{"extension":[{"url":"http://hl7.org/fhir/StructureDefinition/implementationguide-page","valueUri":"StructureDefinition-BeModelMedicationRecordTreatmentLine.html"}],"reference":{"reference":"StructureDefinition/BeModelMedicationRecordTreatmentLine"},"name":"Medication Record Treatment Line logical model","groupingId":"-str-logicalmodel"},{"extension":[{"url":"http://hl7.org/fhir/StructureDefinition/implementationguide-page","valueUri":"MedicationDispense-example-5-of-medication-dispense.html"}],"reference":{"reference":"MedicationDispense/example-5-of-medication-dispense"},"name":"Example MedicationDispense - example-5-of-medication-dispense","exampleCanonical":"https://www.hl7belgium.be/fhir/StructureDefinition/MedRecordDispense","groupingId":"-ex-example"},{"extension":[{"url":"http://hl7.org/fhir/StructureDefinition/implementationguide-page","valueUri":"MedicationDispense-example-10-1-of-medication-dispense.html"}],"reference":{"reference":"MedicationDispense/example-10-1-of-medication-dispense"},"name":"Example MedicationDispense - example-10-1-of-medication-dispense","exampleCanonical":"https://www.hl7belgium.be/fhir/StructureDefinition/MedRecordDispense","groupingId":"-ex-example"},{"extension":[{"url":"http://hl7.org/fhir/StructureDefinition/implementationguide-page","valueUri":"NamingSystem-be-ns-product-package-type.html"}],"reference":{"reference":"NamingSystem/be-ns-product-package-type"},"description":"Naming System - Product Package Types","groupingId":"-term-namingsystem"},{"extension":[{"url":"http://hl7.org/fhir/StructureDefinition/implementationguide-page","valueUri":"MedicationAdministration-example-8-of-medication-administration.html"}],"reference":{"reference":"MedicationAdministration/example-8-of-medication-administration"},"name":"Example MedicationAdministration - example-8-of-medication-administration","exampleCanonical":"https://www.hl7belgium.be/fhir/StructureDefinition/MedRecordAdministration","groupingId":"-ex-example"},{"extension":[{"url":"http://hl7.org/fhir/StructureDefinition/implementationguide-page","valueUri":"StructureDefinition-MedRecordUsage.html"}],"reference":{"reference":"StructureDefinition/MedRecordUsage"},"name":"Medication Record - Usage profile","description":"The profile for Medication Usage in a Medication Record - a record of a single administration event","groupingId":"-str-profile"},{"extension":[{"url":"http://hl7.org/fhir/StructureDefinition/implementationguide-page","valueUri":"NamingSystem-be-ns-cnk-codes.html"}],"reference":{"reference":"NamingSystem/be-ns-cnk-codes"},"description":"Naming System - CNK Product Codes","groupingId":"-term-namingsystem"},{"extension":[{"url":"http://hl7.org/fhir/StructureDefinition/implementationguide-page","valueUri":"MedicationDispense-example-7-of-medication-dispense.html"}],"reference":{"reference":"MedicationDispense/example-7-of-medication-dispense"},"name":"Example MedicationDispense - example-7-of-medication-dispense","exampleCanonical":"https://www.hl7belgium.be/fhir/StructureDefinition/MedRecordDispense","groupingId":"-ex-example"},{"extension":[{"url":"http://hl7.org/fhir/StructureDefinition/implementationguide-page","valueUri":"MedicationRequest-example-3-2-of-medication-presc.html"}],"reference":{"reference":"MedicationRequest/example-3-2-of-medication-presc"},"name":"Example MedicationRequest - example-3-2-of-medication-presc","exampleCanonical":"https://www.hl7belgium.be/fhir/StructureDefinition/MedRecordOrder","groupingId":"-ex-example"},{"extension":[{"url":"http://hl7.org/fhir/StructureDefinition/implementationguide-page","valueUri":"MedicationRequest-example-6-of-medication-presc.html"}],"reference":{"reference":"MedicationRequest/example-6-of-medication-presc"},"name":"Example MedicationRequest - example-6-of-medication-presc","exampleCanonical":"https://www.hl7belgium.be/fhir/StructureDefinition/MedRecordOrder","groupingId":"-ex-example"},{"extension":[{"url":"http://hl7.org/fhir/StructureDefinition/implementationguide-page","valueUri":"StructureDefinition-BeModelMedicationRecordTreatment.html"}],"reference":{"reference":"StructureDefinition/BeModelMedicationRecordTreatment"},"name":"Medication Record Treatment logical model","groupingId":"-str-logicalmodel"},{"extension":[{"url":"http://hl7.org/fhir/StructureDefinition/implementationguide-page","valueUri":"MedicationRequest-example-7-of-medication-presc.html"}],"reference":{"reference":"MedicationRequest/example-7-of-medication-presc"},"name":"Example MedicationRequest - example-7-of-medication-presc","exampleCanonical":"https://www.hl7belgium.be/fhir/StructureDefinition/MedRecordOrder","groupingId":"-ex-example"},{"extension":[{"url":"http://hl7.org/fhir/StructureDefinition/implementationguide-page","valueUri":"StructureDefinition-BeModelMedicationRecordPrescription.html"}],"reference":{"reference":"StructureDefinition/BeModelMedicationRecordPrescription"},"name":"Medication Record Prescription logical model","groupingId":"-str-logicalmodel"},{"extension":[{"url":"http://hl7.org/fhir/StructureDefinition/implementationguide-page","valueUri":"MedicationDispense-example-6-1-of-medication-dispense.html"}],"reference":{"reference":"MedicationDispense/example-6-1-of-medication-dispense"},"name":"Example MedicationDispense - example-6-1-of-medication-dispense","exampleCanonical":"https://www.hl7belgium.be/fhir/StructureDefinition/MedRecordDispense","groupingId":"-ex-example"},{"extension":[{"url":"http://hl7.org/fhir/StructureDefinition/implementationguide-page","valueUri":"StructureDefinition-BeModelMedicationRecord.html"}],"reference":{"reference":"StructureDefinition/BeModelMedicationRecord"},"name":"Medication Record logical model","description":"A collection of a patient's medication history.","groupingId":"-str-logicalmodel"},{"extension":[{"url":"http://hl7.org/fhir/StructureDefinition/implementationguide-page","valueUri":"MedicationDispense-example-8-of-medication-dispense.html"}],"reference":{"reference":"MedicationDispense/example-8-of-medication-dispense"},"name":"Example MedicationDispense - example-8-of-medication-dispense","exampleCanonical":"https://www.hl7belgium.be/fhir/StructureDefinition/MedRecordDispense","groupingId":"-ex-example"},{"extension":[{"url":"http://hl7.org/fhir/StructureDefinition/implementationguide-page","valueUri":"MedicationDispense-example-dispense-communitypharmacy-1med.html"}],"reference":{"reference":"MedicationDispense/example-dispense-communitypharmacy-1med"},"name":"Example MedicationDispense - example-dispense-communitypharmacy-1med","exampleCanonical":"https://www.hl7belgium.be/fhir/StructureDefinition/be-medicationdispense","groupingId":"-ex-example"},{"extension":[{"url":"http://hl7.org/fhir/StructureDefinition/implementationguide-page","valueUri":"StructureDefinition-BeModelMedicationRecordAdministration.html"}],"reference":{"reference":"StructureDefinition/BeModelMedicationRecordAdministration"},"name":"Medication Record Administration logical model","groupingId":"-str-logicalmodel"},{"extension":[{"url":"http://hl7.org/fhir/StructureDefinition/implementationguide-page","valueUri":"ValueSet-medication-substitution-dispense-v1.html"}],"reference":{"reference":"ValueSet/medication-substitution-dispense-v1"},"name":"medication substitution Value set","description":"Value set for substituting a medication on dispense.","groupingId":"-term-valueset"},{"extension":[{"url":"http://hl7.org/fhir/StructureDefinition/implementationguide-page","valueUri":"StructureDefinition-MedRecordOrder.html"}],"reference":{"reference":"StructureDefinition/MedRecordOrder"},"name":"Medication Record - Order profile","description":"The profile for Medication Order in a Medication Record - a record of a order or request for a medication or a change of medication, implicit or explicit","groupingId":"-str-profile"},{"extension":[{"url":"http://hl7.org/fhir/StructureDefinition/implementationguide-page","valueUri":"MedicationRequest-example-8-of-medication-presc.html"}],"reference":{"reference":"MedicationRequest/example-8-of-medication-presc"},"name":"Example MedicationRequest - example-8-of-medication-presc","exampleCanonical":"https://www.hl7belgium.be/fhir/StructureDefinition/MedRecordOrder","groupingId":"-ex-example"},{"extension":[{"url":"http://hl7.org/fhir/StructureDefinition/implementationguide-page","valueUri":"NamingSystem-be-ns-prescription-ids.html"}],"reference":{"reference":"NamingSystem/be-ns-prescription-ids"},"description":"Naming System - Prescription IDs","groupingId":"-term-namingsystem"},{"extension":[{"url":"http://hl7.org/fhir/StructureDefinition/implementationguide-page","valueUri":"MedicationDispense-example-4-2-of-medication-dispense.html"}],"reference":{"reference":"MedicationDispense/example-4-2-of-medication-dispense"},"name":"Example MedicationDispense - example-4-2-of-medication-dispense","exampleCanonical":"https://www.hl7belgium.be/fhir/StructureDefinition/MedRecordDispense","groupingId":"-ex-example"},{"extension":[{"url":"http://hl7.org/fhir/StructureDefinition/implementationguide-page","valueUri":"MedicationDispense-example-10-3-of-medication-dispense.html"}],"reference":{"reference":"MedicationDispense/example-10-3-of-medication-dispense"},"name":"Example MedicationDispense - example-10-3-of-medication-dispense","exampleCanonical":"https://www.hl7belgium.be/fhir/StructureDefinition/MedRecordDispense","groupingId":"-ex-example"},{"extension":[{"url":"http://hl7.org/fhir/StructureDefinition/implementationguide-page","valueUri":"CodeSystem-be-cs-medication-summary-types.html"}],"reference":{"reference":"CodeSystem/be-cs-medication-summary-types"},"name":"Medication Summary types","description":"CodeSystem - Medication Summary types","groupingId":"-term-codesystem"},{"extension":[{"url":"http://hl7.org/fhir/StructureDefinition/implementationguide-page","valueUri":"StructureDefinition-MedRecordDispense.html"}],"reference":{"reference":"StructureDefinition/MedRecordDispense"},"name":"Medication Record - Dispense profile","description":"The profile for Medication Dispense in a Medication Record - a record of a single administration event","groupingId":"-str-profile"},{"extension":[{"url":"http://hl7.org/fhir/StructureDefinition/implementationguide-page","valueUri":"MedicationRequest-example-4-of-medication-presc.html"}],"reference":{"reference":"MedicationRequest/example-4-of-medication-presc"},"name":"Example MedicationRequest - example-4-of-medication-presc","exampleCanonical":"https://www.hl7belgium.be/fhir/StructureDefinition/MedRecordOrder","groupingId":"-ex-example"},{"extension":[{"url":"http://hl7.org/fhir/StructureDefinition/implementationguide-page","valueUri":"MedicationDispense-example-minimal-dispense.html"}],"reference":{"reference":"MedicationDispense/example-minimal-dispense"},"name":"Example MedicationDispense - example-minimal-dispense","exampleCanonical":"https://www.hl7belgium.be/fhir/StructureDefinition/be-medicationdispense","groupingId":"-ex-example"},{"extension":[{"url":"http://hl7.org/fhir/StructureDefinition/implementationguide-page","valueUri":"MedicationDispense-example-2-of-medication-dispense.html"}],"reference":{"reference":"MedicationDispense/example-2-of-medication-dispense"},"name":"Example MedicationDispense - example-2-of-medication-dispense","exampleCanonical":"https://www.hl7belgium.be/fhir/StructureDefinition/MedRecordDispense","groupingId":"-ex-example"},{"extension":[{"url":"http://hl7.org/fhir/StructureDefinition/implementationguide-page","valueUri":"MedicationDispense-example-1-of-medication-dispense.html"}],"reference":{"reference":"MedicationDispense/example-1-of-medication-dispense"},"name":"Example MedicationDispense - example-1-of-medication-dispense","exampleCanonical":"https://www.hl7belgium.be/fhir/StructureDefinition/MedRecordDispense","groupingId":"-ex-example"},{"extension":[{"url":"http://hl7.org/fhir/StructureDefinition/implementationguide-page","valueUri":"MedicationRequest-example-1-of-medication-presc.html"}],"reference":{"reference":"MedicationRequest/example-1-of-medication-presc"},"name":"Example MedicationRequest - example-1-of-medication-presc","exampleCanonical":"https://www.hl7belgium.be/fhir/StructureDefinition/MedRecordOrder","groupingId":"-ex-example"}],"page":{"nameUrl":"toc.html","title":"Table of Contents","generation":"html","page":[{"nameUrl":"implementation.html","title":"Medication Record Implementation","generation":"markdown"},{"nameUrl":"medicationrecord-fhir-resources.html","title":"Medication Record - FHIR resources","generation":"markdown"},{"nameUrl":"artifacts.html","title":"Artifacts Summary","generation":"html","page":[{"nameUrl":"StructureDefinition-be-model-medication-dispense.html","title":"Logical Model Medication Dispense","generation":"generated"},{"nameUrl":"StructureDefinition-be-medicationdispense.html","title":"Profile - Medication Dispense","generation":"generated"},{"nameUrl":"MedicationDispense-medication-dispense-example-1.html","title":"Medication Dispense Example 1","generation":"generated"},{"nameUrl":"MedicationDispense-medication-dispense-example-2.html","title":"Medication Dispense Example 2","generation":"generated"},{"nameUrl":"StructureDefinition-be-model-medication-record.html","title":"Logical Model Medication Record","generation":"generated"},{"nameUrl":"StructureDefinition-BeModelMedicationRecordUsage.html","title":"Medication Record Usage logical model","generation":"generated"},{"nameUrl":"StructureDefinition-BeModelMedicationRecordDispense.html","title":"Medication Record Dispense logical model","generation":"generated"},{"nameUrl":"StructureDefinition-BeModelMedicationRecordTreatmentLine.html","title":"Medication Record Treatment Line logical model","generation":"generated"},{"nameUrl":"StructureDefinition-BeModelMedicationRecordTreatment.html","title":"Medication Record Treatment logical model","generation":"generated"},{"nameUrl":"StructureDefinition-BeModelMedicationRecordPrescription.html","title":"Medication Record Prescription logical model","generation":"generated"},{"nameUrl":"StructureDefinition-BeModelMedicationRecord.html","title":"Medication Record logical model","generation":"generated"},{"nameUrl":"StructureDefinition-BeModelMedicationRecordAdministration.html","title":"Medication Record Administration logical model","generation":"generated"},{"nameUrl":"StructureDefinition-MedRecordTreatment.html","title":"Medication Treatment profile","generation":"generated"},{"nameUrl":"StructureDefinition-MedRecordAdministration.html","title":"Medication Record - Administration profile","generation":"generated"},{"nameUrl":"StructureDefinition-MedRecordTreatmentLine.html","title":"Medication Treatment Line profile","generation":"generated"},{"nameUrl":"StructureDefinition-MedRecordUsage.html","title":"Medication Record - Usage profile","generation":"generated"},{"nameUrl":"StructureDefinition-MedRecordOrder.html","title":"Medication Record - Order profile","generation":"generated"},{"nameUrl":"StructureDefinition-MedRecordDispense.html","title":"Medication Record - Dispense profile","generation":"generated"},{"nameUrl":"ValueSet-be-vs-medication-summary-types.html","title":"Medication Summary types","generation":"generated"},{"nameUrl":"ValueSet-medication-substitution-dispense-v1.html","title":"medication substitution Value set","generation":"generated"},{"nameUrl":"CodeSystem-be-cs-medication-summary-types.html","title":"Medication Summary types","generation":"generated"},{"nameUrl":"NamingSystem-be-ns-product-package-type.html","generation":"generated"},{"nameUrl":"NamingSystem-be-ns-cnk-codes.html","generation":"generated"},{"nameUrl":"NamingSystem-be-ns-prescription-ids.html","generation":"generated"},{"nameUrl":"MedicationRequest-example-5-of-medication-presc.html","title":"Example MedicationRequest - example-5-of-medication-presc","generation":"generated"},{"nameUrl":"MedicationDispense-example-3-2-of-medication-dispense.html","title":"Example MedicationDispense - example-3-2-of-medication-dispense","generation":"generated"},{"nameUrl":"MedicationDispense-example-10-2-of-medication-dispense.html","title":"Example MedicationDispense - example-10-2-of-medication-dispense","generation":"generated"},{"nameUrl":"MedicationDispense-example-3-of-medication-dispense.html","title":"Example MedicationDispense - example-3-of-medication-dispense","generation":"generated"},{"nameUrl":"MedicationDispense-example-4-1-of-medication-dispense.html","title":"Example MedicationDispense - example-4-1-of-medication-dispense","generation":"generated"},{"nameUrl":"MedicationStatement-example-7-of-medication-usage.html","title":"Example MedicationStatement - example-7-of-medication-usage","generation":"generated"},{"nameUrl":"MedicationDispense-medication-dispense-hospital.html","title":"Example MedicationDispense - medication-dispense-hospital","generation":"generated"},{"nameUrl":"MedicationRequest-example-3-of-medication-presc.html","title":"Example MedicationRequest - example-3-of-medication-presc","generation":"generated"},{"nameUrl":"MedicationRequest-example-2-of-medication-presc.html","title":"Example MedicationRequest - example-2-of-medication-presc","generation":"generated"},{"nameUrl":"MedicationStatement-example-8-of-medication-usage.html","title":"Example MedicationStatement - example-8-of-medication-usage","generation":"generated"},{"nameUrl":"MedicationDispense-example-5-of-medication-dispense.html","title":"Example MedicationDispense - example-5-of-medication-dispense","generation":"generated"},{"nameUrl":"MedicationDispense-example-10-1-of-medication-dispense.html","title":"Example MedicationDispense - example-10-1-of-medication-dispense","generation":"generated"},{"nameUrl":"MedicationAdministration-example-8-of-medication-administration.html","title":"Example MedicationAdministration - example-8-of-medication-administration","generation":"generated"},{"nameUrl":"MedicationDispense-example-7-of-medication-dispense.html","title":"Example MedicationDispense - example-7-of-medication-dispense","generation":"generated"},{"nameUrl":"MedicationRequest-example-3-2-of-medication-presc.html","title":"Example MedicationRequest - example-3-2-of-medication-presc","generation":"generated"},{"nameUrl":"MedicationRequest-example-6-of-medication-presc.html","title":"Example MedicationRequest - example-6-of-medication-presc","generation":"generated"},{"nameUrl":"MedicationRequest-example-7-of-medication-presc.html","title":"Example MedicationRequest - example-7-of-medication-presc","generation":"generated"},{"nameUrl":"MedicationDispense-example-6-1-of-medication-dispense.html","title":"Example MedicationDispense - example-6-1-of-medication-dispense","generation":"generated"},{"nameUrl":"MedicationDispense-example-8-of-medication-dispense.html","title":"Example MedicationDispense - example-8-of-medication-dispense","generation":"generated"},{"nameUrl":"MedicationDispense-example-dispense-communitypharmacy-1med.html","title":"Example MedicationDispense - example-dispense-communitypharmacy-1med","generation":"generated"},{"nameUrl":"MedicationRequest-example-8-of-medication-presc.html","title":"Example MedicationRequest - example-8-of-medication-presc","generation":"generated"},{"nameUrl":"MedicationDispense-example-4-2-of-medication-dispense.html","title":"Example MedicationDispense - example-4-2-of-medication-dispense","generation":"generated"},{"nameUrl":"MedicationDispense-example-10-3-of-medication-dispense.html","title":"Example MedicationDispense - example-10-3-of-medication-dispense","generation":"generated"},{"nameUrl":"MedicationRequest-example-4-of-medication-presc.html","title":"Example MedicationRequest - example-4-of-medication-presc","generation":"generated"},{"nameUrl":"MedicationDispense-example-minimal-dispense.html","title":"Example MedicationDispense - example-minimal-dispense","generation":"generated"},{"nameUrl":"MedicationDispense-example-2-of-medication-dispense.html","title":"Example MedicationDispense - example-2-of-medication-dispense","generation":"generated"},{"nameUrl":"MedicationDispense-example-1-of-medication-dispense.html","title":"Example MedicationDispense - example-1-of-medication-dispense","generation":"generated"},{"nameUrl":"MedicationRequest-example-1-of-medication-presc.html","title":"Example MedicationRequest - example-1-of-medication-presc","generation":"generated"}]}]},"parameter":[{"code":"path-resource","value":"input/capabilities"},{"code":"path-resource","value":"input/examples"},{"code":"path-resource","value":"input/extensions"},{"code":"path-resource","value":"input/models"},{"code":"path-resource","value":"input/operations"},{"code":"path-resource","value":"input/profiles"},{"code":"path-resource","value":"input/resources"},{"code":"path-resource","value":"input/vocabulary"},{"code":"path-resource","value":"input/maps"},{"code":"path-resource","value":"input/testing"},{"code":"path-resource","value":"input/history"},{"code":"path-resource","value":"fsh-generated/resources"},{"code":"path-pages","value":"template/config"},{"code":"path-pages","value":"input/images"},{"code":"path-tx-cache","value":"input-cache/txcache"}]}}