{"resourceType":"ValueSet","id":"medication-substitution-dispense-v1","text":{"status":"extensions","div":"<div xmlns=\"http://www.w3.org/1999/xhtml\"><p>This value set includes codes based on the following rules:</p><ul><li>Import all the codes that are contained in <a href=\"http://terminology.hl7.org/2.1.0/ValueSet-v3-SubstanceAdminSubstitutionReason.html\">http://terminology.hl7.org/ValueSet/v3-SubstanceAdminSubstitutionReason</a></li><li>Include these codes as defined in <a href=\"http://terminology.hl7.org/2.1.0/CodeSystem-v3-ActReason.html\"><code>http://terminology.hl7.org/CodeSystem/v3-ActReason</code></a><table class=\"none\"><tr><td style=\"white-space:nowrap\"><b>Code</b></td><td><b>Display</b></td><td><b>Definition</b></td></tr><tr><td><a href=\"http://terminology.hl7.org/2.1.0/CodeSystem-v3-ActReason.html#v3-ActReason-UNABLE\">UNABLE</a></td><td>unable to use</td><td>**Description:**&lt;The patient is not (or is no longer) able to use the medication in a manner prescribed.<br/><br/>**Example:**CanaTMt swallow.</td></tr></table></li></ul></div>"},"url":"https://www.hl7belgium.be/fhir/ValueSet/medication-substitution-dispense-v1","version":"0.2.0","name":"SubstitutionReason","title":"medication substitution Value set","status":"active","date":"2021-08-11T11:16:23+00:00","publisher":"HL7 Belgium","contact":[{"telecom":[{"system":"url","value":"http://hl7belgium.org"}]}],"description":"Value set for substituting a medication on dispense.","jurisdiction":[{"coding":[{"system":"http://unstats.un.org/unsd/methods/m49/m49.htm","code":"056"}],"text":"Belgium"}],"compose":{"include":[{"valueSet":["http://terminology.hl7.org/ValueSet/v3-SubstanceAdminSubstitutionReason"]},{"system":"http://terminology.hl7.org/CodeSystem/v3-ActReason","concept":[{"code":"UNABLE","display":"unable to use"}]}]}}