<?xml version="1.0" encoding="UTF-8"?>

<MedicationStatement xmlns="http://hl7.org/fhir">
  <id value="7-medication-usage"/>
  <meta>
    <profile value="https://www.hl7belgium.be/fhir/StructureDefinition/MedRecordUsage"/>
  </meta>
  <text>
    <status value="extensions"/><div xmlns="http://www.w3.org/1999/xhtml"><p><b>Generated Narrative</b></p><p><b>Based On</b>: <span></span></p><p><b>identifier</b>: id: cc4f91f6-d0f6-479c-b6c0-109177448ed7</p><p><b>status</b>: not-taken</p><p><b>medication</b>: <span title="Codes: {https://cnk.apb.be/codings/cnk_product_codes 1359611}">Ciproxine compr. pellic. (séc.) 20x 500mg</span></p><p><b>subject</b>: <span></span></p><p><b>dateAsserted</b>: Jul 19, 2021, 11:00:00 AM</p><p><b>informationSource</b>: <span></span></p></div>
  </text>
  <extension url="http://hl7.org/fhir/StructureDefinition/event-basedOn">
    <valueReference>
      <identifier>
        <system value="http://treatment-identifiers.com"/>
        <value value="b40abc28-9454-405b-bc81-7571a9a05f3a"/>
      </identifier>
    </valueReference>
  </extension>
  <identifier>
    <system value="http://medicationusage-identifiers.com"/>
    <value value="cc4f91f6-d0f6-479c-b6c0-109177448ed7"/>
  </identifier>
  <status value="not-taken"/>
  <medicationCodeableConcept>
    <coding>
      <system value="https://cnk.apb.be/codings/cnk_product_codes"/>
      <code value="1359611"/>
      <display value="Ciproxine compr. pellic. (s&#xE9;c.) 20x 500mg"/>
    </coding>
  </medicationCodeableConcept>
  <subject>
    <identifier>
      <system value="https://www.ehealth.fgov.be/standards/fhir/NamingSystem/ssin"/>
      <value value="64110219106"/>
    </identifier>
  </subject>
  <dateAsserted value="2021-07-19T13:00:00+02:00"/>
  <informationSource>
    <identifier>
      <system value="https://www.ehealth.fgov.be/standards/fhir/NamingSystem/ssin"/>
      <value value="64110219106"/>
    </identifier>
  </informationSource>
</MedicationStatement>