{"resourceType":"ImplementationGuide","id":"hl7.be.fhir.medicationig","text":{"status":"extensions","div":"<div xmlns=\"http://www.w3.org/1999/xhtml\"><h2>BEMedicationIG</h2><p>The official URL for this implementation guide is: </p><pre>https://www.hl7belgium.be/fhir/ImplementationGuide/hl7.be.fhir.medicationig</pre><div><p>ImplementationGuide for HL7 Belgium Medication Work Group</p>\n</div></div>"},"url":"https://www.hl7belgium.be/fhir/ImplementationGuide/hl7.be.fhir.medicationig","version":"0.2.0","name":"BEMedicationIG","title":"HL7 Belgium Medication Implementation Guide","status":"draft","experimental":false,"date":"2021-08-17T10:58:12+00:00","publisher":"HL7 Belgium","contact":[{"telecom":[{"system":"url","value":"http://hl7belgium.org"}]}],"description":"ImplementationGuide for HL7 Belgium Medication Work Group","jurisdiction":[{"coding":[{"system":"http://unstats.un.org/unsd/methods/m49/m49.htm","code":"056"}],"text":"Belgium"}],"packageId":"hl7.be.fhir.medicationig","license":"CC0-1.0","fhirVersion":["4.0.1"],"dependsOn":[{"id":"fedbecore","uri":"https://www.ehealth.fgov.be/standards/fhir/ImplementationGuide/fed-be-core","packageId":"fed.be.core","version":"dev"}],"definition":{"extension":[{"extension":[{"url":"code","valueString":"copyrightyear"},{"url":"value","valueString":"2019+"}],"url":"http://hl7.org/fhir/tools/StructureDefinition/ig-parameter"},{"extension":[{"url":"code","valueString":"releaselabel"},{"url":"value","valueString":"CI Build"}],"url":"http://hl7.org/fhir/tools/StructureDefinition/ig-parameter"},{"extension":[{"url":"code","valueString":"path-binary"},{"url":"value","valueString":"input\\cql"}],"url":"http://hl7.org/fhir/tools/StructureDefinition/ig-parameter"},{"extension":[{"url":"code","valueString":"excludettl"},{"url":"value","valueString":"true"}],"url":"http://hl7.org/fhir/tools/StructureDefinition/ig-parameter"},{"extension":[{"url":"code","valueString":"show-inherited-invariants"},{"url":"value","valueString":"false"}],"url":"http://hl7.org/fhir/tools/StructureDefinition/ig-parameter"},{"extension":[{"url":"code","valueString":"autoload-resources"},{"url":"value","valueString":"true"}],"url":"http://hl7.org/fhir/tools/StructureDefinition/ig-parameter"},{"extension":[{"url":"code","valueString":"path-liquid"},{"url":"value","valueString":"template/liquid"}],"url":"http://hl7.org/fhir/tools/StructureDefinition/ig-parameter"},{"extension":[{"url":"code","valueString":"path-liquid"},{"url":"value","valueString":"input/liquid"}],"url":"http://hl7.org/fhir/tools/StructureDefinition/ig-parameter"},{"extension":[{"url":"code","valueString":"path-qa"},{"url":"value","valueString":"temp/qa"}],"url":"http://hl7.org/fhir/tools/StructureDefinition/ig-parameter"},{"extension":[{"url":"code","valueString":"path-temp"},{"url":"value","valueString":"temp/pages"}],"url":"http://hl7.org/fhir/tools/StructureDefinition/ig-parameter"},{"extension":[{"url":"code","valueString":"path-output"},{"url":"value","valueString":"output"}],"url":"http://hl7.org/fhir/tools/StructureDefinition/ig-parameter"},{"extension":[{"url":"code","valueString":"path-suppressed-warnings"},{"url":"value","valueString":"input/ignoreWarnings.txt"}],"url":"http://hl7.org/fhir/tools/StructureDefinition/ig-parameter"},{"extension":[{"url":"code","valueString":"path-history"},{"url":"value","valueString":"https://www.hl7belgium.be/fhir/history.html"}],"url":"http://hl7.org/fhir/tools/StructureDefinition/ig-parameter"},{"extension":[{"url":"code","valueString":"template-html"},{"url":"value","valueString":"template-page.html"}],"url":"http://hl7.org/fhir/tools/StructureDefinition/ig-parameter"},{"extension":[{"url":"code","valueString":"template-md"},{"url":"value","valueString":"template-page-md.html"}],"url":"http://hl7.org/fhir/tools/StructureDefinition/ig-parameter"},{"extension":[{"url":"code","valueString":"apply-contact"},{"url":"value","valueString":"true"}],"url":"http://hl7.org/fhir/tools/StructureDefinition/ig-parameter"},{"extension":[{"url":"code","valueString":"apply-context"},{"url":"value","valueString":"true"}],"url":"http://hl7.org/fhir/tools/StructureDefinition/ig-parameter"},{"extension":[{"url":"code","valueString":"apply-copyright"},{"url":"value","valueString":"true"}],"url":"http://hl7.org/fhir/tools/StructureDefinition/ig-parameter"},{"extension":[{"url":"code","valueString":"apply-jurisdiction"},{"url":"value","valueString":"true"}],"url":"http://hl7.org/fhir/tools/StructureDefinition/ig-parameter"},{"extension":[{"url":"code","valueString":"apply-license"},{"url":"value","valueString":"true"}],"url":"http://hl7.org/fhir/tools/StructureDefinition/ig-parameter"},{"extension":[{"url":"code","valueString":"apply-publisher"},{"url":"value","valueString":"true"}],"url":"http://hl7.org/fhir/tools/StructureDefinition/ig-parameter"},{"extension":[{"url":"code","valueString":"apply-version"},{"url":"value","valueString":"true"}],"url":"http://hl7.org/fhir/tools/StructureDefinition/ig-parameter"},{"extension":[{"url":"code","valueString":"active-tables"},{"url":"value","valueString":"true"}],"url":"http://hl7.org/fhir/tools/StructureDefinition/ig-parameter"}],"grouping":[{"id":"medicationdispense","name":"Medication Dispense","description":"Medication Dispense"},{"id":"medicationrecord","name":"Medication Record","description":"Medication Record / Medication Schema"},{"id":"-str-logicalmodel","name":"Structures: Logical Models","description":"These define data models that represent the domain covered by this implementation guide in more business-friendly terms than the underlying FHIR resources."},{"id":"-str-profile","name":"Structures: Resource Profiles","description":"These define constraints on FHIR resources for systems conforming to this implementation guide"},{"id":"-str-extension","name":"Structures: Extension Definitions","description":"These define constraints on FHIR data types for systems conforming to this implementation guide"},{"id":"-term-valueset","name":"Terminology: Value Sets","description":"These define sets of codes used by systems conforming to this implementation guide"},{"id":"-term-codesystem","name":"Terminology: Code Systems","description":"These define new code systems used by systems conforming to this implementation guide"},{"id":"-term-namingsystem","name":"Terminology: Naming Systems","description":"These define identifier and/or code system identities used by systems conforming to this implementation guide"},{"id":"-ex-examplescenario","name":"Example: Example Scenarios","description":"These define groups of interrelated examples that demonstrate one or more of the workflows supported by this implementation guide"},{"id":"-ex-example","name":"Example: Example Instances","description":"These are example instances that show what data produced and consumed by systems conforming with this implementation guide might look like"},{"id":"-other","name":"Other","description":"These are resources that are used within this implementation guide that do not fit into one of the other categories"}],"resource":[{"extension":[{"url":"http://hl7.org/fhir/StructureDefinition/implementationguide-page","valueUri":"StructureDefinition-be-model-medication-dispense.html"}],"reference":{"reference":"StructureDefinition/be-model-medication-dispense"},"fhirVersion":["4.0.1"],"name":"Logical Model Medication Dispense","description":"Medication Dispense entry - information captured when dispensing medication e.g. in pharmacies and hospitals","groupingId":"medicationdispense"},{"extension":[{"url":"http://hl7.org/fhir/StructureDefinition/implementationguide-page","valueUri":"StructureDefinition-be-medicationdispense.html"}],"reference":{"reference":"StructureDefinition/be-medicationdispense"},"fhirVersion":["4.0.1"],"name":"Profile - Medication Dispense","description":"Medication Dispense entry - information captured when dispensing medication e.g. in pharmacies and hospitals","groupingId":"medicationdispense"},{"extension":[{"url":"http://hl7.org/fhir/StructureDefinition/implementationguide-page","valueUri":"StructureDefinition-be-model-medication-record.html"}],"reference":{"reference":"StructureDefinition/be-model-medication-record"},"fhirVersion":["4.0.1"],"name":"Logical Model Medication Record","description":"Medication Record - summary or detailed information about the usage of medication by a patient","groupingId":"medicationrecord"},{"extension":[{"url":"http://hl7.org/fhir/StructureDefinition/implementationguide-page","valueUri":"NamingSystem-be-ns-nihdi-organization.html"}],"reference":{"reference":"NamingSystem/be-ns-nihdi-organization"},"fhirVersion":["4.0.1"],"name":"NamingSystem - NIHDI Organization","description":"NIHDI identifier for care organizations","groupingId":"terminology"},{"extension":[{"url":"http://hl7.org/fhir/StructureDefinition/implementationguide-page","valueUri":"NamingSystem-be-ns-nihdi-professional.html"}],"reference":{"reference":"NamingSystem/be-ns-nihdi-professional"},"fhirVersion":["4.0.1"],"name":"NamingSystem - NIHDI Professional","description":"NIHDI identifier for care professionals","groupingId":"terminology"},{"extension":[{"url":"http://hl7.org/fhir/StructureDefinition/implementationguide-page","valueUri":"MedicationDispense-medication-dispense-example-1.html"}],"reference":{"reference":"MedicationDispense/medication-dispense-example-1"},"fhirVersion":["4.0.1"],"name":"Medication Dispense Example 1","description":"Medication Dispense Example 1 - a simple example of a dispensation in a pharmacy","exampleCanonical":"https://www.hl7belgium.be/fhir/StructureDefinition/be-medicationdispense","groupingId":"medicationdispense"},{"extension":[{"url":"http://hl7.org/fhir/StructureDefinition/implementationguide-page","valueUri":"MedicationDispense-medication-dispense-example-2.html"}],"reference":{"reference":"MedicationDispense/medication-dispense-example-2"},"fhirVersion":["4.0.1"],"name":"Medication Dispense Example 2","description":"Medication Dispense Example 2 - a simple example of a dispensation in a pharmacy - with a geolocation","exampleCanonical":"https://www.hl7belgium.be/fhir/StructureDefinition/be-medicationdispense","groupingId":"medicationdispense"},{"extension":[{"url":"http://hl7.org/fhir/StructureDefinition/implementationguide-page","valueUri":"ExampleScenario-example-1-scenario.html"}],"reference":{"reference":"ExampleScenario/example-1-scenario"},"fhirVersion":["4.0.1"],"name":"ExampleScenario 1 - Changing brand name in the same VOS","description":"Prescribed branded medication is changed by another branded medication from the same VOS-cluster","groupingId":"-ex-examplescenario"},{"extension":[{"url":"http://hl7.org/fhir/StructureDefinition/implementationguide-page","valueUri":"ExampleScenario-example-2-scenario.html"}],"reference":{"reference":"ExampleScenario/example-2-scenario"},"fhirVersion":["4.0.1"],"name":"ExampleScenario 2 - Changing by another medication from a different VOS","description":"Prescribed medication is changed by another medication from a different VOS-cluster","groupingId":"-ex-examplescenario"},{"extension":[{"url":"http://hl7.org/fhir/StructureDefinition/implementationguide-page","valueUri":"ExampleScenario-example-3-scenario.html"}],"reference":{"reference":"ExampleScenario/example-3-scenario"},"fhirVersion":["4.0.1"],"name":"ExampleScenario 3 - Dispense medication before the prescription is available","description":"This example shows a dispense of a medication that is made before an existing prescription","groupingId":"-ex-examplescenario"},{"extension":[{"url":"http://hl7.org/fhir/StructureDefinition/implementationguide-page","valueUri":"ExampleScenario-example-4-scenario.html"}],"reference":{"reference":"ExampleScenario/example-4-scenario"},"fhirVersion":["4.0.1"],"name":"ExampleScenario 4 - Dispense of prescribed medication and of a product without a prescription","description":"This example shows a dispense of two products. One that has a prescription and other that does not (and does not need one).","groupingId":"-ex-examplescenario"},{"extension":[{"url":"http://hl7.org/fhir/StructureDefinition/implementationguide-page","valueUri":"ExampleScenario-example-5-scenario.html"}],"reference":{"reference":"ExampleScenario/example-5-scenario"},"fhirVersion":["4.0.1"],"name":"ExampleScenario 5 - Dispense of new brand medication because the old is unavailable","description":"This example shows a prescription that is made by brand name and the pharmacist changes the brand name for another brand name in the same VOS - Cluster because there is no stock.","groupingId":"-ex-examplescenario"},{"extension":[{"url":"http://hl7.org/fhir/StructureDefinition/implementationguide-page","valueUri":"ExampleScenario-example-6-scenario.html"}],"reference":{"reference":"ExampleScenario/example-6-scenario"},"fhirVersion":["4.0.1"],"name":"ExampleScenario 6 - Refusal to dispense the prescribed medication","description":"This example shows a prescription that is made by VOS and the pharmacist refuses to dispense the medication due to interaction with previous medication.","groupingId":"-ex-examplescenario"},{"extension":[{"url":"http://hl7.org/fhir/StructureDefinition/implementationguide-page","valueUri":"ExampleScenario-example-7-scenario.html"}],"reference":{"reference":"ExampleScenario/example-7-scenario"},"fhirVersion":["4.0.1"],"name":"ExampleScenario 7 - Dispense of medication that was prescribed to take if needed, but was not taken","description":"This example shows a prescription that is made by VOS and to take only if needed and the pharmacist dispenses it.    Then it is reported that the medication was not taken at all.","groupingId":"-ex-examplescenario"},{"extension":[{"url":"http://hl7.org/fhir/StructureDefinition/implementationguide-page","valueUri":"ExampleScenario-example-8-scenario.html"}],"reference":{"reference":"ExampleScenario/example-8-scenario"},"fhirVersion":["4.0.1"],"name":"ExampleScenario 8 - Dispense of medication that was prescribed, but not taken till the end","description":"This example shows a prescription that is made by VOS and the pharmacist dispenses it. But at the time of administration, the treatment is stopped due to a reaction.","groupingId":"-ex-examplescenario"},{"extension":[{"url":"http://hl7.org/fhir/StructureDefinition/implementationguide-page","valueUri":"MedicationDispense-1-dispense.html"}],"reference":{"reference":"MedicationDispense/1-dispense"},"fhirVersion":["4.0.1"],"name":"Example 1 - Dispense ","description":"Prescribed branded medication is changed by another branded medication from the same VOS-cluster","exampleCanonical":"https://www.hl7belgium.be/fhir/StructureDefinition/MedRecordDispense","groupingId":"-ex-example"},{"extension":[{"url":"http://hl7.org/fhir/StructureDefinition/implementationguide-page","valueUri":"MedicationRequest-1-prescription.html"}],"reference":{"reference":"MedicationRequest/1-prescription"},"fhirVersion":["4.0.1"],"name":"Example 1 - prescription","description":"Prescribed branded medication is changed by another branded medication from the same VOS-cluster","exampleCanonical":"https://www.hl7belgium.be/fhir/StructureDefinition/MedRecordOrder","groupingId":"-ex-example"},{"extension":[{"url":"http://hl7.org/fhir/StructureDefinition/implementationguide-page","valueUri":"CarePlan-1-treatment.html"}],"reference":{"reference":"CarePlan/1-treatment"},"fhirVersion":["4.0.1"],"name":"Example 1 - Treatment","description":"Prescribed branded medication is changed by another branded medication from the same VOS-cluster","exampleCanonical":"https://www.hl7belgium.be/fhir/StructureDefinition/MedRecordTreatment","groupingId":"-ex-example"},{"extension":[{"url":"http://hl7.org/fhir/StructureDefinition/implementationguide-page","valueUri":"MedicationStatement-1-treatmentLine.html"}],"reference":{"reference":"MedicationStatement/1-treatmentLine"},"fhirVersion":["4.0.1"],"name":"Example 1 - Treatment Line","description":"Prescribed branded medication is changed by another branded medication from the same VOS-cluster","exampleCanonical":"https://www.hl7belgium.be/fhir/StructureDefinition/MedRecordTreatmentLine","groupingId":"-ex-example"},{"extension":[{"url":"http://hl7.org/fhir/StructureDefinition/implementationguide-page","valueUri":"MedicationDispense-2a-dispense.html"}],"reference":{"reference":"MedicationDispense/2a-dispense"},"fhirVersion":["4.0.1"],"name":"Example 2a - Dispense","description":"Prescribed medication is changed by another medication from a different VOS-cluster - Different strength","exampleCanonical":"https://www.hl7belgium.be/fhir/StructureDefinition/MedRecordDispense","groupingId":"-ex-example"},{"extension":[{"url":"http://hl7.org/fhir/StructureDefinition/implementationguide-page","valueUri":"MedicationRequest-2a-prescription.html"}],"reference":{"reference":"MedicationRequest/2a-prescription"},"fhirVersion":["4.0.1"],"name":"Example 2a - prescription","description":"Prescribed medication is changed by another medication from a different VOS-cluster - Different strength","exampleCanonical":"https://www.hl7belgium.be/fhir/StructureDefinition/MedRecordOrder","groupingId":"-ex-example"},{"extension":[{"url":"http://hl7.org/fhir/StructureDefinition/implementationguide-page","valueUri":"CarePlan-2a-treatment.html"}],"reference":{"reference":"CarePlan/2a-treatment"},"fhirVersion":["4.0.1"],"name":"Example 2a - Treatment","description":"Prescribed medication is changed by another medication from a different VOS-cluster - Different strength","exampleCanonical":"https://www.hl7belgium.be/fhir/StructureDefinition/MedRecordTreatment","groupingId":"-ex-example"},{"extension":[{"url":"http://hl7.org/fhir/StructureDefinition/implementationguide-page","valueUri":"MedicationStatement-2a-treatmentLine.html"}],"reference":{"reference":"MedicationStatement/2a-treatmentLine"},"fhirVersion":["4.0.1"],"name":"Example 2a - Treatment Line","description":"Prescribed medication is changed by another medication from a different VOS-cluster - Different strength","exampleCanonical":"https://www.hl7belgium.be/fhir/StructureDefinition/MedRecordTreatmentLine","groupingId":"-ex-example"},{"extension":[{"url":"http://hl7.org/fhir/StructureDefinition/implementationguide-page","valueUri":"MedicationDispense-3-dispense.html"}],"reference":{"reference":"MedicationDispense/3-dispense"},"fhirVersion":["4.0.1"],"name":"Example 3 - Dispense","description":"Dispense medication before the prescription of the general practitioner","exampleCanonical":"https://www.hl7belgium.be/fhir/StructureDefinition/MedRecordDispense","groupingId":"-ex-example"},{"extension":[{"url":"http://hl7.org/fhir/StructureDefinition/implementationguide-page","valueUri":"MedicationRequest-3-prescription.html"}],"reference":{"reference":"MedicationRequest/3-prescription"},"fhirVersion":["4.0.1"],"name":"Example 3 - prescription","description":"Dispense medication before the prescription of the general practitioner","exampleCanonical":"https://www.hl7belgium.be/fhir/StructureDefinition/MedRecordOrder","groupingId":"-ex-example"},{"extension":[{"url":"http://hl7.org/fhir/StructureDefinition/implementationguide-page","valueUri":"CarePlan-3-treatment.html"}],"reference":{"reference":"CarePlan/3-treatment"},"fhirVersion":["4.0.1"],"name":"Example 3 - Treatment","description":"Dispense medication before the prescription of the general practitioner","exampleCanonical":"https://www.hl7belgium.be/fhir/StructureDefinition/MedRecordTreatment","groupingId":"-ex-example"},{"extension":[{"url":"http://hl7.org/fhir/StructureDefinition/implementationguide-page","valueUri":"MedicationStatement-3-treatmentLine.html"}],"reference":{"reference":"MedicationStatement/3-treatmentLine"},"fhirVersion":["4.0.1"],"name":"Example 3 - Treatment Line","description":"Dispense medication before the prescription of the general practitioner","exampleCanonical":"https://www.hl7belgium.be/fhir/StructureDefinition/MedRecordTreatmentLine","groupingId":"-ex-example"},{"extension":[{"url":"http://hl7.org/fhir/StructureDefinition/implementationguide-page","valueUri":"MedicationRequest-4-prescription.html"}],"reference":{"reference":"MedicationRequest/4-prescription"},"fhirVersion":["4.0.1"],"name":"Example 4 - prescription","description":"Dispense of prescribed medication, and dispense of a product that can be done without a prescription","exampleCanonical":"https://www.hl7belgium.be/fhir/StructureDefinition/MedRecordOrder","groupingId":"-ex-example"},{"extension":[{"url":"http://hl7.org/fhir/StructureDefinition/implementationguide-page","valueUri":"MedicationDispense-4-1-dispense.html"}],"reference":{"reference":"MedicationDispense/4-1-dispense"},"fhirVersion":["4.0.1"],"name":"Example 4 - Dispense 1","description":"Dispense of prescribed medication, and dispense of a product that can be done without a prescription","exampleCanonical":"https://www.hl7belgium.be/fhir/StructureDefinition/MedRecordDispense","groupingId":"-ex-example"},{"extension":[{"url":"http://hl7.org/fhir/StructureDefinition/implementationguide-page","valueUri":"MedicationDispense-4-2-dispense.html"}],"reference":{"reference":"MedicationDispense/4-2-dispense"},"fhirVersion":["4.0.1"],"name":"Example 4 - Dispense 2 (no Prescription)","description":"Dispense of prescribed medication, and dispense of a product that can be done without a prescription","exampleCanonical":"https://www.hl7belgium.be/fhir/StructureDefinition/MedRecordDispense","groupingId":"-ex-example"},{"extension":[{"url":"http://hl7.org/fhir/StructureDefinition/implementationguide-page","valueUri":"CarePlan-4-1-treatment.html"}],"reference":{"reference":"CarePlan/4-1-treatment"},"fhirVersion":["4.0.1"],"name":"Example 4 - Treatment 1","description":"Dispense of prescribed medication, and dispense of a product that can be done without a prescription","exampleCanonical":"https://www.hl7belgium.be/fhir/StructureDefinition/MedRecordTreatment","groupingId":"-ex-example"},{"extension":[{"url":"http://hl7.org/fhir/StructureDefinition/implementationguide-page","valueUri":"MedicationStatement-4-1-treatmentLine.html"}],"reference":{"reference":"MedicationStatement/4-1-treatmentLine"},"fhirVersion":["4.0.1"],"name":"Example 4 - Treatment Line 1","description":"Dispense of prescribed medication, and dispense of a product that can be done without a prescription","exampleCanonical":"https://www.hl7belgium.be/fhir/StructureDefinition/MedRecordTreatmentLine","groupingId":"-ex-example"},{"extension":[{"url":"http://hl7.org/fhir/StructureDefinition/implementationguide-page","valueUri":"CarePlan-4-2-treatment.html"}],"reference":{"reference":"CarePlan/4-2-treatment"},"fhirVersion":["4.0.1"],"name":"Example 4 - Treatment 2","description":"Dispense of prescribed medication, and dispense of a product that can be done without a prescription","exampleCanonical":"https://www.hl7belgium.be/fhir/StructureDefinition/MedRecordTreatment","groupingId":"-ex-example"},{"extension":[{"url":"http://hl7.org/fhir/StructureDefinition/implementationguide-page","valueUri":"MedicationStatement-4-2-treatmentLine.html"}],"reference":{"reference":"MedicationStatement/4-2-treatmentLine"},"fhirVersion":["4.0.1"],"name":"Example 4 - Treatment Line 2","description":"Dispense of prescribed medication, and dispense of a product that can be done without a prescription","exampleCanonical":"https://www.hl7belgium.be/fhir/StructureDefinition/MedRecordTreatmentLine","groupingId":"-ex-example"},{"extension":[{"url":"http://hl7.org/fhir/StructureDefinition/implementationguide-page","valueUri":"MedicationDispense-5-dispense.html"}],"reference":{"reference":"MedicationDispense/5-dispense"},"fhirVersion":["4.0.1"],"name":"Example 5 - Dispense","description":"Dispense of new brand medication that is given because the old is unavailable, so giving to continue the treatment and not to replace it","exampleCanonical":"https://www.hl7belgium.be/fhir/StructureDefinition/MedRecordDispense","groupingId":"-ex-example"},{"extension":[{"url":"http://hl7.org/fhir/StructureDefinition/implementationguide-page","valueUri":"MedicationRequest-5-prescription.html"}],"reference":{"reference":"MedicationRequest/5-prescription"},"fhirVersion":["4.0.1"],"name":"Example 5 - prescription","description":"Dispense of new brand medication that is given because the old is unavailable, so giving to continue the treatment and not to replace it","exampleCanonical":"https://www.hl7belgium.be/fhir/StructureDefinition/MedRecordOrder","groupingId":"-ex-example"},{"extension":[{"url":"http://hl7.org/fhir/StructureDefinition/implementationguide-page","valueUri":"CarePlan-5-treatment.html"}],"reference":{"reference":"CarePlan/5-treatment"},"fhirVersion":["4.0.1"],"name":"Example 5 - Treatment","description":"Dispense of new brand medication that is given because the old is unavailable, so giving to continue the treatment and not to replace it","exampleCanonical":"https://www.hl7belgium.be/fhir/StructureDefinition/MedRecordTreatment","groupingId":"-ex-example"},{"extension":[{"url":"http://hl7.org/fhir/StructureDefinition/implementationguide-page","valueUri":"MedicationStatement-5-treatmentLine.html"}],"reference":{"reference":"MedicationStatement/5-treatmentLine"},"fhirVersion":["4.0.1"],"name":"Example 5 - Treatment Line","description":"Dispense of new brand medication that is given because the old is unavailable, so giving to continue the treatment and not to replace it","exampleCanonical":"https://www.hl7belgium.be/fhir/StructureDefinition/MedRecordTreatmentLine","groupingId":"-ex-example"},{"extension":[{"url":"http://hl7.org/fhir/StructureDefinition/implementationguide-page","valueUri":"MedicationDispense-6-dispense.html"}],"reference":{"reference":"MedicationDispense/6-dispense"},"fhirVersion":["4.0.1"],"name":"Example 6 - Dispense","description":"Refuse the dispense prescribed medication","exampleCanonical":"https://www.hl7belgium.be/fhir/StructureDefinition/MedRecordDispense","groupingId":"-ex-example"},{"extension":[{"url":"http://hl7.org/fhir/StructureDefinition/implementationguide-page","valueUri":"MedicationRequest-6-prescription.html"}],"reference":{"reference":"MedicationRequest/6-prescription"},"fhirVersion":["4.0.1"],"name":"Example 6 - prescription","description":"Refuse the dispense prescribed medication","exampleCanonical":"https://www.hl7belgium.be/fhir/StructureDefinition/MedRecordOrder","groupingId":"-ex-example"},{"extension":[{"url":"http://hl7.org/fhir/StructureDefinition/implementationguide-page","valueUri":"CarePlan-6-treatment.html"}],"reference":{"reference":"CarePlan/6-treatment"},"fhirVersion":["4.0.1"],"name":"Example 6 - Treatment","description":"Refuse the dispense prescribed medication","exampleCanonical":"https://www.hl7belgium.be/fhir/StructureDefinition/MedRecordTreatment","groupingId":"-ex-example"},{"extension":[{"url":"http://hl7.org/fhir/StructureDefinition/implementationguide-page","valueUri":"MedicationStatement-6-treatmentLine.html"}],"reference":{"reference":"MedicationStatement/6-treatmentLine"},"fhirVersion":["4.0.1"],"name":"Example 6 - Treatment Line","description":"Refuse the dispense prescribed medication","exampleCanonical":"https://www.hl7belgium.be/fhir/StructureDefinition/MedRecordTreatmentLine","groupingId":"-ex-example"},{"extension":[{"url":"http://hl7.org/fhir/StructureDefinition/implementationguide-page","valueUri":"MedicationDispense-7-dispense.html"}],"reference":{"reference":"MedicationDispense/7-dispense"},"fhirVersion":["4.0.1"],"name":"Example 7 - Dispense","description":"Dispense of medication that was prescribed to take if needed, but was not taken","exampleCanonical":"https://www.hl7belgium.be/fhir/StructureDefinition/MedRecordDispense","groupingId":"-ex-example"},{"extension":[{"url":"http://hl7.org/fhir/StructureDefinition/implementationguide-page","valueUri":"MedicationRequest-7-prescription.html"}],"reference":{"reference":"MedicationRequest/7-prescription"},"fhirVersion":["4.0.1"],"name":"Example 7 - prescription","description":"Dispense of medication that was prescribed to take if needed, but was not taken","exampleCanonical":"https://www.hl7belgium.be/fhir/StructureDefinition/MedRecordOrder","groupingId":"-ex-example"},{"extension":[{"url":"http://hl7.org/fhir/StructureDefinition/implementationguide-page","valueUri":"MedicationStatement-7-usage.html"}],"reference":{"reference":"MedicationStatement/7-usage"},"fhirVersion":["4.0.1"],"name":"Example 7 - Usage","description":"Dispense of medication that was prescribed to take if needed, but was not taken","exampleCanonical":"https://www.hl7belgium.be/fhir/StructureDefinition/MedRecordUsage","groupingId":"-ex-example"},{"extension":[{"url":"http://hl7.org/fhir/StructureDefinition/implementationguide-page","valueUri":"CarePlan-7-treatment.html"}],"reference":{"reference":"CarePlan/7-treatment"},"fhirVersion":["4.0.1"],"name":"Example 7 - Treatment","description":"Dispense of medication that was prescribed to take if needed, but was not taken","exampleCanonical":"https://www.hl7belgium.be/fhir/StructureDefinition/MedRecordTreatment","groupingId":"-ex-example"},{"extension":[{"url":"http://hl7.org/fhir/StructureDefinition/implementationguide-page","valueUri":"MedicationStatement-7-treatmentLine.html"}],"reference":{"reference":"MedicationStatement/7-treatmentLine"},"fhirVersion":["4.0.1"],"name":"Example 7 - Treatment Line","description":"Dispense of medication that was prescribed to take if needed, but was not taken","exampleCanonical":"https://www.hl7belgium.be/fhir/StructureDefinition/MedRecordTreatmentLine","groupingId":"-ex-example"},{"extension":[{"url":"http://hl7.org/fhir/StructureDefinition/implementationguide-page","valueUri":"MedicationRequest-8-prescription.html"}],"reference":{"reference":"MedicationRequest/8-prescription"},"fhirVersion":["4.0.1"],"name":"Example 8 - prescription","description":"Dispense of medication that was prescribed, but not taken till the end","exampleCanonical":"https://www.hl7belgium.be/fhir/StructureDefinition/MedRecordOrder","groupingId":"-ex-example"},{"extension":[{"url":"http://hl7.org/fhir/StructureDefinition/implementationguide-page","valueUri":"MedicationDispense-8-dispense.html"}],"reference":{"reference":"MedicationDispense/8-dispense"},"fhirVersion":["4.0.1"],"name":"Example 8 - Dispense","description":"Dispense of medication that was prescribed, but not taken till the end","exampleCanonical":"https://www.hl7belgium.be/fhir/StructureDefinition/MedRecordDispense","groupingId":"-ex-example"},{"extension":[{"url":"http://hl7.org/fhir/StructureDefinition/implementationguide-page","valueUri":"MedicationAdministration-8-administration.html"}],"reference":{"reference":"MedicationAdministration/8-administration"},"fhirVersion":["4.0.1"],"name":"Example 8 - Administration","description":"Dispense of medication that was prescribed, but not taken till the end","exampleCanonical":"https://www.hl7belgium.be/fhir/StructureDefinition/MedRecordAdministration","groupingId":"-ex-example"},{"extension":[{"url":"http://hl7.org/fhir/StructureDefinition/implementationguide-page","valueUri":"MedicationStatement-8-usage.html"}],"reference":{"reference":"MedicationStatement/8-usage"},"fhirVersion":["4.0.1"],"name":"Example 8 - Usage","description":"Dispense of medication that was prescribed, but not taken till the end","exampleCanonical":"https://www.hl7belgium.be/fhir/StructureDefinition/MedRecordUsage","groupingId":"-ex-example"},{"extension":[{"url":"http://hl7.org/fhir/StructureDefinition/implementationguide-page","valueUri":"CarePlan-8-treatment.html"}],"reference":{"reference":"CarePlan/8-treatment"},"fhirVersion":["4.0.1"],"name":"Example 8 - Treatment","description":"Dispense of medication that was prescribed, but not taken till the end","exampleCanonical":"https://www.hl7belgium.be/fhir/StructureDefinition/MedRecordTreatment","groupingId":"-ex-example"},{"extension":[{"url":"http://hl7.org/fhir/StructureDefinition/implementationguide-page","valueUri":"MedicationStatement-8-treatmentLine.html"}],"reference":{"reference":"MedicationStatement/8-treatmentLine"},"fhirVersion":["4.0.1"],"name":"Example 8 - Treatment Line","description":"Dispense of medication that was prescribed, but not taken till the end","exampleCanonical":"https://www.hl7belgium.be/fhir/StructureDefinition/MedRecordTreatmentLine","groupingId":"-ex-example"},{"extension":[{"url":"http://hl7.org/fhir/StructureDefinition/implementationguide-page","valueUri":"MedicationDispense-10-1-dispense.html"}],"reference":{"reference":"MedicationDispense/10-1-dispense"},"fhirVersion":["4.0.1"],"name":"Example 10 - Dispense 1","description":"The recording of non-medication aka pharmaceutical products","exampleCanonical":"https://www.hl7belgium.be/fhir/StructureDefinition/MedRecordDispense","groupingId":"-ex-example"},{"extension":[{"url":"http://hl7.org/fhir/StructureDefinition/implementationguide-page","valueUri":"MedicationDispense-10-2-dispense.html"}],"reference":{"reference":"MedicationDispense/10-2-dispense"},"fhirVersion":["4.0.1"],"name":"Example 10 - Dispense 2","description":"The recording of non-medication aka pharmaceutical products","exampleCanonical":"https://www.hl7belgium.be/fhir/StructureDefinition/MedRecordDispense","groupingId":"-ex-example"},{"extension":[{"url":"http://hl7.org/fhir/StructureDefinition/implementationguide-page","valueUri":"MedicationDispense-10-3-dispense.html"}],"reference":{"reference":"MedicationDispense/10-3-dispense"},"fhirVersion":["4.0.1"],"name":"Example 10 - Dispense 3","description":"The recording of non-medication aka pharmaceutical products","exampleCanonical":"https://www.hl7belgium.be/fhir/StructureDefinition/MedRecordDispense","groupingId":"-ex-example"},{"extension":[{"url":"http://hl7.org/fhir/StructureDefinition/implementationguide-page","valueUri":"MedicationRequest-15-prescription.html"}],"reference":{"reference":"MedicationRequest/15-prescription"},"fhirVersion":["4.0.1"],"name":"Example 15 - prescription 1","description":"Medication summary","exampleCanonical":"https://www.hl7belgium.be/fhir/StructureDefinition/MedRecordOrder","groupingId":"-ex-example"},{"extension":[{"url":"http://hl7.org/fhir/StructureDefinition/implementationguide-page","valueUri":"CarePlan-15-treatment.html"}],"reference":{"reference":"CarePlan/15-treatment"},"fhirVersion":["4.0.1"],"name":"Example 15 - Treatment 1","description":"Medication summary","exampleCanonical":"https://www.hl7belgium.be/fhir/StructureDefinition/MedRecordTreatment","groupingId":"-ex-example"},{"extension":[{"url":"http://hl7.org/fhir/StructureDefinition/implementationguide-page","valueUri":"MedicationStatement-15-treatmentLine.html"}],"reference":{"reference":"MedicationStatement/15-treatmentLine"},"fhirVersion":["4.0.1"],"name":"Example 15 - Treatment Line 1","description":"Medication summary","exampleCanonical":"https://www.hl7belgium.be/fhir/StructureDefinition/MedRecordTreatmentLine","groupingId":"-ex-example"},{"extension":[{"url":"http://hl7.org/fhir/StructureDefinition/implementationguide-page","valueUri":"MedicationRequest-15-scheduleAdministration.html"}],"reference":{"reference":"MedicationRequest/15-scheduleAdministration"},"fhirVersion":["4.0.1"],"name":"Example 15 - Scheduled Administration 1","description":"Medication summary","exampleCanonical":"https://www.hl7belgium.be/fhir/StructureDefinition/MedRecordMedicationScheduledAdministration","groupingId":"-ex-example"},{"extension":[{"url":"http://hl7.org/fhir/StructureDefinition/implementationguide-page","valueUri":"MedicationRequest-15-scheduleAdministration-2.html"}],"reference":{"reference":"MedicationRequest/15-scheduleAdministration-2"},"fhirVersion":["4.0.1"],"name":"Example 15 - Scheduled Administration 2","description":"Medication summary","exampleCanonical":"https://www.hl7belgium.be/fhir/StructureDefinition/MedRecordMedicationScheduledAdministration","groupingId":"-ex-example"},{"extension":[{"url":"http://hl7.org/fhir/StructureDefinition/implementationguide-page","valueUri":"MedicationRequest-15-prescription-2.html"}],"reference":{"reference":"MedicationRequest/15-prescription-2"},"fhirVersion":["4.0.1"],"name":"Example 15 - prescription 2","description":"Medication summary","exampleCanonical":"https://www.hl7belgium.be/fhir/StructureDefinition/MedRecordOrder","groupingId":"-ex-example"},{"extension":[{"url":"http://hl7.org/fhir/StructureDefinition/implementationguide-page","valueUri":"CarePlan-15-treatment-2.html"}],"reference":{"reference":"CarePlan/15-treatment-2"},"fhirVersion":["4.0.1"],"name":"Example 15 - Treatment 2","description":"Medication summary","exampleCanonical":"https://www.hl7belgium.be/fhir/StructureDefinition/MedRecordTreatment","groupingId":"-ex-example"},{"extension":[{"url":"http://hl7.org/fhir/StructureDefinition/implementationguide-page","valueUri":"MedicationStatement-15-treatmentLine-2.html"}],"reference":{"reference":"MedicationStatement/15-treatmentLine-2"},"fhirVersion":["4.0.1"],"name":"Example 15 - Treatment Line 2","description":"Medication summary","exampleCanonical":"https://www.hl7belgium.be/fhir/StructureDefinition/MedRecordTreatmentLine","groupingId":"-ex-example"},{"extension":[{"url":"http://hl7.org/fhir/StructureDefinition/implementationguide-page","valueUri":"MedicationRequest-15-scheduleAdministration-3.html"}],"reference":{"reference":"MedicationRequest/15-scheduleAdministration-3"},"fhirVersion":["4.0.1"],"name":"Example 15 - Scheduled Administration 3","description":"Medication summary","exampleCanonical":"https://www.hl7belgium.be/fhir/StructureDefinition/MedRecordMedicationScheduledAdministration","groupingId":"-ex-example"},{"extension":[{"url":"http://hl7.org/fhir/StructureDefinition/implementationguide-page","valueUri":"MedicationRequest-15-scheduleAdministration-4.html"}],"reference":{"reference":"MedicationRequest/15-scheduleAdministration-4"},"fhirVersion":["4.0.1"],"name":"Example 15 - Scheduled Administration 4","description":"Medication summary","exampleCanonical":"https://www.hl7belgium.be/fhir/StructureDefinition/MedRecordMedicationScheduledAdministration","groupingId":"-ex-example"},{"extension":[{"url":"http://hl7.org/fhir/StructureDefinition/implementationguide-page","valueUri":"CarePlan-total-view.html"}],"reference":{"reference":"CarePlan/total-view"},"fhirVersion":["4.0.1"],"name":"Example 15 - Total View of Medication","description":"Medication summary","exampleCanonical":"https://www.hl7belgium.be/fhir/StructureDefinition/MedRecordMedicationSummaryView","groupingId":"-ex-example"},{"extension":[{"url":"http://hl7.org/fhir/StructureDefinition/implementationguide-page","valueUri":"CarePlan-week-view.html"}],"reference":{"reference":"CarePlan/week-view"},"fhirVersion":["4.0.1"],"name":"Example 15 - Week View of Medication","description":"Medication summary","exampleCanonical":"https://www.hl7belgium.be/fhir/StructureDefinition/MedRecordMedicationSummaryView","groupingId":"-ex-example"},{"extension":[{"url":"http://hl7.org/fhir/StructureDefinition/implementationguide-page","valueUri":"Condition-headache-condition.html"}],"reference":{"reference":"Condition/headache-condition"},"groupingId":"-other"},{"extension":[{"url":"http://hl7.org/fhir/StructureDefinition/implementationguide-page","valueUri":"StructureDefinition-MedRecordTreatment.html"}],"reference":{"reference":"StructureDefinition/MedRecordTreatment"},"name":"[Profile] - Treatment","description":"The profile for Medication Treatment in a Medication Record - a set of treatment lines/items","groupingId":"-str-profile"},{"extension":[{"url":"http://hl7.org/fhir/StructureDefinition/implementationguide-page","valueUri":"StructureDefinition-related-tl.html"}],"reference":{"reference":"StructureDefinition/related-tl"},"name":"Based On Extension","description":"Extension for connecting several resources to a single Treatment Line","groupingId":"-str-extension"},{"extension":[{"url":"http://hl7.org/fhir/StructureDefinition/implementationguide-page","valueUri":"StructureDefinition-BeModelMedicationRecordOrder.html"}],"reference":{"reference":"StructureDefinition/BeModelMedicationRecordOrder"},"name":"[Logical Model] - Prescription","description":"A model for representing a product order.","groupingId":"-str-logicalmodel"},{"extension":[{"url":"http://hl7.org/fhir/StructureDefinition/implementationguide-page","valueUri":"StructureDefinition-BeModelMedicationRecordUsage.html"}],"reference":{"reference":"StructureDefinition/BeModelMedicationRecordUsage"},"name":"[Logical Model] - Usage","description":"A model for representing medication usage.","groupingId":"-str-logicalmodel"},{"extension":[{"url":"http://hl7.org/fhir/StructureDefinition/implementationguide-page","valueUri":"StructureDefinition-MedRecordAdministration.html"}],"reference":{"reference":"StructureDefinition/MedRecordAdministration"},"name":"[Profile] - Administration","description":"The profile for Medication Administration in a Medication Record - a record of a single administration event","groupingId":"-str-profile"},{"extension":[{"url":"http://hl7.org/fhir/StructureDefinition/implementationguide-page","valueUri":"StructureDefinition-MedRecordTreatmentLine.html"}],"reference":{"reference":"StructureDefinition/MedRecordTreatmentLine"},"name":"[Profile] - Treatment Line","description":"The profile for Medication Treatment Line - a single recorded item/line of a medication treatment","groupingId":"-str-profile"},{"extension":[{"url":"http://hl7.org/fhir/StructureDefinition/implementationguide-page","valueUri":"Condition-hyperlipidemia-condition.html"}],"reference":{"reference":"Condition/hyperlipidemia-condition"},"groupingId":"-other"},{"extension":[{"url":"http://hl7.org/fhir/StructureDefinition/implementationguide-page","valueUri":"ValueSet-be-vs-medication-summary-types.html"}],"reference":{"reference":"ValueSet/be-vs-medication-summary-types"},"name":"[Value Set] - Medication Summary Types ","description":"Valueset -  Medication Summary types","groupingId":"-term-valueset"},{"extension":[{"url":"http://hl7.org/fhir/StructureDefinition/implementationguide-page","valueUri":"MedicationDispense-medication-dispense-hospital.html"}],"reference":{"reference":"MedicationDispense/medication-dispense-hospital"},"name":"Example MedicationDispense - medication-dispense-hospital","exampleCanonical":"https://www.hl7belgium.be/fhir/StructureDefinition/be-medicationdispense","groupingId":"-ex-example"},{"extension":[{"url":"http://hl7.org/fhir/StructureDefinition/implementationguide-page","valueUri":"Bundle-EB.html"}],"reference":{"reference":"Bundle/EB"},"groupingId":"-other"},{"extension":[{"url":"http://hl7.org/fhir/StructureDefinition/implementationguide-page","valueUri":"StructureDefinition-BeModelMedicationRecordDispense.html"}],"reference":{"reference":"StructureDefinition/BeModelMedicationRecordDispense"},"name":"[Logical Model] - Dispense","description":"A model for representing a product dispense.","groupingId":"-str-logicalmodel"},{"extension":[{"url":"http://hl7.org/fhir/StructureDefinition/implementationguide-page","valueUri":"Condition-toothache-condition.html"}],"reference":{"reference":"Condition/toothache-condition"},"groupingId":"-other"},{"extension":[{"url":"http://hl7.org/fhir/StructureDefinition/implementationguide-page","valueUri":"StructureDefinition-MedRecord.html"}],"reference":{"reference":"StructureDefinition/MedRecord"},"name":"[Profile] - Medication Record","description":"The profile for Medication Record","groupingId":"-str-profile"},{"extension":[{"url":"http://hl7.org/fhir/StructureDefinition/implementationguide-page","valueUri":"StructureDefinition-MedRecordMedicationScheduledAdministration.html"}],"reference":{"reference":"StructureDefinition/MedRecordMedicationScheduledAdministration"},"name":"[Profile] - Scheduled Administration","description":"The profile for Medication Scheduled Administration in a Medication Record - a set of schedules takes for a certain drug, based on a previous prescription","groupingId":"-str-profile"},{"extension":[{"url":"http://hl7.org/fhir/StructureDefinition/implementationguide-page","valueUri":"StructureDefinition-BeModelMedicationRecordTreatmentLine.html"}],"reference":{"reference":"StructureDefinition/BeModelMedicationRecordTreatmentLine"},"name":"[Logical Model] - Treatment Line","description":"A model for representing a Treatment Line.","groupingId":"-str-logicalmodel"},{"extension":[{"url":"http://hl7.org/fhir/StructureDefinition/implementationguide-page","valueUri":"Condition-diarrhea-condition.html"}],"reference":{"reference":"Condition/diarrhea-condition"},"groupingId":"-other"},{"extension":[{"url":"http://hl7.org/fhir/StructureDefinition/implementationguide-page","valueUri":"NamingSystem-be-ns-product-package-type.html"}],"reference":{"reference":"NamingSystem/be-ns-product-package-type"},"description":"Naming System - Product Package Types","groupingId":"-term-namingsystem"},{"extension":[{"url":"http://hl7.org/fhir/StructureDefinition/implementationguide-page","valueUri":"StructureDefinition-MedRecord-comp.html"}],"reference":{"reference":"StructureDefinition/MedRecord-comp"},"name":"[Profile] - Structure Composition for Medication Record","description":"The profile for how to organize the information in a medication Record","groupingId":"-str-profile"},{"extension":[{"url":"http://hl7.org/fhir/StructureDefinition/implementationguide-page","valueUri":"Condition-reflux-condition.html"}],"reference":{"reference":"Condition/reflux-condition"},"groupingId":"-other"},{"extension":[{"url":"http://hl7.org/fhir/StructureDefinition/implementationguide-page","valueUri":"StructureDefinition-BeModelMedicationRecordSummaryView.html"}],"reference":{"reference":"StructureDefinition/BeModelMedicationRecordSummaryView"},"name":"[Logical Model] - Summary View","description":"A model for representing a summary view of a patient's medication.","groupingId":"-str-logicalmodel"},{"extension":[{"url":"http://hl7.org/fhir/StructureDefinition/implementationguide-page","valueUri":"StructureDefinition-MedRecordUsage.html"}],"reference":{"reference":"StructureDefinition/MedRecordUsage"},"name":"[Profile] - Usage","description":"The profile for Medication Usage in a Medication Record - a record of a single administration event","groupingId":"-str-profile"},{"extension":[{"url":"http://hl7.org/fhir/StructureDefinition/implementationguide-page","valueUri":"NamingSystem-be-ns-cnk-codes.html"}],"reference":{"reference":"NamingSystem/be-ns-cnk-codes"},"description":"Naming System - CNK Product Codes","groupingId":"-term-namingsystem"},{"extension":[{"url":"http://hl7.org/fhir/StructureDefinition/implementationguide-page","valueUri":"StructureDefinition-BeModelMedicationScheduledAdministration.html"}],"reference":{"reference":"StructureDefinition/BeModelMedicationScheduledAdministration"},"name":"[Logical Model] - Scheduled Administration","description":"A model for a record of a single planned administration event.","groupingId":"-str-logicalmodel"},{"extension":[{"url":"http://hl7.org/fhir/StructureDefinition/implementationguide-page","valueUri":"StructureDefinition-BeModelMedicationRecordTreatment.html"}],"reference":{"reference":"StructureDefinition/BeModelMedicationRecordTreatment"},"name":"[Logical Model] - Treatment","description":"A model for representing a Treatment.","groupingId":"-str-logicalmodel"},{"extension":[{"url":"http://hl7.org/fhir/StructureDefinition/implementationguide-page","valueUri":"StructureDefinition-BeModelMedicationRecord.html"}],"reference":{"reference":"StructureDefinition/BeModelMedicationRecord"},"name":"[Logical Model] - Medication Record","description":"A model for a structure collection of a patient's medication history.","groupingId":"-str-logicalmodel"},{"extension":[{"url":"http://hl7.org/fhir/StructureDefinition/implementationguide-page","valueUri":"MedicationDispense-example-dispense-communitypharmacy-1med.html"}],"reference":{"reference":"MedicationDispense/example-dispense-communitypharmacy-1med"},"name":"Example MedicationDispense - example-dispense-communitypharmacy-1med","exampleCanonical":"https://www.hl7belgium.be/fhir/StructureDefinition/be-medicationdispense","groupingId":"-ex-example"},{"extension":[{"url":"http://hl7.org/fhir/StructureDefinition/implementationguide-page","valueUri":"StructureDefinition-BeModelMedicationRecordAdministration.html"}],"reference":{"reference":"StructureDefinition/BeModelMedicationRecordAdministration"},"name":"[Logical Model] - Administration","description":"A model for representing and reporting an administration of a product.","groupingId":"-str-logicalmodel"},{"extension":[{"url":"http://hl7.org/fhir/StructureDefinition/implementationguide-page","valueUri":"ValueSet-medication-substitution-dispense-v1.html"}],"reference":{"reference":"ValueSet/medication-substitution-dispense-v1"},"name":"[Value Set] - Medication Substitution","description":"Value set for substituting a medication on dispense.","groupingId":"-term-valueset"},{"extension":[{"url":"http://hl7.org/fhir/StructureDefinition/implementationguide-page","valueUri":"StructureDefinition-MedRecordOrder.html"}],"reference":{"reference":"StructureDefinition/MedRecordOrder"},"name":"[Profile] - Prescription","description":"The profile for Medication Prescription in a Medication Record - a record of a order or request for a medication or a change of medication, implicit or explicit","groupingId":"-str-profile"},{"extension":[{"url":"http://hl7.org/fhir/StructureDefinition/implementationguide-page","valueUri":"NamingSystem-be-ns-prescription-ids.html"}],"reference":{"reference":"NamingSystem/be-ns-prescription-ids"},"description":"Naming System - Prescription IDs","groupingId":"-term-namingsystem"},{"extension":[{"url":"http://hl7.org/fhir/StructureDefinition/implementationguide-page","valueUri":"MedicationDispense-3-2-dispense.html"}],"reference":{"reference":"MedicationDispense/3-2-dispense"},"name":"Example MedicationDispense - 3-2-dispense","exampleCanonical":"https://www.hl7belgium.be/fhir/StructureDefinition/MedRecordDispense","groupingId":"-ex-example"},{"extension":[{"url":"http://hl7.org/fhir/StructureDefinition/implementationguide-page","valueUri":"MedicationRequest-3-2-prescription.html"}],"reference":{"reference":"MedicationRequest/3-2-prescription"},"name":"Example MedicationRequest - 3-2-prescription","exampleCanonical":"https://www.hl7belgium.be/fhir/StructureDefinition/MedRecordOrder","groupingId":"-ex-example"},{"extension":[{"url":"http://hl7.org/fhir/StructureDefinition/implementationguide-page","valueUri":"CodeSystem-be-cs-medication-summary-types.html"}],"reference":{"reference":"CodeSystem/be-cs-medication-summary-types"},"name":"[Code System] - Medication Summary Types ","description":"CodeSystem - Medication Summary types","groupingId":"-term-codesystem"},{"extension":[{"url":"http://hl7.org/fhir/StructureDefinition/implementationguide-page","valueUri":"StructureDefinition-MedRecordDispense.html"}],"reference":{"reference":"StructureDefinition/MedRecordDispense"},"name":"[Profile] - Dispense","description":"The profile for Medication Dispense in a Medication Record - a record of a single administration event","groupingId":"-str-profile"},{"extension":[{"url":"http://hl7.org/fhir/StructureDefinition/implementationguide-page","valueUri":"Condition-arthritis-condition.html"}],"reference":{"reference":"Condition/arthritis-condition"},"groupingId":"-other"},{"extension":[{"url":"http://hl7.org/fhir/StructureDefinition/implementationguide-page","valueUri":"StructureDefinition-MedRecordMedicationSummaryView.html"}],"reference":{"reference":"StructureDefinition/MedRecordMedicationSummaryView"},"name":"[Profile] - Summary View","description":"The profile for Medication Summary view in a Medication Record","groupingId":"-str-profile"},{"extension":[{"url":"http://hl7.org/fhir/StructureDefinition/implementationguide-page","valueUri":"MedicationDispense-example-minimal-dispense.html"}],"reference":{"reference":"MedicationDispense/example-minimal-dispense"},"name":"Example MedicationDispense - example-minimal-dispense","exampleCanonical":"https://www.hl7belgium.be/fhir/StructureDefinition/be-medicationdispense","groupingId":"-ex-example"},{"extension":[{"url":"http://hl7.org/fhir/StructureDefinition/implementationguide-page","valueUri":"Condition-pharyngitis-condition.html"}],"reference":{"reference":"Condition/pharyngitis-condition"},"groupingId":"-other"},{"extension":[{"url":"http://hl7.org/fhir/StructureDefinition/implementationguide-page","valueUri":"Condition-hypertension-condition.html"}],"reference":{"reference":"Condition/hypertension-condition"},"groupingId":"-other"}],"page":{"nameUrl":"toc.html","title":"Table of Contents","generation":"html","page":[{"nameUrl":"index.html","title":"Home Page","generation":"html"},{"nameUrl":"howto.html","title":"How to read this document","generation":"html"},{"nameUrl":"usecases-dispense.html","title":"Use Cases - Dispense","generation":"markdown"},{"nameUrl":"medicationrecord.html","title":"The Belgian Medication Record","generation":"markdown","page":[{"nameUrl":"medicationrecord-scenarios.html","title":"Medication Record Scenarios","generation":"markdown","page":[{"nameUrl":"medicationrecord-scenario-1.html","title":"Scenario 1 - concurrent medications","generation":"markdown"},{"nameUrl":"medicationrecord-scenario-2.html","title":"Scenario 2 - medication protocols","generation":"markdown"}]},{"nameUrl":"medicationrecord-definitions.html","title":"Definitions - Medication Record","generation":"markdown"},{"nameUrl":"medicationrecord-requirements.html","title":"Requirements - Medication Record","generation":"markdown","page":[{"nameUrl":"medication-granularity.html","title":"Medication Levels","generation":"markdown"},{"nameUrl":"medication-class-group.html","title":"Medication Classification and grouping","generation":"markdown"}]},{"nameUrl":"medicationrecord-patterns.html","title":"Architectural patterns - Medication Record","generation":"markdown","page":[{"nameUrl":"medicationrecord-pattern-1.html","title":"Pattern 1 - Consult a patient's medication record","generation":"markdown"},{"nameUrl":"medicationrecord-pattern-2.html","title":"Pattern 2 - update a patient's medication record","generation":"markdown"},{"nameUrl":"medicationrecord-pattern-3.html","title":"Pattern 3 - Compile a medication record","generation":"markdown"},{"nameUrl":"medicationrecord-pattern-4.html","title":"Pattern 4 - Creation of Treatments and Treatment Lines","generation":"markdown"}]}]},{"nameUrl":"medicationrecord-usageexamples.html","title":"MedicationRecord - usage examples","generation":"markdown","page":[{"nameUrl":"example1.html","title":"Prescribed branded medication is changed by another branded medication from the same VOS-cluster","generation":"markdown"},{"nameUrl":"example2a.html","title":"Prescribed medication is changed by another medication from a different VOS-cluster - different strength","generation":"markdown"},{"nameUrl":"example2b.html","title":"Prescribed medication is changed by another medication from a different VOS-cluster - Different package size","generation":"markdown"},{"nameUrl":"example3.html","title":"Dispense medication before the prescription is available","generation":"markdown"},{"nameUrl":"example4.html","title":"Dispense of prescribed medication and of a product that can be dispensed without a prescription","generation":"markdown"},{"nameUrl":"example5.html","title":"Dispense of new brand medication that is given because the old is unavailable, so giving to continue the treatment and not to replace it","generation":"markdown"},{"nameUrl":"example6.html","title":"Refusal to dispense the prescribed medication","generation":"markdown"},{"nameUrl":"example7.html","title":"Dispense of medication that was prescribed to take if needed, but was not taken","generation":"markdown"},{"nameUrl":"example8.html","title":"Dispense of medication that was prescribed, but not taken till the end","generation":"markdown"},{"nameUrl":"example9a.html","title":"Recording of anesthetic, contrast and similar medications - Checking possible interactions before surgery","generation":"markdown"},{"nameUrl":"example9b.html","title":"Recording of anesthetic, contrast and similar medications - Product prescribed (by VOS) and dispense for exam ","generation":"markdown"},{"nameUrl":"example10.html","title":"The recording of non-medication aka pharmaceutical products","generation":"markdown"},{"nameUrl":"logical-models.html","title":"Logical Models","generation":"markdown"},{"nameUrl":"downloads.html","title":"Downloads","generation":"html"}]},{"nameUrl":"implementation.html","title":"Medication Record Implementation","generation":"markdown","page":[{"nameUrl":"medicationrecord-fhir-resources.html","title":"Medication Record - FHIR resources","generation":"markdown"}]},{"nameUrl":"artifacts.html","title":"Artifacts Summary","generation":"html","page":[{"nameUrl":"StructureDefinition-be-model-medication-dispense.html","title":"Logical Model Medication Dispense","generation":"generated"},{"nameUrl":"StructureDefinition-be-medicationdispense.html","title":"Profile - Medication Dispense","generation":"generated"},{"nameUrl":"MedicationDispense-medication-dispense-example-1.html","title":"Medication Dispense Example 1","generation":"generated"},{"nameUrl":"MedicationDispense-medication-dispense-example-2.html","title":"Medication Dispense Example 2","generation":"generated"},{"nameUrl":"StructureDefinition-be-model-medication-record.html","title":"Logical Model Medication Record","generation":"generated"},{"nameUrl":"StructureDefinition-BeModelMedicationRecordOrder.html","title":"[Logical Model] - Prescription","generation":"generated"},{"nameUrl":"StructureDefinition-BeModelMedicationRecordUsage.html","title":"[Logical Model] - Usage","generation":"generated"},{"nameUrl":"StructureDefinition-BeModelMedicationRecordDispense.html","title":"[Logical Model] - Dispense","generation":"generated"},{"nameUrl":"StructureDefinition-BeModelMedicationRecordTreatmentLine.html","title":"[Logical Model] - Treatment Line","generation":"generated"},{"nameUrl":"StructureDefinition-BeModelMedicationRecordSummaryView.html","title":"[Logical Model] - Summary View","generation":"generated"},{"nameUrl":"StructureDefinition-BeModelMedicationScheduledAdministration.html","title":"[Logical Model] - Scheduled Administration","generation":"generated"},{"nameUrl":"StructureDefinition-BeModelMedicationRecordTreatment.html","title":"[Logical Model] - Treatment","generation":"generated"},{"nameUrl":"StructureDefinition-BeModelMedicationRecord.html","title":"[Logical Model] - Medication Record","generation":"generated"},{"nameUrl":"StructureDefinition-BeModelMedicationRecordAdministration.html","title":"[Logical Model] - Administration","generation":"generated"},{"nameUrl":"StructureDefinition-MedRecordTreatment.html","title":"[Profile] - Treatment","generation":"generated"},{"nameUrl":"StructureDefinition-MedRecordAdministration.html","title":"[Profile] - Administration","generation":"generated"},{"nameUrl":"StructureDefinition-MedRecordTreatmentLine.html","title":"[Profile] - Treatment Line","generation":"generated"},{"nameUrl":"StructureDefinition-MedRecord.html","title":"[Profile] - Medication Record","generation":"generated"},{"nameUrl":"StructureDefinition-MedRecordMedicationScheduledAdministration.html","title":"[Profile] - Scheduled Administration","generation":"generated"},{"nameUrl":"StructureDefinition-MedRecord-comp.html","title":"[Profile] - Structure Composition for Medication Record","generation":"generated"},{"nameUrl":"StructureDefinition-MedRecordUsage.html","title":"[Profile] - Usage","generation":"generated"},{"nameUrl":"StructureDefinition-MedRecordOrder.html","title":"[Profile] - Prescription","generation":"generated"},{"nameUrl":"StructureDefinition-MedRecordDispense.html","title":"[Profile] - Dispense","generation":"generated"},{"nameUrl":"StructureDefinition-MedRecordMedicationSummaryView.html","title":"[Profile] - Summary View","generation":"generated"},{"nameUrl":"StructureDefinition-related-tl.html","title":"Based On Extension","generation":"generated"},{"nameUrl":"ValueSet-be-vs-medication-summary-types.html","title":"[Value Set] - Medication Summary Types ","generation":"generated"},{"nameUrl":"ValueSet-medication-substitution-dispense-v1.html","title":"[Value Set] - Medication Substitution","generation":"generated"},{"nameUrl":"CodeSystem-be-cs-medication-summary-types.html","title":"[Code System] - Medication Summary Types ","generation":"generated"},{"nameUrl":"NamingSystem-be-ns-product-package-type.html","generation":"generated"},{"nameUrl":"NamingSystem-be-ns-cnk-codes.html","generation":"generated"},{"nameUrl":"NamingSystem-be-ns-prescription-ids.html","generation":"generated"},{"nameUrl":"ExampleScenario-example-1-scenario.html","title":"ExampleScenario 1 - Changing brand name in the same VOS","generation":"generated"},{"nameUrl":"ExampleScenario-example-2-scenario.html","title":"ExampleScenario 2 - Changing by another medication from a different VOS","generation":"generated"},{"nameUrl":"ExampleScenario-example-3-scenario.html","title":"ExampleScenario 3 - Dispense medication before the prescription is available","generation":"generated"},{"nameUrl":"ExampleScenario-example-4-scenario.html","title":"ExampleScenario 4 - Dispense of prescribed medication and of a product without a prescription","generation":"generated"},{"nameUrl":"ExampleScenario-example-5-scenario.html","title":"ExampleScenario 5 - Dispense of new brand medication because the old is unavailable","generation":"generated"},{"nameUrl":"ExampleScenario-example-6-scenario.html","title":"ExampleScenario 6 - Refusal to dispense the prescribed medication","generation":"generated"},{"nameUrl":"ExampleScenario-example-7-scenario.html","title":"ExampleScenario 7 - Dispense of medication that was prescribed to take if needed, but was not taken","generation":"generated"},{"nameUrl":"ExampleScenario-example-8-scenario.html","title":"ExampleScenario 8 - Dispense of medication that was prescribed, but not taken till the end","generation":"generated"},{"nameUrl":"MedicationDispense-1-dispense.html","title":"Example 1 - Dispense ","generation":"generated"},{"nameUrl":"MedicationRequest-1-prescription.html","title":"Example 1 - prescription","generation":"generated"},{"nameUrl":"CarePlan-1-treatment.html","title":"Example 1 - Treatment","generation":"generated"},{"nameUrl":"MedicationStatement-1-treatmentLine.html","title":"Example 1 - Treatment Line","generation":"generated"},{"nameUrl":"MedicationDispense-2a-dispense.html","title":"Example 2a - Dispense","generation":"generated"},{"nameUrl":"MedicationRequest-2a-prescription.html","title":"Example 2a - prescription","generation":"generated"},{"nameUrl":"CarePlan-2a-treatment.html","title":"Example 2a - Treatment","generation":"generated"},{"nameUrl":"MedicationStatement-2a-treatmentLine.html","title":"Example 2a - Treatment Line","generation":"generated"},{"nameUrl":"MedicationDispense-3-dispense.html","title":"Example 3 - Dispense","generation":"generated"},{"nameUrl":"MedicationRequest-3-prescription.html","title":"Example 3 - prescription","generation":"generated"},{"nameUrl":"CarePlan-3-treatment.html","title":"Example 3 - Treatment","generation":"generated"},{"nameUrl":"MedicationStatement-3-treatmentLine.html","title":"Example 3 - Treatment Line","generation":"generated"},{"nameUrl":"MedicationRequest-4-prescription.html","title":"Example 4 - prescription","generation":"generated"},{"nameUrl":"MedicationDispense-4-1-dispense.html","title":"Example 4 - Dispense 1","generation":"generated"},{"nameUrl":"MedicationDispense-4-2-dispense.html","title":"Example 4 - Dispense 2 (no Prescription)","generation":"generated"},{"nameUrl":"CarePlan-4-1-treatment.html","title":"Example 4 - Treatment 1","generation":"generated"},{"nameUrl":"MedicationStatement-4-1-treatmentLine.html","title":"Example 4 - Treatment Line 1","generation":"generated"},{"nameUrl":"CarePlan-4-2-treatment.html","title":"Example 4 - Treatment 2","generation":"generated"},{"nameUrl":"MedicationStatement-4-2-treatmentLine.html","title":"Example 4 - Treatment Line 2","generation":"generated"},{"nameUrl":"MedicationDispense-5-dispense.html","title":"Example 5 - Dispense","generation":"generated"},{"nameUrl":"MedicationRequest-5-prescription.html","title":"Example 5 - prescription","generation":"generated"},{"nameUrl":"CarePlan-5-treatment.html","title":"Example 5 - Treatment","generation":"generated"},{"nameUrl":"MedicationStatement-5-treatmentLine.html","title":"Example 5 - Treatment Line","generation":"generated"},{"nameUrl":"MedicationDispense-6-dispense.html","title":"Example 6 - Dispense","generation":"generated"},{"nameUrl":"MedicationRequest-6-prescription.html","title":"Example 6 - prescription","generation":"generated"},{"nameUrl":"CarePlan-6-treatment.html","title":"Example 6 - Treatment","generation":"generated"},{"nameUrl":"MedicationStatement-6-treatmentLine.html","title":"Example 6 - Treatment Line","generation":"generated"},{"nameUrl":"MedicationDispense-7-dispense.html","title":"Example 7 - Dispense","generation":"generated"},{"nameUrl":"MedicationRequest-7-prescription.html","title":"Example 7 - prescription","generation":"generated"},{"nameUrl":"MedicationStatement-7-usage.html","title":"Example 7 - Usage","generation":"generated"},{"nameUrl":"CarePlan-7-treatment.html","title":"Example 7 - Treatment","generation":"generated"},{"nameUrl":"MedicationStatement-7-treatmentLine.html","title":"Example 7 - Treatment Line","generation":"generated"},{"nameUrl":"MedicationRequest-8-prescription.html","title":"Example 8 - prescription","generation":"generated"},{"nameUrl":"MedicationDispense-8-dispense.html","title":"Example 8 - Dispense","generation":"generated"},{"nameUrl":"MedicationAdministration-8-administration.html","title":"Example 8 - Administration","generation":"generated"},{"nameUrl":"MedicationStatement-8-usage.html","title":"Example 8 - Usage","generation":"generated"},{"nameUrl":"CarePlan-8-treatment.html","title":"Example 8 - Treatment","generation":"generated"},{"nameUrl":"MedicationStatement-8-treatmentLine.html","title":"Example 8 - Treatment Line","generation":"generated"},{"nameUrl":"MedicationDispense-10-1-dispense.html","title":"Example 10 - Dispense 1","generation":"generated"},{"nameUrl":"MedicationDispense-10-2-dispense.html","title":"Example 10 - Dispense 2","generation":"generated"},{"nameUrl":"MedicationDispense-10-3-dispense.html","title":"Example 10 - Dispense 3","generation":"generated"},{"nameUrl":"MedicationRequest-15-prescription.html","title":"Example 15 - prescription 1","generation":"generated"},{"nameUrl":"CarePlan-15-treatment.html","title":"Example 15 - Treatment 1","generation":"generated"},{"nameUrl":"MedicationStatement-15-treatmentLine.html","title":"Example 15 - Treatment Line 1","generation":"generated"},{"nameUrl":"MedicationRequest-15-scheduleAdministration.html","title":"Example 15 - Scheduled Administration 1","generation":"generated"},{"nameUrl":"MedicationRequest-15-scheduleAdministration-2.html","title":"Example 15 - Scheduled Administration 2","generation":"generated"},{"nameUrl":"MedicationRequest-15-prescription-2.html","title":"Example 15 - prescription 2","generation":"generated"},{"nameUrl":"CarePlan-15-treatment-2.html","title":"Example 15 - Treatment 2","generation":"generated"},{"nameUrl":"MedicationStatement-15-treatmentLine-2.html","title":"Example 15 - Treatment Line 2","generation":"generated"},{"nameUrl":"MedicationRequest-15-scheduleAdministration-3.html","title":"Example 15 - Scheduled Administration 3","generation":"generated"},{"nameUrl":"MedicationRequest-15-scheduleAdministration-4.html","title":"Example 15 - Scheduled Administration 4","generation":"generated"},{"nameUrl":"CarePlan-total-view.html","title":"Example 15 - Total View of Medication","generation":"generated"},{"nameUrl":"CarePlan-week-view.html","title":"Example 15 - Week View of Medication","generation":"generated"},{"nameUrl":"MedicationDispense-medication-dispense-hospital.html","title":"Example MedicationDispense - medication-dispense-hospital","generation":"generated"},{"nameUrl":"MedicationDispense-example-dispense-communitypharmacy-1med.html","title":"Example MedicationDispense - example-dispense-communitypharmacy-1med","generation":"generated"},{"nameUrl":"MedicationDispense-3-2-dispense.html","title":"Example MedicationDispense - 3-2-dispense","generation":"generated"},{"nameUrl":"MedicationRequest-3-2-prescription.html","title":"Example MedicationRequest - 3-2-prescription","generation":"generated"},{"nameUrl":"MedicationDispense-example-minimal-dispense.html","title":"Example MedicationDispense - example-minimal-dispense","generation":"generated"},{"nameUrl":"Condition-headache-condition.html","generation":"generated"},{"nameUrl":"Condition-hyperlipidemia-condition.html","generation":"generated"},{"nameUrl":"Bundle-EB.html","generation":"generated"},{"nameUrl":"Condition-toothache-condition.html","generation":"generated"},{"nameUrl":"Condition-diarrhea-condition.html","generation":"generated"},{"nameUrl":"Condition-reflux-condition.html","generation":"generated"},{"nameUrl":"Condition-arthritis-condition.html","generation":"generated"},{"nameUrl":"Condition-pharyngitis-condition.html","generation":"generated"},{"nameUrl":"Condition-hypertension-condition.html","generation":"generated"}]}]},"parameter":[{"code":"path-resource","value":"input/capabilities"},{"code":"path-resource","value":"input/examples"},{"code":"path-resource","value":"input/extensions"},{"code":"path-resource","value":"input/models"},{"code":"path-resource","value":"input/operations"},{"code":"path-resource","value":"input/profiles"},{"code":"path-resource","value":"input/resources"},{"code":"path-resource","value":"input/vocabulary"},{"code":"path-resource","value":"input/maps"},{"code":"path-resource","value":"input/testing"},{"code":"path-resource","value":"input/history"},{"code":"path-resource","value":"fsh-generated/resources"},{"code":"path-pages","value":"template/config"},{"code":"path-pages","value":"input/images"},{"code":"path-tx-cache","value":"input-cache/txcache"}]}}