{"resourceType":"StructureDefinition","id":"BeModelMedicationRecord","text":{"status":"extensions","div":"<div xmlns=\"http://www.w3.org/1999/xhtml\"><table border=\"0\" cellpadding=\"0\" cellspacing=\"0\" style=\"border: 0px #F0F0F0 solid; font-size: 11px; font-family: verdana; vertical-align: top;\"><tr style=\"border: 1px #F0F0F0 solid; font-size: 11px; font-family: verdana; vertical-align: top\"><th style=\"vertical-align: top; text-align : left; background-color: white; border: 0px #F0F0F0 solid; padding:0px 4px 0px 4px\" class=\"hierarchy\"><a href=\"http://hl7.org/fhir/R4/formats.html#table\" title=\"The logical name of the element\">Name</a></th><th style=\"vertical-align: top; text-align : left; background-color: white; border: 0px #F0F0F0 solid; padding:0px 4px 0px 4px\" class=\"hierarchy\"><a href=\"http://hl7.org/fhir/R4/formats.html#table\" title=\"Information about the use of the element\">Flags</a></th><th style=\"vertical-align: top; text-align : left; background-color: white; border: 0px #F0F0F0 solid; padding:0px 4px 0px 4px\" class=\"hierarchy\"><a href=\"http://hl7.org/fhir/R4/formats.html#table\" title=\"Minimum and Maximum # of times the the element can appear in the instance\">Card.</a></th><th style=\"width: 100px\" class=\"hierarchy\"><a href=\"http://hl7.org/fhir/R4/formats.html#table\" title=\"Reference to the type of the element\">Type</a></th><th style=\"vertical-align: top; text-align : left; background-color: white; border: 0px #F0F0F0 solid; padding:0px 4px 0px 4px\" class=\"hierarchy\"><a href=\"http://hl7.org/fhir/R4/formats.html#table\" title=\"Additional information about the element\">Description &amp; Constraints</a><span style=\"float: right\"><a href=\"http://hl7.org/fhir/R4/formats.html#table\" title=\"Legend for this format\"><img src=\"http://hl7.org/fhir/R4/help16.png\" alt=\"doco\" style=\"background-color: inherit\"/></a></span></th></tr><tr style=\"border: 0px #F0F0F0 solid; padding:0px; vertical-align: top; background-color: white\"><td style=\"vertical-align: top; text-align : left; background-color: white; border: 0px #F0F0F0 solid; padding:0px 4px 0px 4px; white-space: nowrap; background-image: url(tbl_bck1.png)\" class=\"hierarchy\"><img src=\"tbl_spacer.png\" alt=\".\" style=\"background-color: inherit\" class=\"hierarchy\"/><img src=\"icon_element.gif\" alt=\".\" style=\"background-color: white; background-color: inherit\" title=\"Element\" class=\"hierarchy\"/> <a href=\"StructureDefinition-BeModelMedicationRecord-definitions.html#BeModelMedicationRecord\" title=\"A model for a structure collection of a patient's medication history.\">BeModelMedicationRecord</a><a name=\"BeModelMedicationRecord\"> </a></td><td style=\"vertical-align: top; text-align : left; background-color: white; border: 0px #F0F0F0 solid; padding:0px 4px 0px 4px\" class=\"hierarchy\"/><td style=\"vertical-align: top; text-align : left; background-color: white; border: 0px #F0F0F0 solid; padding:0px 4px 0px 4px\" class=\"hierarchy\"><span style=\"opacity: 0.5\">0</span><span style=\"opacity: 0.5\">..</span><span style=\"opacity: 0.5\">*</span></td><td style=\"vertical-align: top; text-align : left; background-color: white; border: 0px #F0F0F0 solid; padding:0px 4px 0px 4px\" class=\"hierarchy\"/><td style=\"vertical-align: top; text-align : left; background-color: white; border: 0px #F0F0F0 solid; padding:0px 4px 0px 4px\" class=\"hierarchy\">[Logical Model] - Medication Record</td></tr>\r\n<tr style=\"border: 0px #F0F0F0 solid; padding:0px; vertical-align: top; background-color: #F7F7F7\"><td style=\"vertical-align: top; text-align : left; background-color: #F7F7F7; border: 0px #F0F0F0 solid; padding:0px 4px 0px 4px; white-space: nowrap; background-image: url(tbl_bck10.png)\" class=\"hierarchy\"><img src=\"tbl_spacer.png\" alt=\".\" style=\"background-color: inherit\" class=\"hierarchy\"/><img src=\"tbl_vjoin.png\" alt=\".\" style=\"background-color: inherit\" class=\"hierarchy\"/><img src=\"icon_datatype.gif\" alt=\".\" style=\"background-color: #F7F7F7; background-color: inherit\" title=\"Data Type\" class=\"hierarchy\"/> <a href=\"StructureDefinition-BeModelMedicationRecord-definitions.html#BeModelMedicationRecord.identifier\" title=\"The business identifier(s) for the Medication Record\">identifier</a><a name=\"BeModelMedicationRecord.identifier\"> </a></td><td style=\"vertical-align: top; text-align : left; background-color: #F7F7F7; border: 0px #F0F0F0 solid; padding:0px 4px 0px 4px\" class=\"hierarchy\"/><td style=\"vertical-align: top; text-align : left; background-color: #F7F7F7; border: 0px #F0F0F0 solid; padding:0px 4px 0px 4px\" class=\"hierarchy\">0..1</td><td style=\"vertical-align: top; text-align : left; background-color: #F7F7F7; border: 0px #F0F0F0 solid; padding:0px 4px 0px 4px\" class=\"hierarchy\"><a href=\"http://hl7.org/fhir/R4/datatypes.html#Identifier\">Identifier</a></td><td style=\"vertical-align: top; text-align : left; background-color: #F7F7F7; border: 0px #F0F0F0 solid; padding:0px 4px 0px 4px\" class=\"hierarchy\">The business identifier(s) for the Medication Record</td></tr>\r\n<tr style=\"border: 0px #F0F0F0 solid; padding:0px; vertical-align: top; background-color: white\"><td style=\"vertical-align: top; text-align : left; background-color: white; border: 0px #F0F0F0 solid; padding:0px 4px 0px 4px; white-space: nowrap; background-image: url(tbl_bck10.png)\" class=\"hierarchy\"><img src=\"tbl_spacer.png\" alt=\".\" style=\"background-color: inherit\" class=\"hierarchy\"/><img src=\"tbl_vjoin.png\" alt=\".\" style=\"background-color: inherit\" class=\"hierarchy\"/><img src=\"icon_reference.png\" alt=\".\" style=\"background-color: white; background-color: inherit\" title=\"Reference to another Resource\" class=\"hierarchy\"/> <a href=\"StructureDefinition-BeModelMedicationRecord-definitions.html#BeModelMedicationRecord.patient\" title=\"The subject of the medication record\">patient</a><a name=\"BeModelMedicationRecord.patient\"> </a></td><td style=\"vertical-align: top; text-align : left; background-color: white; border: 0px #F0F0F0 solid; padding:0px 4px 0px 4px\" class=\"hierarchy\"/><td style=\"vertical-align: top; text-align : left; background-color: white; border: 0px #F0F0F0 solid; padding:0px 4px 0px 4px\" class=\"hierarchy\">1..1</td><td style=\"vertical-align: top; text-align : left; background-color: white; border: 0px #F0F0F0 solid; padding:0px 4px 0px 4px\" class=\"hierarchy\"><a href=\"http://hl7.org/fhir/R4/references.html\">Reference</a>()</td><td style=\"vertical-align: top; text-align : left; background-color: white; border: 0px #F0F0F0 solid; padding:0px 4px 0px 4px\" class=\"hierarchy\">The subject of the medication record</td></tr>\r\n<tr style=\"border: 0px #F0F0F0 solid; padding:0px; vertical-align: top; background-color: #F7F7F7\"><td style=\"vertical-align: top; text-align : left; background-color: #F7F7F7; border: 0px #F0F0F0 solid; padding:0px 4px 0px 4px; white-space: nowrap; background-image: url(tbl_bck10.png)\" class=\"hierarchy\"><img src=\"tbl_spacer.png\" alt=\".\" style=\"background-color: inherit\" class=\"hierarchy\"/><img src=\"tbl_vjoin.png\" alt=\".\" style=\"background-color: inherit\" class=\"hierarchy\"/><img src=\"icon_resource.png\" alt=\".\" style=\"background-color: #F7F7F7; background-color: inherit\" title=\"Resource\" class=\"hierarchy\"/> <a href=\"StructureDefinition-BeModelMedicationRecord-definitions.html#BeModelMedicationRecord.treatments\" title=\"The treaments that are included in this record\">treatments</a><a name=\"BeModelMedicationRecord.treatments\"> </a></td><td style=\"vertical-align: top; text-align : left; background-color: #F7F7F7; border: 0px #F0F0F0 solid; padding:0px 4px 0px 4px\" class=\"hierarchy\"/><td style=\"vertical-align: top; text-align : left; background-color: #F7F7F7; border: 0px #F0F0F0 solid; padding:0px 4px 0px 4px\" class=\"hierarchy\">0..*</td><td style=\"vertical-align: top; text-align : left; background-color: #F7F7F7; border: 0px #F0F0F0 solid; padding:0px 4px 0px 4px\" class=\"hierarchy\"><a href=\"StructureDefinition-BeModelMedicationRecordTreatment.html\">https://www.hl7belgium.be/fhir/StructureDefinition/BeModelMedicationRecordTreatment</a></td><td style=\"vertical-align: top; text-align : left; background-color: #F7F7F7; border: 0px #F0F0F0 solid; padding:0px 4px 0px 4px\" class=\"hierarchy\">The treaments that are included in this record<br/></td></tr>\r\n<tr style=\"border: 0px #F0F0F0 solid; padding:0px; vertical-align: top; background-color: white\"><td style=\"vertical-align: top; text-align : left; background-color: white; border: 0px #F0F0F0 solid; padding:0px 4px 0px 4px; white-space: nowrap; background-image: url(tbl_bck10.png)\" class=\"hierarchy\"><img src=\"tbl_spacer.png\" alt=\".\" style=\"background-color: inherit\" class=\"hierarchy\"/><img src=\"tbl_vjoin.png\" alt=\".\" style=\"background-color: inherit\" class=\"hierarchy\"/><img src=\"icon_resource.png\" alt=\".\" style=\"background-color: white; background-color: inherit\" title=\"Resource\" class=\"hierarchy\"/> <a href=\"StructureDefinition-BeModelMedicationRecord-definitions.html#BeModelMedicationRecord.treatmentLines\" title=\"The treatment lines that are included in this record\">treatmentLines</a><a name=\"BeModelMedicationRecord.treatmentLines\"> </a></td><td style=\"vertical-align: top; text-align : left; background-color: white; border: 0px #F0F0F0 solid; padding:0px 4px 0px 4px\" class=\"hierarchy\"/><td style=\"vertical-align: top; text-align : left; background-color: white; border: 0px #F0F0F0 solid; padding:0px 4px 0px 4px\" class=\"hierarchy\">0..*</td><td style=\"vertical-align: top; text-align : left; background-color: white; border: 0px #F0F0F0 solid; padding:0px 4px 0px 4px\" class=\"hierarchy\"><a href=\"StructureDefinition-BeModelMedicationRecordTreatmentLine.html\">https://www.hl7belgium.be/fhir/StructureDefinition/BeModelMedicationRecordTreatmentLine</a></td><td style=\"vertical-align: top; text-align : left; background-color: white; border: 0px #F0F0F0 solid; padding:0px 4px 0px 4px\" class=\"hierarchy\">The treatment lines that are included in this record<br/></td></tr>\r\n<tr style=\"border: 0px #F0F0F0 solid; padding:0px; vertical-align: top; background-color: #F7F7F7\"><td style=\"vertical-align: top; text-align : left; background-color: #F7F7F7; border: 0px #F0F0F0 solid; padding:0px 4px 0px 4px; white-space: nowrap; background-image: url(tbl_bck10.png)\" class=\"hierarchy\"><img src=\"tbl_spacer.png\" alt=\".\" style=\"background-color: inherit\" class=\"hierarchy\"/><img src=\"tbl_vjoin.png\" alt=\".\" style=\"background-color: inherit\" class=\"hierarchy\"/><img src=\"icon_resource.png\" alt=\".\" style=\"background-color: #F7F7F7; background-color: inherit\" title=\"Resource\" class=\"hierarchy\"/> <a href=\"StructureDefinition-BeModelMedicationRecord-definitions.html#BeModelMedicationRecord.summaryView\" title=\"The summary views that are produced from this record or entered into it\">summaryView</a><a name=\"BeModelMedicationRecord.summaryView\"> </a></td><td style=\"vertical-align: top; text-align : left; background-color: #F7F7F7; border: 0px #F0F0F0 solid; padding:0px 4px 0px 4px\" class=\"hierarchy\"/><td style=\"vertical-align: top; text-align : left; background-color: #F7F7F7; border: 0px #F0F0F0 solid; padding:0px 4px 0px 4px\" class=\"hierarchy\">0..*</td><td style=\"vertical-align: top; text-align : left; background-color: #F7F7F7; border: 0px #F0F0F0 solid; padding:0px 4px 0px 4px\" class=\"hierarchy\"><a href=\"StructureDefinition-BeModelMedicationRecordSummaryView.html\">https://www.hl7belgium.be/fhir/StructureDefinition/BeModelMedicationRecordSummaryView</a></td><td style=\"vertical-align: top; text-align : left; background-color: #F7F7F7; border: 0px #F0F0F0 solid; padding:0px 4px 0px 4px\" class=\"hierarchy\">The summary views that are produced from this record or entered into it<br/></td></tr>\r\n<tr style=\"border: 0px #F0F0F0 solid; padding:0px; vertical-align: top; background-color: white\"><td style=\"vertical-align: top; text-align : left; background-color: white; border: 0px #F0F0F0 solid; padding:0px 4px 0px 4px; white-space: nowrap; background-image: url(tbl_bck11.png)\" class=\"hierarchy\"><img src=\"tbl_spacer.png\" alt=\".\" style=\"background-color: inherit\" class=\"hierarchy\"/><img src=\"tbl_vjoin.png\" alt=\".\" style=\"background-color: inherit\" class=\"hierarchy\"/><img src=\"icon_datatype.gif\" alt=\".\" style=\"background-color: white; background-color: inherit\" title=\"Data Type\" class=\"hierarchy\"/> <a href=\"StructureDefinition-BeModelMedicationRecord-definitions.html#BeModelMedicationRecord.detailedRecords\" title=\"Detailed records - the most granular interactions\">detailedRecords</a><a name=\"BeModelMedicationRecord.detailedRecords\"> </a></td><td style=\"vertical-align: top; text-align : left; background-color: white; border: 0px #F0F0F0 solid; padding:0px 4px 0px 4px\" class=\"hierarchy\"/><td style=\"vertical-align: top; text-align : left; background-color: white; border: 0px #F0F0F0 solid; padding:0px 4px 0px 4px\" class=\"hierarchy\">0..*</td><td style=\"vertical-align: top; text-align : left; background-color: white; border: 0px #F0F0F0 solid; padding:0px 4px 0px 4px\" class=\"hierarchy\"><a href=\"http://hl7.org/fhir/R4/datatypes.html#BackboneElement\">BackboneElement</a></td><td style=\"vertical-align: top; text-align : left; background-color: white; border: 0px #F0F0F0 solid; padding:0px 4px 0px 4px\" class=\"hierarchy\">Detailed records<br/></td></tr>\r\n<tr style=\"border: 0px #F0F0F0 solid; padding:0px; vertical-align: top; background-color: #F7F7F7\"><td style=\"vertical-align: top; text-align : left; background-color: #F7F7F7; border: 0px #F0F0F0 solid; padding:0px 4px 0px 4px; white-space: nowrap; background-image: url(tbl_bck110.png)\" class=\"hierarchy\"><img src=\"tbl_spacer.png\" alt=\".\" style=\"background-color: inherit\" class=\"hierarchy\"/><img src=\"tbl_vline.png\" alt=\".\" style=\"background-color: inherit\" class=\"hierarchy\"/><img src=\"tbl_vjoin.png\" alt=\".\" style=\"background-color: inherit\" class=\"hierarchy\"/><img src=\"icon_resource.png\" alt=\".\" style=\"background-color: #F7F7F7; background-color: inherit\" title=\"Resource\" class=\"hierarchy\"/> <a href=\"StructureDefinition-BeModelMedicationRecord-definitions.html#BeModelMedicationRecord.detailedRecords.orders\" title=\"Explicit or implicit order for medication use or changes\">orders</a><a name=\"BeModelMedicationRecord.detailedRecords.orders\"> </a></td><td style=\"vertical-align: top; text-align : left; background-color: #F7F7F7; border: 0px #F0F0F0 solid; padding:0px 4px 0px 4px\" class=\"hierarchy\"/><td style=\"vertical-align: top; text-align : left; background-color: #F7F7F7; border: 0px #F0F0F0 solid; padding:0px 4px 0px 4px\" class=\"hierarchy\">0..*</td><td style=\"vertical-align: top; text-align : left; background-color: #F7F7F7; border: 0px #F0F0F0 solid; padding:0px 4px 0px 4px\" class=\"hierarchy\"><a href=\"StructureDefinition-BeModelMedicationRecordOrder.html\">https://www.hl7belgium.be/fhir/StructureDefinition/BeModelMedicationRecordOrder</a></td><td style=\"vertical-align: top; text-align : left; background-color: #F7F7F7; border: 0px #F0F0F0 solid; padding:0px 4px 0px 4px\" class=\"hierarchy\">Explicit or implicit order for medication use or changes<br/></td></tr>\r\n<tr style=\"border: 0px #F0F0F0 solid; padding:0px; vertical-align: top; background-color: white\"><td style=\"vertical-align: top; text-align : left; background-color: white; border: 0px #F0F0F0 solid; padding:0px 4px 0px 4px; white-space: nowrap; background-image: url(tbl_bck110.png)\" class=\"hierarchy\"><img src=\"tbl_spacer.png\" alt=\".\" style=\"background-color: inherit\" class=\"hierarchy\"/><img src=\"tbl_vline.png\" alt=\".\" style=\"background-color: inherit\" class=\"hierarchy\"/><img src=\"tbl_vjoin.png\" alt=\".\" style=\"background-color: inherit\" class=\"hierarchy\"/><img src=\"icon_resource.png\" alt=\".\" style=\"background-color: white; background-color: inherit\" title=\"Resource\" class=\"hierarchy\"/> <a href=\"StructureDefinition-BeModelMedicationRecord-definitions.html#BeModelMedicationRecord.detailedRecords.schedule\" title=\"Scheduled administrations of the medication\">schedule</a><a name=\"BeModelMedicationRecord.detailedRecords.schedule\"> </a></td><td style=\"vertical-align: top; text-align : left; background-color: white; border: 0px #F0F0F0 solid; padding:0px 4px 0px 4px\" class=\"hierarchy\"/><td style=\"vertical-align: top; text-align : left; background-color: white; border: 0px #F0F0F0 solid; padding:0px 4px 0px 4px\" class=\"hierarchy\">0..*</td><td style=\"vertical-align: top; text-align : left; background-color: white; border: 0px #F0F0F0 solid; padding:0px 4px 0px 4px\" class=\"hierarchy\"><a href=\"StructureDefinition-BeModelMedicationScheduledAdministration.html\">https://www.hl7belgium.be/fhir/StructureDefinition/BeModelMedicationScheduledAdministration</a></td><td style=\"vertical-align: top; text-align : left; background-color: white; border: 0px #F0F0F0 solid; padding:0px 4px 0px 4px\" class=\"hierarchy\">Scheduled administrations of the medication<br/></td></tr>\r\n<tr style=\"border: 0px #F0F0F0 solid; padding:0px; vertical-align: top; background-color: #F7F7F7\"><td style=\"vertical-align: top; text-align : left; background-color: #F7F7F7; border: 0px #F0F0F0 solid; padding:0px 4px 0px 4px; white-space: nowrap; background-image: url(tbl_bck110.png)\" class=\"hierarchy\"><img src=\"tbl_spacer.png\" alt=\".\" style=\"background-color: inherit\" class=\"hierarchy\"/><img src=\"tbl_vline.png\" alt=\".\" style=\"background-color: inherit\" class=\"hierarchy\"/><img src=\"tbl_vjoin.png\" alt=\".\" style=\"background-color: inherit\" class=\"hierarchy\"/><img src=\"icon_resource.png\" alt=\".\" style=\"background-color: #F7F7F7; background-color: inherit\" title=\"Resource\" class=\"hierarchy\"/> <a href=\"StructureDefinition-BeModelMedicationRecord-definitions.html#BeModelMedicationRecord.detailedRecords.dispenses\" title=\"Registered or reported dispenses\">dispenses</a><a name=\"BeModelMedicationRecord.detailedRecords.dispenses\"> </a></td><td style=\"vertical-align: top; text-align : left; background-color: #F7F7F7; border: 0px #F0F0F0 solid; padding:0px 4px 0px 4px\" class=\"hierarchy\"/><td style=\"vertical-align: top; text-align : left; background-color: #F7F7F7; border: 0px #F0F0F0 solid; padding:0px 4px 0px 4px\" class=\"hierarchy\">0..*</td><td style=\"vertical-align: top; text-align : left; background-color: #F7F7F7; border: 0px #F0F0F0 solid; padding:0px 4px 0px 4px\" class=\"hierarchy\"><a href=\"StructureDefinition-BeModelMedicationRecordDispense.html\">https://www.hl7belgium.be/fhir/StructureDefinition/BeModelMedicationRecordDispense</a></td><td style=\"vertical-align: top; text-align : left; background-color: #F7F7F7; border: 0px #F0F0F0 solid; padding:0px 4px 0px 4px\" class=\"hierarchy\">Registered or reported dispenses<br/></td></tr>\r\n<tr style=\"border: 0px #F0F0F0 solid; padding:0px; vertical-align: top; background-color: white\"><td style=\"vertical-align: top; text-align : left; background-color: white; border: 0px #F0F0F0 solid; padding:0px 4px 0px 4px; white-space: nowrap; background-image: url(tbl_bck110.png)\" class=\"hierarchy\"><img src=\"tbl_spacer.png\" alt=\".\" style=\"background-color: inherit\" class=\"hierarchy\"/><img src=\"tbl_vline.png\" alt=\".\" style=\"background-color: inherit\" class=\"hierarchy\"/><img src=\"tbl_vjoin.png\" alt=\".\" style=\"background-color: inherit\" class=\"hierarchy\"/><img src=\"icon_resource.png\" alt=\".\" style=\"background-color: white; background-color: inherit\" title=\"Resource\" class=\"hierarchy\"/> <a href=\"StructureDefinition-BeModelMedicationRecord-definitions.html#BeModelMedicationRecord.detailedRecords.administrations\" title=\"Registered or reported single administrations\">administrations</a><a name=\"BeModelMedicationRecord.detailedRecords.administrations\"> </a></td><td style=\"vertical-align: top; text-align : left; background-color: white; border: 0px #F0F0F0 solid; padding:0px 4px 0px 4px\" class=\"hierarchy\"/><td style=\"vertical-align: top; text-align : left; background-color: white; border: 0px #F0F0F0 solid; padding:0px 4px 0px 4px\" class=\"hierarchy\">0..*</td><td style=\"vertical-align: top; text-align : left; background-color: white; border: 0px #F0F0F0 solid; padding:0px 4px 0px 4px\" class=\"hierarchy\"><a href=\"StructureDefinition-BeModelMedicationRecordAdministration.html\">https://www.hl7belgium.be/fhir/StructureDefinition/BeModelMedicationRecordAdministration</a></td><td style=\"vertical-align: top; text-align : left; background-color: white; border: 0px #F0F0F0 solid; padding:0px 4px 0px 4px\" class=\"hierarchy\">Registered or reported single administrations<br/></td></tr>\r\n<tr style=\"border: 0px #F0F0F0 solid; padding:0px; vertical-align: top; background-color: #F7F7F7\"><td style=\"vertical-align: top; text-align : left; background-color: #F7F7F7; border: 0px #F0F0F0 solid; padding:0px 4px 0px 4px; white-space: nowrap; background-image: url(tbl_bck100.png)\" class=\"hierarchy\"><img src=\"tbl_spacer.png\" alt=\".\" style=\"background-color: inherit\" class=\"hierarchy\"/><img src=\"tbl_vline.png\" alt=\".\" style=\"background-color: inherit\" class=\"hierarchy\"/><img src=\"tbl_vjoin_end.png\" alt=\".\" style=\"background-color: inherit\" class=\"hierarchy\"/><img src=\"icon_resource.png\" alt=\".\" style=\"background-color: #F7F7F7; background-color: inherit\" title=\"Resource\" class=\"hierarchy\"/> <a href=\"StructureDefinition-BeModelMedicationRecord-definitions.html#BeModelMedicationRecord.detailedRecords.usageReports\" title=\"Reported statements of medication usage\">usageReports</a><a name=\"BeModelMedicationRecord.detailedRecords.usageReports\"> </a></td><td style=\"vertical-align: top; text-align : left; background-color: #F7F7F7; border: 0px #F0F0F0 solid; padding:0px 4px 0px 4px\" class=\"hierarchy\"/><td style=\"vertical-align: top; text-align : left; background-color: #F7F7F7; border: 0px #F0F0F0 solid; padding:0px 4px 0px 4px\" class=\"hierarchy\">0..*</td><td style=\"vertical-align: top; text-align : left; background-color: #F7F7F7; border: 0px #F0F0F0 solid; padding:0px 4px 0px 4px\" class=\"hierarchy\"><a href=\"StructureDefinition-BeModelMedicationRecordUsage.html\">https://www.hl7belgium.be/fhir/StructureDefinition/BeModelMedicationRecordUsage</a></td><td style=\"vertical-align: top; text-align : left; background-color: #F7F7F7; border: 0px #F0F0F0 solid; padding:0px 4px 0px 4px\" class=\"hierarchy\">Reported statements of medication usage<br/></td></tr>\r\n<tr style=\"border: 0px #F0F0F0 solid; padding:0px; vertical-align: top; background-color: white\"><td style=\"vertical-align: top; text-align : left; background-color: white; border: 0px #F0F0F0 solid; padding:0px 4px 0px 4px; white-space: nowrap; background-image: url(tbl_bck00.png)\" class=\"hierarchy\"><img src=\"tbl_spacer.png\" alt=\".\" style=\"background-color: inherit\" class=\"hierarchy\"/><img src=\"tbl_vjoin_end.png\" alt=\".\" style=\"background-color: inherit\" class=\"hierarchy\"/><img src=\"icon_resource.png\" alt=\".\" style=\"background-color: white; background-color: inherit\" title=\"Resource\" class=\"hierarchy\"/> <a href=\"StructureDefinition-BeModelMedicationRecord-definitions.html#BeModelMedicationRecord.changeRecord\" title=\"Change records and provenance for the medication record components\">changeRecord</a><a name=\"BeModelMedicationRecord.changeRecord\"> </a></td><td style=\"vertical-align: top; text-align : left; background-color: white; border: 0px #F0F0F0 solid; padding:0px 4px 0px 4px\" class=\"hierarchy\"/><td style=\"vertical-align: top; text-align : left; background-color: white; border: 0px #F0F0F0 solid; padding:0px 4px 0px 4px\" class=\"hierarchy\">0..*</td><td style=\"vertical-align: top; text-align : left; background-color: white; border: 0px #F0F0F0 solid; padding:0px 4px 0px 4px\" class=\"hierarchy\"><a href=\"http://hl7.org/fhir/R4/provenance.html\">Provenance</a></td><td style=\"vertical-align: top; text-align : left; background-color: white; border: 0px #F0F0F0 solid; padding:0px 4px 0px 4px\" class=\"hierarchy\">Change records and provenance for the medication record components<br/></td></tr>\r\n<tr><td colspan=\"5\" class=\"hierarchy\"><br/><a href=\"http://hl7.org/fhir/R4/formats.html#table\" title=\"Legend for this format\"><img src=\"http://hl7.org/fhir/R4/help16.png\" alt=\"doco\" style=\"background-color: inherit\"/> Documentation for this format</a></td></tr></table></div>"},"url":"https://www.hl7belgium.be/fhir/StructureDefinition/BeModelMedicationRecord","version":"0.2.0","name":"BeModelMedicationRecord","title":"[Logical Model] - Medication Record","status":"active","date":"2021-08-19T13:46:58+00:00","publisher":"HL7 Belgium","contact":[{"telecom":[{"system":"url","value":"http://hl7belgium.org"}]}],"description":"A model for a structure collection of a patient's medication history.","jurisdiction":[{"coding":[{"system":"http://unstats.un.org/unsd/methods/m49/m49.htm","code":"056"}],"text":"Belgium"}],"fhirVersion":"4.0.1","mapping":[{"identity":"rim","uri":"http://hl7.org/v3","name":"RIM Mapping"}],"kind":"logical","abstract":false,"type":"https://www.hl7belgium.be/fhir/StructureDefinition/BeModelMedicationRecord","baseDefinition":"http://hl7.org/fhir/StructureDefinition/Base","derivation":"specialization","snapshot":{"element":[{"id":"BeModelMedicationRecord","path":"BeModelMedicationRecord","short":"[Logical Model] - Medication Record","definition":"A model for a structure collection of a patient's medication history.","min":0,"max":"*","base":{"path":"Base","min":0,"max":"*"},"isModifier":false},{"id":"BeModelMedicationRecord.identifier","path":"BeModelMedicationRecord.identifier","short":"The business identifier(s) for the Medication Record","definition":"The business identifier(s) for the Medication Record","min":0,"max":"1","base":{"path":"BeModelMedicationRecord.identifier","min":0,"max":"1"},"type":[{"code":"Identifier"}]},{"id":"BeModelMedicationRecord.patient","path":"BeModelMedicationRecord.patient","short":"The subject of the medication record","definition":"The subject of the medication record","min":1,"max":"1","base":{"path":"BeModelMedicationRecord.patient","min":1,"max":"1"},"type":[{"code":"Reference"}]},{"id":"BeModelMedicationRecord.treatments","path":"BeModelMedicationRecord.treatments","short":"The treaments that are included in this record","definition":"The treaments that are included in this record","min":0,"max":"*","base":{"path":"BeModelMedicationRecord.treatments","min":0,"max":"*"},"type":[{"code":"https://www.hl7belgium.be/fhir/StructureDefinition/BeModelMedicationRecordTreatment"}]},{"id":"BeModelMedicationRecord.treatmentLines","path":"BeModelMedicationRecord.treatmentLines","short":"The treatment lines that are included in this record","definition":"The treatment lines that are included in this record","min":0,"max":"*","base":{"path":"BeModelMedicationRecord.treatmentLines","min":0,"max":"*"},"type":[{"code":"https://www.hl7belgium.be/fhir/StructureDefinition/BeModelMedicationRecordTreatmentLine"}]},{"id":"BeModelMedicationRecord.summaryView","path":"BeModelMedicationRecord.summaryView","short":"The summary views that are produced from this record or entered into it","definition":"The summary views that are produced from this record or entered into it","min":0,"max":"*","base":{"path":"BeModelMedicationRecord.summaryView","min":0,"max":"*"},"type":[{"code":"https://www.hl7belgium.be/fhir/StructureDefinition/BeModelMedicationRecordSummaryView"}]},{"id":"BeModelMedicationRecord.detailedRecords","path":"BeModelMedicationRecord.detailedRecords","short":"Detailed records","definition":"Detailed records - the most granular interactions","min":0,"max":"*","base":{"path":"BeModelMedicationRecord.detailedRecords","min":0,"max":"*"},"type":[{"code":"BackboneElement"}]},{"id":"BeModelMedicationRecord.detailedRecords.orders","path":"BeModelMedicationRecord.detailedRecords.orders","short":"Explicit or implicit order for medication use or changes","definition":"Explicit or implicit order for medication use or changes","min":0,"max":"*","base":{"path":"BeModelMedicationRecord.detailedRecords.orders","min":0,"max":"*"},"type":[{"code":"https://www.hl7belgium.be/fhir/StructureDefinition/BeModelMedicationRecordOrder"}]},{"id":"BeModelMedicationRecord.detailedRecords.schedule","path":"BeModelMedicationRecord.detailedRecords.schedule","short":"Scheduled administrations of the medication","definition":"Scheduled administrations of the medication","min":0,"max":"*","base":{"path":"BeModelMedicationRecord.detailedRecords.schedule","min":0,"max":"*"},"type":[{"code":"https://www.hl7belgium.be/fhir/StructureDefinition/BeModelMedicationScheduledAdministration"}]},{"id":"BeModelMedicationRecord.detailedRecords.dispenses","path":"BeModelMedicationRecord.detailedRecords.dispenses","short":"Registered or reported dispenses","definition":"Registered or reported dispenses","min":0,"max":"*","base":{"path":"BeModelMedicationRecord.detailedRecords.dispenses","min":0,"max":"*"},"type":[{"code":"https://www.hl7belgium.be/fhir/StructureDefinition/BeModelMedicationRecordDispense"}]},{"id":"BeModelMedicationRecord.detailedRecords.administrations","path":"BeModelMedicationRecord.detailedRecords.administrations","short":"Registered or reported single administrations","definition":"Registered or reported single administrations","min":0,"max":"*","base":{"path":"BeModelMedicationRecord.detailedRecords.administrations","min":0,"max":"*"},"type":[{"code":"https://www.hl7belgium.be/fhir/StructureDefinition/BeModelMedicationRecordAdministration"}]},{"id":"BeModelMedicationRecord.detailedRecords.usageReports","path":"BeModelMedicationRecord.detailedRecords.usageReports","short":"Reported statements of medication usage","definition":"Reported statements of medication usage","min":0,"max":"*","base":{"path":"BeModelMedicationRecord.detailedRecords.usageReports","min":0,"max":"*"},"type":[{"code":"https://www.hl7belgium.be/fhir/StructureDefinition/BeModelMedicationRecordUsage"}]},{"id":"BeModelMedicationRecord.changeRecord","path":"BeModelMedicationRecord.changeRecord","short":"Change records and provenance for the medication record components","definition":"Change records and provenance for the medication record components","min":0,"max":"*","base":{"path":"BeModelMedicationRecord.changeRecord","min":0,"max":"*"},"type":[{"code":"Provenance"}]}]},"differential":{"element":[{"id":"BeModelMedicationRecord","path":"BeModelMedicationRecord","short":"[Logical Model] - Medication Record","definition":"A model for a structure collection of a patient's medication history."},{"id":"BeModelMedicationRecord.identifier","path":"BeModelMedicationRecord.identifier","short":"The business identifier(s) for the Medication Record","definition":"The business identifier(s) for the Medication Record","min":0,"max":"1","type":[{"code":"Identifier"}]},{"id":"BeModelMedicationRecord.patient","path":"BeModelMedicationRecord.patient","short":"The subject of the medication record","definition":"The subject of the medication record","min":1,"max":"1","type":[{"code":"Reference"}]},{"id":"BeModelMedicationRecord.treatments","path":"BeModelMedicationRecord.treatments","short":"The treaments that are included in this record","definition":"The treaments that are included in this record","min":0,"max":"*","type":[{"code":"https://www.hl7belgium.be/fhir/StructureDefinition/BeModelMedicationRecordTreatment"}]},{"id":"BeModelMedicationRecord.treatmentLines","path":"BeModelMedicationRecord.treatmentLines","short":"The treatment lines that are included in this record","definition":"The treatment lines that are included in this record","min":0,"max":"*","type":[{"code":"https://www.hl7belgium.be/fhir/StructureDefinition/BeModelMedicationRecordTreatmentLine"}]},{"id":"BeModelMedicationRecord.summaryView","path":"BeModelMedicationRecord.summaryView","short":"The summary views that are produced from this record or entered into it","definition":"The summary views that are produced from this record or entered into it","min":0,"max":"*","type":[{"code":"https://www.hl7belgium.be/fhir/StructureDefinition/BeModelMedicationRecordSummaryView"}]},{"id":"BeModelMedicationRecord.detailedRecords","path":"BeModelMedicationRecord.detailedRecords","short":"Detailed records","definition":"Detailed records - the most granular interactions","min":0,"max":"*","type":[{"code":"BackboneElement"}]},{"id":"BeModelMedicationRecord.detailedRecords.orders","path":"BeModelMedicationRecord.detailedRecords.orders","short":"Explicit or implicit order for medication use or changes","definition":"Explicit or implicit order for medication use or changes","min":0,"max":"*","type":[{"code":"https://www.hl7belgium.be/fhir/StructureDefinition/BeModelMedicationRecordOrder"}]},{"id":"BeModelMedicationRecord.detailedRecords.schedule","path":"BeModelMedicationRecord.detailedRecords.schedule","short":"Scheduled administrations of the medication","definition":"Scheduled administrations of the medication","min":0,"max":"*","type":[{"code":"https://www.hl7belgium.be/fhir/StructureDefinition/BeModelMedicationScheduledAdministration"}]},{"id":"BeModelMedicationRecord.detailedRecords.dispenses","path":"BeModelMedicationRecord.detailedRecords.dispenses","short":"Registered or reported dispenses","definition":"Registered or reported dispenses","min":0,"max":"*","type":[{"code":"https://www.hl7belgium.be/fhir/StructureDefinition/BeModelMedicationRecordDispense"}]},{"id":"BeModelMedicationRecord.detailedRecords.administrations","path":"BeModelMedicationRecord.detailedRecords.administrations","short":"Registered or reported single administrations","definition":"Registered or reported single administrations","min":0,"max":"*","type":[{"code":"https://www.hl7belgium.be/fhir/StructureDefinition/BeModelMedicationRecordAdministration"}]},{"id":"BeModelMedicationRecord.detailedRecords.usageReports","path":"BeModelMedicationRecord.detailedRecords.usageReports","short":"Reported statements of medication usage","definition":"Reported statements of medication usage","min":0,"max":"*","type":[{"code":"https://www.hl7belgium.be/fhir/StructureDefinition/BeModelMedicationRecordUsage"}]},{"id":"BeModelMedicationRecord.changeRecord","path":"BeModelMedicationRecord.changeRecord","short":"Change records and provenance for the medication record components","definition":"Change records and provenance for the medication record components","min":0,"max":"*","type":[{"code":"Provenance"}]}]}}