{
  "resourceType": "ExampleScenario",
  "id": "example-1-scenario",
  "text": {
    "status": "generated",
    "div": "<div xmlns=\"http://www.w3.org/1999/xhtml\"><p><b>Generated Narrative</b></p><p><b>url</b>: <code>http://hl7belgium.org/fhir/riziv-medicationrecord/ExampleScenario/example-1-scenario</code></p><p><b>version</b>: 0.1.0-test</p><p><b>name</b>: ChangedmedicationSameVOSScenario</p><p><b>status</b>: draft</p><p><b>experimental</b>: false</p><p><b>date</b>: Sep 10, 2019, 11:00:00 PM</p><p><b>publisher</b>: HL7 Belgium</p><p><b>contact</b>: <a href=\"http://hl7belgium.org\">http://hl7belgium.org</a></p><p><b>jurisdiction</b>: <span title=\"Codes: {urn:iso:std:iso:3166 BE}\">Belgium</span></p><blockquote><p><b>actor</b></p><p><b>actorId</b>: PATIENT</p><p><b>type</b>: person</p><p><b>name</b>: Pia Peters</p></blockquote><blockquote><p><b>actor</b></p><p><b>actorId</b>: GP</p><p><b>type</b>: person</p><p><b>name</b>: Dr. Durant</p></blockquote><blockquote><p><b>actor</b></p><p><b>actorId</b>: VAULT</p><p><b>type</b>: entity</p><p><b>name</b>: Vault</p></blockquote><blockquote><p><b>actor</b></p><p><b>actorId</b>: PHARM</p><p><b>type</b>: person</p><p><b>name</b>: Pharmacist</p></blockquote><blockquote><p><b>instance</b></p><p><b>resourceId</b>: 1-prescription</p><p><b>resourceType</b>: MedicationRequest</p><p><b>name</b>: New Prescription</p></blockquote><blockquote><p><b>instance</b></p><p><b>resourceId</b>: EB</p><p><b>resourceType</b>: Bundle</p><p><b>name</b>: Empty Bundle</p></blockquote><blockquote><p><b>instance</b></p><p><b>resourceId</b>: 1-treatmentLine</p><p><b>resourceType</b>: MedicationStatement</p><p><b>name</b>: New Treatment Line</p></blockquote><blockquote><p><b>instance</b></p><p><b>resourceId</b>: 1-treatment</p><p><b>resourceType</b>: CarePlan</p><p><b>name</b>: New Treatment</p></blockquote><blockquote><p><b>instance</b></p><p><b>resourceId</b>: 1-dispense</p><p><b>resourceType</b>: MedicationDispense</p><p><b>name</b>: New dispense</p></blockquote><blockquote><p><b>process</b></p><p><b>title</b>: Change Branded Prescription</p><p><b>description</b>: description</p><p><b>preConditions</b>: The patient visits their GP and is prescribed Amlor for hypertension. The GP prescribes Amlor, but at the pharmacy there is no Amlor and amlodipin Sandoz is dispensed.</p><p><b>postConditions</b>: A new treatment and treatment line are created, inside the new treatment line, a prescription and dispense are contained and is possible to see which medication is associated with each.</p><blockquote><p><b>step</b></p><blockquote><p><b>process</b></p><p><b>title</b>: group 1</p></blockquote></blockquote><blockquote><p><b>step</b></p><blockquote><p><b>process</b></p><p><b>title</b>: group 2</p></blockquote></blockquote><blockquote><p><b>step</b></p><blockquote><p><b>process</b></p><p><b>title</b>: group 3</p></blockquote></blockquote><blockquote><p><b>step</b></p><blockquote><p><b>process</b></p><p><b>title</b>: group 4</p></blockquote></blockquote></blockquote></div>"
  },
  "url": "http://hl7belgium.org/fhir/riziv-medicationrecord/ExampleScenario/example-1-scenario",
  "version": "0.1.0-test",
  "name": "ChangedmedicationSameVOSScenario",
  "status": "draft",
  "experimental": false,
  "date": "2019-09-11T00:00:00.000+01:00",
  "publisher": "HL7 Belgium",
  "contact": [
    {
      "telecom": [
        {
          "system": "url",
          "value": "http://hl7belgium.org"
        }
      ]
    }
  ],
  "jurisdiction": [
    {
      "coding": [
        {
          "system": "urn:iso:std:iso:3166",
          "code": "BE"
        }
      ]
    }
  ],
  "actor": [
    {
      "actorId": "PATIENT",
      "type": "person",
      "name": "Pia Peters"
    },
    {
      "actorId": "GP",
      "type": "person",
      "name": "Dr. Durant"
    },
    {
      "actorId": "VAULT",
      "type": "entity",
      "name": "Vault"
    },
    {
      "actorId": "PHARM",
      "type": "person",
      "name": "Pharmacist"
    }
  ],
  "instance": [
    {
      "resourceId": "1-prescription",
      "resourceType": "MedicationRequest",
      "name": "New Prescription"
    },
    {
      "resourceId": "EB",
      "resourceType": "Bundle",
      "name": "Empty Bundle"
    },
    {
      "resourceId": "1-treatmentLine",
      "resourceType": "MedicationStatement",
      "name": "New Treatment Line"
    },
    {
      "resourceId": "1-treatment",
      "resourceType": "CarePlan",
      "name": "New Treatment"
    },
    {
      "resourceId": "1-dispense",
      "resourceType": "MedicationDispense",
      "name": "New dispense"
    }
  ],
  "process": [
    {
      "title": "Change Branded Prescription",
      "description": "description",
      "preConditions": "The patient visits their GP and is prescribed Amlor for hypertension. The GP prescribes Amlor, but at the pharmacy there is no Amlor and amlodipin Sandoz is dispensed.",
      "postConditions": "A new treatment and treatment line are created, inside the new treatment line, a prescription and dispense are contained and is possible to see which medication is associated with each.",
      "step": [
        {
          "process": [
            {
              "title": "group 1",
              "step": [
                {
                  "operation": {
                    "number": "1",
                    "name": "Goes to appointment",
                    "initiator": "PATIENT",
                    "receiver": "GP"
                  }
                },
                {
                  "operation": {
                    "number": "3",
                    "name": "Create new prescription",
                    "initiator": "GP",
                    "receiver": "VAULT",
                    "request": {
                      "resourceId": "1-prescription"
                    },
                    "response": {
                      "resourceId": "EB"
                    }
                  }
                }
              ]
            }
          ]
        },
        {
          "process": [
            {
              "title": "group 2",
              "step": [
                {
                  "operation": {
                    "number": "4",
                    "name": "Create new treatment",
                    "initiator": "VAULT",
                    "receiver": "VAULT",
                    "request": {
                      "resourceId": "1-treatment"
                    }
                  }
                },
                {
                  "operation": {
                    "number": "5",
                    "name": "Create new treatment Line",
                    "initiator": "VAULT",
                    "receiver": "VAULT",
                    "request": {
                      "resourceId": "1-treatmentLine"
                    }
                  }
                }
              ]
            }
          ]
        },
        {
          "process": [
            {
              "title": "group 3",
              "step": [
                {
                  "operation": {
                    "number": "6",
                    "name": "Get patient's Prescriptions",
                    "initiator": "PHARM",
                    "receiver": "VAULT",
                    "request": {
                      "resourceId": "EB"
                    }
                  }
                },
                {
                  "operation": {
                    "number": "7",
                    "name": "Create new dispense",
                    "initiator": "PHARM",
                    "receiver": "VAULT",
                    "request": {
                      "resourceId": "1-dispense"
                    }
                  }
                }
              ]
            }
          ]
        },
        {
          "process": [
            {
              "title": "group 4",
              "step": [
                {
                  "operation": {
                    "number": "8",
                    "name": "Create new treatment",
                    "initiator": "VAULT",
                    "receiver": "VAULT",
                    "request": {
                      "resourceId": "1-treatment"
                    }
                  }
                },
                {
                  "operation": {
                    "number": "9",
                    "name": "Create new treatment Line",
                    "initiator": "VAULT",
                    "receiver": "VAULT",
                    "request": {
                      "resourceId": "1-treatmentLine"
                    }
                  }
                }
              ]
            }
          ]
        }
      ]
    }
  ]
}