{
  "resourceType": "ImplementationGuide",
  "id": "hl7.be.fhir.medicationig",
  "text": {
    "status": "extensions",
    "div": "<div xmlns=\"http://www.w3.org/1999/xhtml\"><h2>BEMedicationIG</h2><p>The official URL for this implementation guide is: </p><pre>https://www.hl7belgium.be/fhir/ImplementationGuide/hl7.be.fhir.medicationig</pre><div><p>ImplementationGuide for HL7 Belgium Medication Work Group</p>\n</div></div>"
  },
  "url": "https://www.hl7belgium.be/fhir/ImplementationGuide/hl7.be.fhir.medicationig",
  "version": "0.2.0",
  "name": "BEMedicationIG",
  "title": "HL7 Belgium Medication Implementation Guide",
  "status": "draft",
  "experimental": false,
  "date": "2021-08-16T10:32:04+00:00",
  "publisher": "HL7 Belgium",
  "contact": [
    {
      "telecom": [
        {
          "system": "url",
          "value": "http://hl7belgium.org"
        }
      ]
    }
  ],
  "description": "ImplementationGuide for HL7 Belgium Medication Work Group",
  "jurisdiction": [
    {
      "coding": [
        {
          "system": "http://unstats.un.org/unsd/methods/m49/m49.htm",
          "code": "056"
        }
      ],
      "text": "Belgium"
    }
  ],
  "packageId": "hl7.be.fhir.medicationig",
  "license": "CC0-1.0",
  "fhirVersion": [
    "4.0.1"
  ],
  "dependsOn": [
    {
      "id": "fedbecore",
      "uri": "https://www.ehealth.fgov.be/standards/fhir/ImplementationGuide/fed-be-core",
      "packageId": "fed.be.core",
      "version": "dev"
    }
  ],
  "definition": {
    "extension": [
      {
        "extension": [
          {
            "url": "code",
            "valueString": "copyrightyear"
          },
          {
            "url": "value",
            "valueString": "2019+"
          }
        ],
        "url": "http://hl7.org/fhir/tools/StructureDefinition/ig-parameter"
      },
      {
        "extension": [
          {
            "url": "code",
            "valueString": "releaselabel"
          },
          {
            "url": "value",
            "valueString": "CI Build"
          }
        ],
        "url": "http://hl7.org/fhir/tools/StructureDefinition/ig-parameter"
      },
      {
        "extension": [
          {
            "url": "code",
            "valueString": "path-binary"
          },
          {
            "url": "value",
            "valueString": "input\\cql"
          }
        ],
        "url": "http://hl7.org/fhir/tools/StructureDefinition/ig-parameter"
      },
      {
        "extension": [
          {
            "url": "code",
            "valueString": "excludettl"
          },
          {
            "url": "value",
            "valueString": "true"
          }
        ],
        "url": "http://hl7.org/fhir/tools/StructureDefinition/ig-parameter"
      },
      {
        "extension": [
          {
            "url": "code",
            "valueString": "show-inherited-invariants"
          },
          {
            "url": "value",
            "valueString": "false"
          }
        ],
        "url": "http://hl7.org/fhir/tools/StructureDefinition/ig-parameter"
      },
      {
        "extension": [
          {
            "url": "code",
            "valueString": "autoload-resources"
          },
          {
            "url": "value",
            "valueString": "true"
          }
        ],
        "url": "http://hl7.org/fhir/tools/StructureDefinition/ig-parameter"
      },
      {
        "extension": [
          {
            "url": "code",
            "valueString": "path-liquid"
          },
          {
            "url": "value",
            "valueString": "template/liquid"
          }
        ],
        "url": "http://hl7.org/fhir/tools/StructureDefinition/ig-parameter"
      },
      {
        "extension": [
          {
            "url": "code",
            "valueString": "path-liquid"
          },
          {
            "url": "value",
            "valueString": "input/liquid"
          }
        ],
        "url": "http://hl7.org/fhir/tools/StructureDefinition/ig-parameter"
      },
      {
        "extension": [
          {
            "url": "code",
            "valueString": "path-qa"
          },
          {
            "url": "value",
            "valueString": "temp/qa"
          }
        ],
        "url": "http://hl7.org/fhir/tools/StructureDefinition/ig-parameter"
      },
      {
        "extension": [
          {
            "url": "code",
            "valueString": "path-temp"
          },
          {
            "url": "value",
            "valueString": "temp/pages"
          }
        ],
        "url": "http://hl7.org/fhir/tools/StructureDefinition/ig-parameter"
      },
      {
        "extension": [
          {
            "url": "code",
            "valueString": "path-output"
          },
          {
            "url": "value",
            "valueString": "output"
          }
        ],
        "url": "http://hl7.org/fhir/tools/StructureDefinition/ig-parameter"
      },
      {
        "extension": [
          {
            "url": "code",
            "valueString": "path-suppressed-warnings"
          },
          {
            "url": "value",
            "valueString": "input/ignoreWarnings.txt"
          }
        ],
        "url": "http://hl7.org/fhir/tools/StructureDefinition/ig-parameter"
      },
      {
        "extension": [
          {
            "url": "code",
            "valueString": "path-history"
          },
          {
            "url": "value",
            "valueString": "https://www.hl7belgium.be/fhir/history.html"
          }
        ],
        "url": "http://hl7.org/fhir/tools/StructureDefinition/ig-parameter"
      },
      {
        "extension": [
          {
            "url": "code",
            "valueString": "template-html"
          },
          {
            "url": "value",
            "valueString": "template-page.html"
          }
        ],
        "url": "http://hl7.org/fhir/tools/StructureDefinition/ig-parameter"
      },
      {
        "extension": [
          {
            "url": "code",
            "valueString": "template-md"
          },
          {
            "url": "value",
            "valueString": "template-page-md.html"
          }
        ],
        "url": "http://hl7.org/fhir/tools/StructureDefinition/ig-parameter"
      },
      {
        "extension": [
          {
            "url": "code",
            "valueString": "apply-contact"
          },
          {
            "url": "value",
            "valueString": "true"
          }
        ],
        "url": "http://hl7.org/fhir/tools/StructureDefinition/ig-parameter"
      },
      {
        "extension": [
          {
            "url": "code",
            "valueString": "apply-context"
          },
          {
            "url": "value",
            "valueString": "true"
          }
        ],
        "url": "http://hl7.org/fhir/tools/StructureDefinition/ig-parameter"
      },
      {
        "extension": [
          {
            "url": "code",
            "valueString": "apply-copyright"
          },
          {
            "url": "value",
            "valueString": "true"
          }
        ],
        "url": "http://hl7.org/fhir/tools/StructureDefinition/ig-parameter"
      },
      {
        "extension": [
          {
            "url": "code",
            "valueString": "apply-jurisdiction"
          },
          {
            "url": "value",
            "valueString": "true"
          }
        ],
        "url": "http://hl7.org/fhir/tools/StructureDefinition/ig-parameter"
      },
      {
        "extension": [
          {
            "url": "code",
            "valueString": "apply-license"
          },
          {
            "url": "value",
            "valueString": "true"
          }
        ],
        "url": "http://hl7.org/fhir/tools/StructureDefinition/ig-parameter"
      },
      {
        "extension": [
          {
            "url": "code",
            "valueString": "apply-publisher"
          },
          {
            "url": "value",
            "valueString": "true"
          }
        ],
        "url": "http://hl7.org/fhir/tools/StructureDefinition/ig-parameter"
      },
      {
        "extension": [
          {
            "url": "code",
            "valueString": "apply-version"
          },
          {
            "url": "value",
            "valueString": "true"
          }
        ],
        "url": "http://hl7.org/fhir/tools/StructureDefinition/ig-parameter"
      },
      {
        "extension": [
          {
            "url": "code",
            "valueString": "active-tables"
          },
          {
            "url": "value",
            "valueString": "true"
          }
        ],
        "url": "http://hl7.org/fhir/tools/StructureDefinition/ig-parameter"
      }
    ],
    "grouping": [
      {
        "id": "medicationdispense",
        "name": "Medication Dispense",
        "description": "Medication Dispense"
      },
      {
        "id": "medicationrecord",
        "name": "Medication Record",
        "description": "Medication Record / Medication Schema"
      },
      {
        "id": "vocabulary",
        "name": "Vocabulary",
        "description": "Terminology and Vocabulary"
      }
    ],
    "resource": [
      {
        "extension": [
          {
            "url": "http://hl7.org/fhir/tools/StructureDefinition/resource-information",
            "valueString": "StructureDefinition:logical"
          }
        ],
        "reference": {
          "reference": "StructureDefinition/be-model-medication-dispense"
        },
        "fhirVersion": [
          "4.0.1"
        ],
        "name": "Logical Model Medication Dispense",
        "description": "Medication Dispense entry - information captured when dispensing medication e.g. in pharmacies and hospitals",
        "groupingId": "medicationdispense"
      },
      {
        "extension": [
          {
            "url": "http://hl7.org/fhir/tools/StructureDefinition/resource-information",
            "valueString": "StructureDefinition:resource"
          }
        ],
        "reference": {
          "reference": "StructureDefinition/be-medicationdispense"
        },
        "fhirVersion": [
          "4.0.1"
        ],
        "name": "Profile - Medication Dispense",
        "description": "Medication Dispense entry - information captured when dispensing medication e.g. in pharmacies and hospitals",
        "groupingId": "medicationdispense"
      },
      {
        "extension": [
          {
            "url": "http://hl7.org/fhir/tools/StructureDefinition/resource-information",
            "valueString": "StructureDefinition:logical"
          }
        ],
        "reference": {
          "reference": "StructureDefinition/be-model-medication-record"
        },
        "fhirVersion": [
          "4.0.1"
        ],
        "name": "Logical Model Medication Record",
        "description": "Medication Record - summary or detailed information about the usage of medication by a patient",
        "groupingId": "medicationrecord"
      },
      {
        "extension": [
          {
            "url": "http://hl7.org/fhir/tools/StructureDefinition/resource-information",
            "valueString": "NamingSystem"
          }
        ],
        "reference": {
          "reference": "NamingSystem/be-ns-nihdi-organization"
        },
        "fhirVersion": [
          "4.0.1"
        ],
        "name": "NamingSystem - NIHDI Organization",
        "description": "NIHDI identifier for care organizations",
        "groupingId": "terminology"
      },
      {
        "extension": [
          {
            "url": "http://hl7.org/fhir/tools/StructureDefinition/resource-information",
            "valueString": "NamingSystem"
          }
        ],
        "reference": {
          "reference": "NamingSystem/be-ns-nihdi-professional"
        },
        "fhirVersion": [
          "4.0.1"
        ],
        "name": "NamingSystem - NIHDI Professional",
        "description": "NIHDI identifier for care professionals",
        "groupingId": "terminology"
      },
      {
        "extension": [
          {
            "url": "http://hl7.org/fhir/tools/StructureDefinition/resource-information",
            "valueString": "MedicationDispense"
          }
        ],
        "reference": {
          "reference": "MedicationDispense/medication-dispense-example-1"
        },
        "fhirVersion": [
          "4.0.1"
        ],
        "name": "Medication Dispense Example 1",
        "description": "Medication Dispense Example 1 - a simple example of a dispensation in a pharmacy",
        "exampleCanonical": "https://www.hl7belgium.be/fhir/StructureDefinition/be-medicationdispense",
        "groupingId": "medicationdispense"
      },
      {
        "extension": [
          {
            "url": "http://hl7.org/fhir/tools/StructureDefinition/resource-information",
            "valueString": "MedicationDispense"
          }
        ],
        "reference": {
          "reference": "MedicationDispense/medication-dispense-example-2"
        },
        "fhirVersion": [
          "4.0.1"
        ],
        "name": "Medication Dispense Example 2",
        "description": "Medication Dispense Example 2 - a simple example of a dispensation in a pharmacy - with a geolocation",
        "exampleCanonical": "https://www.hl7belgium.be/fhir/StructureDefinition/be-medicationdispense",
        "groupingId": "medicationdispense"
      },
      {
        "extension": [
          {
            "url": "http://hl7.org/fhir/tools/StructureDefinition/resource-information",
            "valueString": "ExampleScenario"
          }
        ],
        "reference": {
          "reference": "ExampleScenario/example-1-scenario"
        },
        "fhirVersion": [
          "4.0.1"
        ],
        "name": "ExampleScenario - Change VOS",
        "description": "Prescribed branded medication is changed by another branded medication from the same VOS-cluster"
      },
      {
        "extension": [
          {
            "url": "http://hl7.org/fhir/tools/StructureDefinition/resource-information",
            "valueString": "ExampleScenario"
          }
        ],
        "reference": {
          "reference": "ExampleScenario/example-2-scenario"
        },
        "fhirVersion": [
          "4.0.1"
        ],
        "name": "ExampleScenario 2 - Change VOS",
        "description": "Prescribed branded medication is changed by another branded medication from the same VOS-cluster"
      },
      {
        "extension": [
          {
            "url": "http://hl7.org/fhir/tools/StructureDefinition/resource-information",
            "valueString": "ExampleScenario"
          }
        ],
        "reference": {
          "reference": "ExampleScenario/example-3-scenario"
        },
        "fhirVersion": [
          "4.0.1"
        ],
        "name": "ExampleScenario 3 - Change VOS",
        "description": "Prescribed branded medication is changed by another branded medication from the same VOS-cluster"
      },
      {
        "extension": [
          {
            "url": "http://hl7.org/fhir/tools/StructureDefinition/resource-information",
            "valueString": "ExampleScenario"
          }
        ],
        "reference": {
          "reference": "ExampleScenario/example-4-scenario"
        },
        "fhirVersion": [
          "4.0.1"
        ],
        "name": "ExampleScenario 4 - Change VOS",
        "description": "Prescribed branded medication is changed by another branded medication from the same VOS-cluster"
      },
      {
        "extension": [
          {
            "url": "http://hl7.org/fhir/tools/StructureDefinition/resource-information",
            "valueString": "ExampleScenario"
          }
        ],
        "reference": {
          "reference": "ExampleScenario/example-5-scenario"
        },
        "fhirVersion": [
          "4.0.1"
        ],
        "name": "ExampleScenario 5 - Change VOS",
        "description": "Prescribed branded medication is changed by another branded medication from the same VOS-cluster"
      },
      {
        "extension": [
          {
            "url": "http://hl7.org/fhir/tools/StructureDefinition/resource-information",
            "valueString": "ExampleScenario"
          }
        ],
        "reference": {
          "reference": "ExampleScenario/example-6-scenario"
        },
        "fhirVersion": [
          "4.0.1"
        ],
        "name": "ExampleScenario 6 - Change VOS",
        "description": "Prescribed branded medication is changed by another branded medication from the same VOS-cluster"
      },
      {
        "extension": [
          {
            "url": "http://hl7.org/fhir/tools/StructureDefinition/resource-information",
            "valueString": "ExampleScenario"
          }
        ],
        "reference": {
          "reference": "ExampleScenario/example-8-scenario"
        }
      },
      {
        "extension": [
          {
            "url": "http://hl7.org/fhir/tools/StructureDefinition/resource-information",
            "valueString": "ExampleScenario"
          }
        ],
        "reference": {
          "reference": "ExampleScenario/example-7-scenario"
        }
      },
      {
        "extension": [
          {
            "url": "http://hl7.org/fhir/tools/StructureDefinition/resource-information",
            "valueString": "Condition"
          }
        ],
        "reference": {
          "reference": "Condition/headache-condition"
        }
      },
      {
        "extension": [
          {
            "url": "http://hl7.org/fhir/tools/StructureDefinition/resource-information",
            "valueString": "MedicationDispense"
          }
        ],
        "reference": {
          "reference": "MedicationDispense/8-medication-dispense"
        },
        "name": "Example MedicationDispense - 8-medication-dispense",
        "exampleCanonical": "https://www.hl7belgium.be/fhir/StructureDefinition/MedRecordDispense"
      },
      {
        "extension": [
          {
            "url": "http://hl7.org/fhir/tools/StructureDefinition/resource-information",
            "valueString": "MedicationDispense"
          }
        ],
        "reference": {
          "reference": "MedicationDispense/10-2-medication-dispense"
        },
        "name": "Example MedicationDispense - 10-2-medication-dispense",
        "exampleCanonical": "https://www.hl7belgium.be/fhir/StructureDefinition/MedRecordDispense"
      },
      {
        "extension": [
          {
            "url": "http://hl7.org/fhir/tools/StructureDefinition/resource-information",
            "valueString": "MedicationStatement"
          }
        ],
        "reference": {
          "reference": "MedicationStatement/4-2-medication-treatmentLine"
        },
        "name": "Example MedicationStatement - 4-2-medication-treatmentLine",
        "exampleCanonical": "https://www.hl7belgium.be/fhir/StructureDefinition/MedRecordTreatmentLine"
      },
      {
        "extension": [
          {
            "url": "http://hl7.org/fhir/tools/StructureDefinition/resource-information",
            "valueString": "CarePlan"
          }
        ],
        "reference": {
          "reference": "CarePlan/total-view"
        },
        "name": "Patient Total Medication",
        "description": "Overview of the patient's medication",
        "exampleCanonical": "https://www.hl7belgium.be/fhir/StructureDefinition/MedRecordMedicationSummaryView"
      },
      {
        "extension": [
          {
            "url": "http://hl7.org/fhir/tools/StructureDefinition/resource-information",
            "valueString": "StructureDefinition:resource"
          }
        ],
        "reference": {
          "reference": "StructureDefinition/MedRecordTreatment"
        },
        "name": "[Profile] - Treatment",
        "description": "The profile for Medication Treatment in a Medication Record - a set of treatment lines/items"
      },
      {
        "extension": [
          {
            "url": "http://hl7.org/fhir/tools/StructureDefinition/resource-information",
            "valueString": "StructureDefinition:extension"
          }
        ],
        "reference": {
          "reference": "StructureDefinition/related-tl"
        },
        "name": "Based On Extension",
        "description": "Extension for connecting several resources to a single Treatment Line"
      },
      {
        "extension": [
          {
            "url": "http://hl7.org/fhir/tools/StructureDefinition/resource-information",
            "valueString": "MedicationDispense"
          }
        ],
        "reference": {
          "reference": "MedicationDispense/3-medication-dispense"
        },
        "name": "Example MedicationDispense - 3-medication-dispense",
        "exampleCanonical": "https://www.hl7belgium.be/fhir/StructureDefinition/MedRecordDispense"
      },
      {
        "extension": [
          {
            "url": "http://hl7.org/fhir/tools/StructureDefinition/resource-information",
            "valueString": "MedicationRequest"
          }
        ],
        "reference": {
          "reference": "MedicationRequest/3-2-medication-presc"
        },
        "name": "Example MedicationRequest - 3-2-medication-presc",
        "exampleCanonical": "https://www.hl7belgium.be/fhir/StructureDefinition/MedRecordOrder"
      },
      {
        "extension": [
          {
            "url": "http://hl7.org/fhir/tools/StructureDefinition/resource-information",
            "valueString": "CarePlan"
          }
        ],
        "reference": {
          "reference": "CarePlan/4-1-medication-treatment"
        },
        "name": "Treatment for Hyperlipidemia",
        "exampleCanonical": "https://www.hl7belgium.be/fhir/StructureDefinition/MedRecordTreatment"
      },
      {
        "extension": [
          {
            "url": "http://hl7.org/fhir/tools/StructureDefinition/resource-information",
            "valueString": "MedicationRequest"
          }
        ],
        "reference": {
          "reference": "MedicationRequest/6-medication-presc"
        },
        "name": "Example MedicationRequest - 6-medication-presc",
        "exampleCanonical": "https://www.hl7belgium.be/fhir/StructureDefinition/MedRecordOrder"
      },
      {
        "extension": [
          {
            "url": "http://hl7.org/fhir/tools/StructureDefinition/resource-information",
            "valueString": "MedicationDispense"
          }
        ],
        "reference": {
          "reference": "MedicationDispense/5-medication-dispense"
        },
        "name": "Example MedicationDispense - 5-medication-dispense",
        "exampleCanonical": "https://www.hl7belgium.be/fhir/StructureDefinition/MedRecordDispense"
      },
      {
        "extension": [
          {
            "url": "http://hl7.org/fhir/tools/StructureDefinition/resource-information",
            "valueString": "StructureDefinition:logical"
          }
        ],
        "reference": {
          "reference": "StructureDefinition/BeModelMedicationRecordOrder"
        },
        "name": "[Logical Model] - Prescription",
        "description": "A model for representing a product order."
      },
      {
        "extension": [
          {
            "url": "http://hl7.org/fhir/tools/StructureDefinition/resource-information",
            "valueString": "StructureDefinition:logical"
          }
        ],
        "reference": {
          "reference": "StructureDefinition/BeModelMedicationRecordUsage"
        },
        "name": "[Logical Model] - Usage",
        "description": "A model for representing medication usage."
      },
      {
        "extension": [
          {
            "url": "http://hl7.org/fhir/tools/StructureDefinition/resource-information",
            "valueString": "MedicationRequest"
          }
        ],
        "reference": {
          "reference": "MedicationRequest/3-medication-presc"
        },
        "name": "Example MedicationRequest - 3-medication-presc",
        "exampleCanonical": "https://www.hl7belgium.be/fhir/StructureDefinition/MedRecordOrder"
      },
      {
        "extension": [
          {
            "url": "http://hl7.org/fhir/tools/StructureDefinition/resource-information",
            "valueString": "MedicationStatement"
          }
        ],
        "reference": {
          "reference": "MedicationStatement/3-medication-treatmentLine"
        },
        "name": "Example MedicationStatement - 3-medication-treatmentLine",
        "exampleCanonical": "https://www.hl7belgium.be/fhir/StructureDefinition/MedRecordTreatmentLine"
      },
      {
        "extension": [
          {
            "url": "http://hl7.org/fhir/tools/StructureDefinition/resource-information",
            "valueString": "StructureDefinition:resource"
          }
        ],
        "reference": {
          "reference": "StructureDefinition/MedRecordAdministration"
        },
        "name": "[Profile] - Administration",
        "description": "The profile for Medication Administration in a Medication Record - a record of a single administration event"
      },
      {
        "extension": [
          {
            "url": "http://hl7.org/fhir/tools/StructureDefinition/resource-information",
            "valueString": "StructureDefinition:resource"
          }
        ],
        "reference": {
          "reference": "StructureDefinition/MedRecordTreatmentLine"
        },
        "name": "[Profile] - Treatment Line",
        "description": "The profile for Medication Treatment Line - a single recorded item/line of a medication treatment"
      },
      {
        "extension": [
          {
            "url": "http://hl7.org/fhir/tools/StructureDefinition/resource-information",
            "valueString": "Condition"
          }
        ],
        "reference": {
          "reference": "Condition/hyperlipidemia-condition"
        }
      },
      {
        "extension": [
          {
            "url": "http://hl7.org/fhir/tools/StructureDefinition/resource-information",
            "valueString": "ValueSet"
          }
        ],
        "reference": {
          "reference": "ValueSet/be-vs-medication-summary-types"
        },
        "name": "[Value Set] - Medication Summary Types ",
        "description": "Valueset -  Medication Summary types"
      },
      {
        "extension": [
          {
            "url": "http://hl7.org/fhir/tools/StructureDefinition/resource-information",
            "valueString": "MedicationDispense"
          }
        ],
        "reference": {
          "reference": "MedicationDispense/4-2-medication-dispense"
        },
        "name": "Example MedicationDispense - 4-2-medication-dispense",
        "exampleCanonical": "https://www.hl7belgium.be/fhir/StructureDefinition/MedRecordDispense"
      },
      {
        "extension": [
          {
            "url": "http://hl7.org/fhir/tools/StructureDefinition/resource-information",
            "valueString": "MedicationDispense"
          }
        ],
        "reference": {
          "reference": "MedicationDispense/medication-dispense-hospital"
        },
        "name": "Example MedicationDispense - medication-dispense-hospital",
        "exampleCanonical": "https://www.hl7belgium.be/fhir/StructureDefinition/be-medicationdispense"
      },
      {
        "extension": [
          {
            "url": "http://hl7.org/fhir/tools/StructureDefinition/resource-information",
            "valueString": "MedicationStatement"
          }
        ],
        "reference": {
          "reference": "MedicationStatement/7-medication-usage"
        },
        "name": "Example MedicationStatement - 7-medication-usage",
        "exampleCanonical": "https://www.hl7belgium.be/fhir/StructureDefinition/MedRecordUsage"
      },
      {
        "extension": [
          {
            "url": "http://hl7.org/fhir/tools/StructureDefinition/resource-information",
            "valueString": "StructureDefinition:logical"
          }
        ],
        "reference": {
          "reference": "StructureDefinition/BeModelMedicationRecordDispense"
        },
        "name": "[Logical Model] - Dispense",
        "description": "A model for representing a product dispense."
      },
      {
        "extension": [
          {
            "url": "http://hl7.org/fhir/tools/StructureDefinition/resource-information",
            "valueString": "MedicationStatement"
          }
        ],
        "reference": {
          "reference": "MedicationStatement/1-medication-treatmentLine"
        },
        "name": "Example MedicationStatement - 1-medication-treatmentLine",
        "exampleCanonical": "https://www.hl7belgium.be/fhir/StructureDefinition/MedRecordTreatmentLine"
      },
      {
        "extension": [
          {
            "url": "http://hl7.org/fhir/tools/StructureDefinition/resource-information",
            "valueString": "Condition"
          }
        ],
        "reference": {
          "reference": "Condition/toothache-condition"
        }
      },
      {
        "extension": [
          {
            "url": "http://hl7.org/fhir/tools/StructureDefinition/resource-information",
            "valueString": "MedicationDispense"
          }
        ],
        "reference": {
          "reference": "MedicationDispense/1-medication-dispense"
        },
        "name": "Example MedicationDispense - 1-medication-dispense",
        "exampleCanonical": "https://www.hl7belgium.be/fhir/StructureDefinition/MedRecordDispense"
      },
      {
        "extension": [
          {
            "url": "http://hl7.org/fhir/tools/StructureDefinition/resource-information",
            "valueString": "MedicationRequest"
          }
        ],
        "reference": {
          "reference": "MedicationRequest/example-15-scheduleAdministration2"
        },
        "name": "Example MedicationRequest - example-15-scheduleAdministration2",
        "exampleCanonical": "https://www.hl7belgium.be/fhir/StructureDefinition/MedRecordMedicationScheduledAdministration"
      },
      {
        "extension": [
          {
            "url": "http://hl7.org/fhir/tools/StructureDefinition/resource-information",
            "valueString": "MedicationStatement"
          }
        ],
        "reference": {
          "reference": "MedicationStatement/8-medication-treatmentLine"
        },
        "name": "Example MedicationStatement - 8-medication-treatmentLine",
        "exampleCanonical": "https://www.hl7belgium.be/fhir/StructureDefinition/MedRecordTreatmentLine"
      },
      {
        "extension": [
          {
            "url": "http://hl7.org/fhir/tools/StructureDefinition/resource-information",
            "valueString": "StructureDefinition:resource"
          }
        ],
        "reference": {
          "reference": "StructureDefinition/MedRecord"
        },
        "name": "[Profile] - Medication Record",
        "description": "The profile for Medication Record"
      },
      {
        "extension": [
          {
            "url": "http://hl7.org/fhir/tools/StructureDefinition/resource-information",
            "valueString": "MedicationRequest"
          }
        ],
        "reference": {
          "reference": "MedicationRequest/2a-medication-presc"
        },
        "name": "Example MedicationRequest - 2a-medication-presc",
        "exampleCanonical": "https://www.hl7belgium.be/fhir/StructureDefinition/MedRecordOrder"
      },
      {
        "extension": [
          {
            "url": "http://hl7.org/fhir/tools/StructureDefinition/resource-information",
            "valueString": "StructureDefinition:resource"
          }
        ],
        "reference": {
          "reference": "StructureDefinition/MedRecordMedicationScheduledAdministration"
        },
        "name": "[Profile] - Scheduled Administration",
        "description": "The profile for Medication Scheduled Administration in a Medication Record - a set of schedules takes for a certain drug, based on a previous prescription"
      },
      {
        "extension": [
          {
            "url": "http://hl7.org/fhir/tools/StructureDefinition/resource-information",
            "valueString": "MedicationStatement"
          }
        ],
        "reference": {
          "reference": "MedicationStatement/7-medication-treatmentLine"
        },
        "name": "Example MedicationStatement - 7-medication-treatmentLine",
        "exampleCanonical": "https://www.hl7belgium.be/fhir/StructureDefinition/MedRecordTreatmentLine"
      },
      {
        "extension": [
          {
            "url": "http://hl7.org/fhir/tools/StructureDefinition/resource-information",
            "valueString": "StructureDefinition:logical"
          }
        ],
        "reference": {
          "reference": "StructureDefinition/BeModelMedicationRecordTreatmentLine"
        },
        "name": "[Logical Model] - Treatment Line",
        "description": "A model for representing a Treatment Line."
      },
      {
        "extension": [
          {
            "url": "http://hl7.org/fhir/tools/StructureDefinition/resource-information",
            "valueString": "MedicationRequest"
          }
        ],
        "reference": {
          "reference": "MedicationRequest/1-medication-presc"
        },
        "name": "Example MedicationRequest - 1-medication-presc",
        "exampleCanonical": "https://www.hl7belgium.be/fhir/StructureDefinition/MedRecordOrder"
      },
      {
        "extension": [
          {
            "url": "http://hl7.org/fhir/tools/StructureDefinition/resource-information",
            "valueString": "CarePlan"
          }
        ],
        "reference": {
          "reference": "CarePlan/7-medication-treatment"
        },
        "name": "Diarrhea Prevention",
        "exampleCanonical": "https://www.hl7belgium.be/fhir/StructureDefinition/MedRecordTreatment"
      },
      {
        "extension": [
          {
            "url": "http://hl7.org/fhir/tools/StructureDefinition/resource-information",
            "valueString": "MedicationRequest"
          }
        ],
        "reference": {
          "reference": "MedicationRequest/7-medication-presc"
        },
        "name": "Example MedicationRequest - 7-medication-presc",
        "exampleCanonical": "https://www.hl7belgium.be/fhir/StructureDefinition/MedRecordOrder"
      },
      {
        "extension": [
          {
            "url": "http://hl7.org/fhir/tools/StructureDefinition/resource-information",
            "valueString": "MedicationRequest"
          }
        ],
        "reference": {
          "reference": "MedicationRequest/example-15-of-medication-presc2"
        },
        "name": "Example MedicationRequest - example-15-of-medication-presc2",
        "exampleCanonical": "https://www.hl7belgium.be/fhir/StructureDefinition/MedRecordOrder"
      },
      {
        "extension": [
          {
            "url": "http://hl7.org/fhir/tools/StructureDefinition/resource-information",
            "valueString": "MedicationDispense"
          }
        ],
        "reference": {
          "reference": "MedicationDispense/7-medication-dispense"
        },
        "name": "Example MedicationDispense - 7-medication-dispense",
        "exampleCanonical": "https://www.hl7belgium.be/fhir/StructureDefinition/MedRecordDispense"
      },
      {
        "extension": [
          {
            "url": "http://hl7.org/fhir/tools/StructureDefinition/resource-information",
            "valueString": "MedicationRequest"
          }
        ],
        "reference": {
          "reference": "MedicationRequest/example-15-scheduleAdministration"
        },
        "name": "Example MedicationRequest - example-15-scheduleAdministration",
        "exampleCanonical": "https://www.hl7belgium.be/fhir/StructureDefinition/MedRecordMedicationScheduledAdministration"
      },
      {
        "extension": [
          {
            "url": "http://hl7.org/fhir/tools/StructureDefinition/resource-information",
            "valueString": "Condition"
          }
        ],
        "reference": {
          "reference": "Condition/diarrhea-condition"
        }
      },
      {
        "extension": [
          {
            "url": "http://hl7.org/fhir/tools/StructureDefinition/resource-information",
            "valueString": "NamingSystem"
          }
        ],
        "reference": {
          "reference": "NamingSystem/be-ns-product-package-type"
        },
        "description": "Naming System - Product Package Types"
      },
      {
        "extension": [
          {
            "url": "http://hl7.org/fhir/tools/StructureDefinition/resource-information",
            "valueString": "StructureDefinition:resource"
          }
        ],
        "reference": {
          "reference": "StructureDefinition/MedRecord-comp"
        },
        "name": "[Profile] - Structure Composition for Medication Record",
        "description": "The profile for how to organize the information in a medication Record"
      },
      {
        "extension": [
          {
            "url": "http://hl7.org/fhir/tools/StructureDefinition/resource-information",
            "valueString": "MedicationStatement"
          }
        ],
        "reference": {
          "reference": "MedicationStatement/example-15-of-medication-treatmentLine2"
        },
        "name": "Example MedicationStatement - example-15-of-medication-treatmentLine2",
        "exampleCanonical": "https://www.hl7belgium.be/fhir/StructureDefinition/MedRecordTreatmentLine"
      },
      {
        "extension": [
          {
            "url": "http://hl7.org/fhir/tools/StructureDefinition/resource-information",
            "valueString": "MedicationRequest"
          }
        ],
        "reference": {
          "reference": "MedicationRequest/4-medication-presc"
        },
        "name": "Example MedicationRequest - 4-medication-presc",
        "exampleCanonical": "https://www.hl7belgium.be/fhir/StructureDefinition/MedRecordOrder"
      },
      {
        "extension": [
          {
            "url": "http://hl7.org/fhir/tools/StructureDefinition/resource-information",
            "valueString": "Condition"
          }
        ],
        "reference": {
          "reference": "Condition/reflux-condition"
        }
      },
      {
        "extension": [
          {
            "url": "http://hl7.org/fhir/tools/StructureDefinition/resource-information",
            "valueString": "StructureDefinition:logical"
          }
        ],
        "reference": {
          "reference": "StructureDefinition/BeModelMedicationRecordSummaryView"
        },
        "name": "[Logical Model] - Summary View",
        "description": "A model for representing a summary view of a patient's medication."
      },
      {
        "extension": [
          {
            "url": "http://hl7.org/fhir/tools/StructureDefinition/resource-information",
            "valueString": "StructureDefinition:resource"
          }
        ],
        "reference": {
          "reference": "StructureDefinition/MedRecordUsage"
        },
        "name": "[Profile] - Usage",
        "description": "The profile for Medication Usage in a Medication Record - a record of a single administration event"
      },
      {
        "extension": [
          {
            "url": "http://hl7.org/fhir/tools/StructureDefinition/resource-information",
            "valueString": "CarePlan"
          }
        ],
        "reference": {
          "reference": "CarePlan/example-15c-of-medication-treatment"
        },
        "name": "Treatment for acid reflux",
        "exampleCanonical": "https://www.hl7belgium.be/fhir/StructureDefinition/MedRecordTreatment"
      },
      {
        "extension": [
          {
            "url": "http://hl7.org/fhir/tools/StructureDefinition/resource-information",
            "valueString": "NamingSystem"
          }
        ],
        "reference": {
          "reference": "NamingSystem/be-ns-cnk-codes"
        },
        "description": "Naming System - CNK Product Codes"
      },
      {
        "extension": [
          {
            "url": "http://hl7.org/fhir/tools/StructureDefinition/resource-information",
            "valueString": "MedicationStatement"
          }
        ],
        "reference": {
          "reference": "MedicationStatement/6-medication-treatmentLine"
        },
        "name": "Example MedicationStatement - 6-medication-treatmentLine",
        "exampleCanonical": "https://www.hl7belgium.be/fhir/StructureDefinition/MedRecordTreatmentLine"
      },
      {
        "extension": [
          {
            "url": "http://hl7.org/fhir/tools/StructureDefinition/resource-information",
            "valueString": "StructureDefinition:logical"
          }
        ],
        "reference": {
          "reference": "StructureDefinition/BeModelMedicationScheduledAdministration"
        },
        "name": "[Logical Model] - Scheduled Administration",
        "description": "A model for a record of a single planned administration event."
      },
      {
        "extension": [
          {
            "url": "http://hl7.org/fhir/tools/StructureDefinition/resource-information",
            "valueString": "StructureDefinition:logical"
          }
        ],
        "reference": {
          "reference": "StructureDefinition/BeModelMedicationRecordTreatment"
        },
        "name": "[Logical Model] - Treatment",
        "description": "A model for representing a Treatment."
      },
      {
        "extension": [
          {
            "url": "http://hl7.org/fhir/tools/StructureDefinition/resource-information",
            "valueString": "MedicationStatement"
          }
        ],
        "reference": {
          "reference": "MedicationStatement/8-medication-usage"
        },
        "name": "Example MedicationStatement - 8-medication-usage",
        "exampleCanonical": "https://www.hl7belgium.be/fhir/StructureDefinition/MedRecordUsage"
      },
      {
        "extension": [
          {
            "url": "http://hl7.org/fhir/tools/StructureDefinition/resource-information",
            "valueString": "MedicationRequest"
          }
        ],
        "reference": {
          "reference": "MedicationRequest/8-medication-presc"
        },
        "name": "Example MedicationRequest - 8-medication-presc",
        "exampleCanonical": "https://www.hl7belgium.be/fhir/StructureDefinition/MedRecordOrder"
      },
      {
        "extension": [
          {
            "url": "http://hl7.org/fhir/tools/StructureDefinition/resource-information",
            "valueString": "StructureDefinition:logical"
          }
        ],
        "reference": {
          "reference": "StructureDefinition/BeModelMedicationRecord"
        },
        "name": "[Logical Model] - Medication Record",
        "description": "A model for a structure collection of a patient's medication history."
      },
      {
        "extension": [
          {
            "url": "http://hl7.org/fhir/tools/StructureDefinition/resource-information",
            "valueString": "MedicationDispense"
          }
        ],
        "reference": {
          "reference": "MedicationDispense/example-dispense-communitypharmacy-1med"
        },
        "name": "Example MedicationDispense - example-dispense-communitypharmacy-1med",
        "exampleCanonical": "https://www.hl7belgium.be/fhir/StructureDefinition/be-medicationdispense"
      },
      {
        "extension": [
          {
            "url": "http://hl7.org/fhir/tools/StructureDefinition/resource-information",
            "valueString": "CarePlan"
          }
        ],
        "reference": {
          "reference": "CarePlan/1-medication-treatment"
        },
        "name": "Treatment for Hypertension",
        "exampleCanonical": "https://www.hl7belgium.be/fhir/StructureDefinition/MedRecordTreatment"
      },
      {
        "extension": [
          {
            "url": "http://hl7.org/fhir/tools/StructureDefinition/resource-information",
            "valueString": "StructureDefinition:logical"
          }
        ],
        "reference": {
          "reference": "StructureDefinition/BeModelMedicationRecordAdministration"
        },
        "name": "[Logical Model] - Administration",
        "description": "A model for representing and reporting an administration of a product."
      },
      {
        "extension": [
          {
            "url": "http://hl7.org/fhir/tools/StructureDefinition/resource-information",
            "valueString": "ValueSet"
          }
        ],
        "reference": {
          "reference": "ValueSet/medication-substitution-dispense-v1"
        },
        "name": "[Value Set] - Medication Substitution",
        "description": "Value set for substituting a medication on dispense."
      },
      {
        "extension": [
          {
            "url": "http://hl7.org/fhir/tools/StructureDefinition/resource-information",
            "valueString": "StructureDefinition:resource"
          }
        ],
        "reference": {
          "reference": "StructureDefinition/MedRecordOrder"
        },
        "name": "[Profile] - Prescription",
        "description": "The profile for Medication Prescription in a Medication Record - a record of a order or request for a medication or a change of medication, implicit or explicit"
      },
      {
        "extension": [
          {
            "url": "http://hl7.org/fhir/tools/StructureDefinition/resource-information",
            "valueString": "NamingSystem"
          }
        ],
        "reference": {
          "reference": "NamingSystem/be-ns-prescription-ids"
        },
        "description": "Naming System - Prescription IDs"
      },
      {
        "extension": [
          {
            "url": "http://hl7.org/fhir/tools/StructureDefinition/resource-information",
            "valueString": "CarePlan"
          }
        ],
        "reference": {
          "reference": "CarePlan/4-2-medication-treatment"
        },
        "name": "Treatment for Toothache",
        "exampleCanonical": "https://www.hl7belgium.be/fhir/StructureDefinition/MedRecordTreatment"
      },
      {
        "extension": [
          {
            "url": "http://hl7.org/fhir/tools/StructureDefinition/resource-information",
            "valueString": "MedicationRequest"
          }
        ],
        "reference": {
          "reference": "MedicationRequest/example-15-scheduleAdministration4"
        },
        "name": "Example MedicationRequest - example-15-scheduleAdministration4",
        "exampleCanonical": "https://www.hl7belgium.be/fhir/StructureDefinition/MedRecordMedicationScheduledAdministration"
      },
      {
        "extension": [
          {
            "url": "http://hl7.org/fhir/tools/StructureDefinition/resource-information",
            "valueString": "CarePlan"
          }
        ],
        "reference": {
          "reference": "CarePlan/week-view"
        },
        "name": "Patient scheduled medication for week x",
        "exampleCanonical": "https://www.hl7belgium.be/fhir/StructureDefinition/MedRecordMedicationSummaryView"
      },
      {
        "extension": [
          {
            "url": "http://hl7.org/fhir/tools/StructureDefinition/resource-information",
            "valueString": "MedicationRequest"
          }
        ],
        "reference": {
          "reference": "MedicationRequest/5-medication-presc"
        },
        "name": "Example MedicationRequest - 5-medication-presc",
        "exampleCanonical": "https://www.hl7belgium.be/fhir/StructureDefinition/MedRecordOrder"
      },
      {
        "extension": [
          {
            "url": "http://hl7.org/fhir/tools/StructureDefinition/resource-information",
            "valueString": "CarePlan"
          }
        ],
        "reference": {
          "reference": "CarePlan/3-medication-treatment"
        },
        "name": "Treatment for Arthritis",
        "exampleCanonical": "https://www.hl7belgium.be/fhir/StructureDefinition/MedRecordTreatment"
      },
      {
        "extension": [
          {
            "url": "http://hl7.org/fhir/tools/StructureDefinition/resource-information",
            "valueString": "CodeSystem"
          }
        ],
        "reference": {
          "reference": "CodeSystem/be-cs-medication-summary-types"
        },
        "name": "[Code System] - Medication Summary Types ",
        "description": "CodeSystem - Medication Summary types"
      },
      {
        "extension": [
          {
            "url": "http://hl7.org/fhir/tools/StructureDefinition/resource-information",
            "valueString": "CarePlan"
          }
        ],
        "reference": {
          "reference": "CarePlan/example-15-of-medication-treatment2"
        },
        "name": "Treatment for preventing stroke",
        "exampleCanonical": "https://www.hl7belgium.be/fhir/StructureDefinition/MedRecordTreatment"
      },
      {
        "extension": [
          {
            "url": "http://hl7.org/fhir/tools/StructureDefinition/resource-information",
            "valueString": "MedicationRequest"
          }
        ],
        "reference": {
          "reference": "MedicationRequest/example-15a-of-medication-presc"
        },
        "name": "Example MedicationRequest - example-15a-of-medication-presc",
        "exampleCanonical": "https://www.hl7belgium.be/fhir/StructureDefinition/MedRecordOrder"
      },
      {
        "extension": [
          {
            "url": "http://hl7.org/fhir/tools/StructureDefinition/resource-information",
            "valueString": "MedicationStatement"
          }
        ],
        "reference": {
          "reference": "MedicationStatement/example-15-of-medication-treatmentLine"
        },
        "name": "Example MedicationStatement - example-15-of-medication-treatmentLine",
        "exampleCanonical": "https://www.hl7belgium.be/fhir/StructureDefinition/MedRecordTreatmentLine"
      },
      {
        "extension": [
          {
            "url": "http://hl7.org/fhir/tools/StructureDefinition/resource-information",
            "valueString": "CarePlan"
          }
        ],
        "reference": {
          "reference": "CarePlan/8-medication-treatment"
        },
        "name": "Treament of pharyngitis",
        "exampleCanonical": "https://www.hl7belgium.be/fhir/StructureDefinition/MedRecordTreatment"
      },
      {
        "extension": [
          {
            "url": "http://hl7.org/fhir/tools/StructureDefinition/resource-information",
            "valueString": "StructureDefinition:resource"
          }
        ],
        "reference": {
          "reference": "StructureDefinition/MedRecordDispense"
        },
        "name": "[Profile] - Dispense",
        "description": "The profile for Medication Dispense in a Medication Record - a record of a single administration event"
      },
      {
        "extension": [
          {
            "url": "http://hl7.org/fhir/tools/StructureDefinition/resource-information",
            "valueString": "MedicationStatement"
          }
        ],
        "reference": {
          "reference": "MedicationStatement/4-1-medication-treatmentLine"
        },
        "name": "Example MedicationStatement - 4-1-medication-treatmentLine",
        "exampleCanonical": "https://www.hl7belgium.be/fhir/StructureDefinition/MedRecordTreatmentLine"
      },
      {
        "extension": [
          {
            "url": "http://hl7.org/fhir/tools/StructureDefinition/resource-information",
            "valueString": "MedicationRequest"
          }
        ],
        "reference": {
          "reference": "MedicationRequest/example-15-scheduleAdministration3"
        },
        "name": "Example MedicationRequest - example-15-scheduleAdministration3",
        "exampleCanonical": "https://www.hl7belgium.be/fhir/StructureDefinition/MedRecordMedicationScheduledAdministration"
      },
      {
        "extension": [
          {
            "url": "http://hl7.org/fhir/tools/StructureDefinition/resource-information",
            "valueString": "CarePlan"
          }
        ],
        "reference": {
          "reference": "CarePlan/6-medication-treatment"
        },
        "name": "Treatment for Hyperlipidemia",
        "exampleCanonical": "https://www.hl7belgium.be/fhir/StructureDefinition/MedRecordTreatment"
      },
      {
        "extension": [
          {
            "url": "http://hl7.org/fhir/tools/StructureDefinition/resource-information",
            "valueString": "MedicationDispense"
          }
        ],
        "reference": {
          "reference": "MedicationDispense/10-3-medication-dispense"
        },
        "name": "Example MedicationDispense - 10-3-medication-dispense",
        "exampleCanonical": "https://www.hl7belgium.be/fhir/StructureDefinition/MedRecordDispense"
      },
      {
        "extension": [
          {
            "url": "http://hl7.org/fhir/tools/StructureDefinition/resource-information",
            "valueString": "MedicationStatement"
          }
        ],
        "reference": {
          "reference": "MedicationStatement/2a-medication-treatmentLine"
        },
        "name": "Example MedicationStatement - 2a-medication-treatmentLine",
        "exampleCanonical": "https://www.hl7belgium.be/fhir/StructureDefinition/MedRecordTreatmentLine"
      },
      {
        "extension": [
          {
            "url": "http://hl7.org/fhir/tools/StructureDefinition/resource-information",
            "valueString": "CarePlan"
          }
        ],
        "reference": {
          "reference": "CarePlan/2a-medication-treatment"
        },
        "name": "Treatment for headache",
        "exampleCanonical": "https://www.hl7belgium.be/fhir/StructureDefinition/MedRecordTreatment"
      },
      {
        "extension": [
          {
            "url": "http://hl7.org/fhir/tools/StructureDefinition/resource-information",
            "valueString": "MedicationDispense"
          }
        ],
        "reference": {
          "reference": "MedicationDispense/2a-medication-dispense"
        },
        "name": "Example MedicationDispense - 2a-medication-dispense",
        "exampleCanonical": "https://www.hl7belgium.be/fhir/StructureDefinition/MedRecordDispense"
      },
      {
        "extension": [
          {
            "url": "http://hl7.org/fhir/tools/StructureDefinition/resource-information",
            "valueString": "Condition"
          }
        ],
        "reference": {
          "reference": "Condition/arthritis-condition"
        }
      },
      {
        "extension": [
          {
            "url": "http://hl7.org/fhir/tools/StructureDefinition/resource-information",
            "valueString": "CarePlan"
          }
        ],
        "reference": {
          "reference": "CarePlan/5-medication-treatment"
        },
        "name": "Treatment for headache",
        "exampleCanonical": "https://www.hl7belgium.be/fhir/StructureDefinition/MedRecordTreatment"
      },
      {
        "extension": [
          {
            "url": "http://hl7.org/fhir/tools/StructureDefinition/resource-information",
            "valueString": "MedicationStatement"
          }
        ],
        "reference": {
          "reference": "MedicationStatement/5-medication-treatmentLine"
        },
        "name": "Example MedicationStatement - 5-medication-treatmentLine",
        "exampleCanonical": "https://www.hl7belgium.be/fhir/StructureDefinition/MedRecordTreatmentLine"
      },
      {
        "extension": [
          {
            "url": "http://hl7.org/fhir/tools/StructureDefinition/resource-information",
            "valueString": "MedicationDispense"
          }
        ],
        "reference": {
          "reference": "MedicationDispense/10-1-medication-dispense"
        },
        "name": "Example MedicationDispense - 10-1-medication-dispense",
        "exampleCanonical": "https://www.hl7belgium.be/fhir/StructureDefinition/MedRecordDispense"
      },
      {
        "extension": [
          {
            "url": "http://hl7.org/fhir/tools/StructureDefinition/resource-information",
            "valueString": "StructureDefinition:resource"
          }
        ],
        "reference": {
          "reference": "StructureDefinition/MedRecordMedicationSummaryView"
        },
        "name": "[Profile] - Summary View",
        "description": "The profile for Medication Summary view in a Medication Record"
      },
      {
        "extension": [
          {
            "url": "http://hl7.org/fhir/tools/StructureDefinition/resource-information",
            "valueString": "MedicationDispense"
          }
        ],
        "reference": {
          "reference": "MedicationDispense/6-medication-dispense"
        },
        "name": "Example MedicationDispense - 6-medication-dispense",
        "exampleCanonical": "https://www.hl7belgium.be/fhir/StructureDefinition/MedRecordDispense"
      },
      {
        "extension": [
          {
            "url": "http://hl7.org/fhir/tools/StructureDefinition/resource-information",
            "valueString": "MedicationDispense"
          }
        ],
        "reference": {
          "reference": "MedicationDispense/example-minimal-dispense"
        },
        "name": "Example MedicationDispense - example-minimal-dispense",
        "exampleCanonical": "https://www.hl7belgium.be/fhir/StructureDefinition/be-medicationdispense"
      },
      {
        "extension": [
          {
            "url": "http://hl7.org/fhir/tools/StructureDefinition/resource-information",
            "valueString": "MedicationDispense"
          }
        ],
        "reference": {
          "reference": "MedicationDispense/3-2-medication-dispense"
        },
        "name": "Example MedicationDispense - 3-2-medication-dispense",
        "exampleCanonical": "https://www.hl7belgium.be/fhir/StructureDefinition/MedRecordDispense"
      },
      {
        "extension": [
          {
            "url": "http://hl7.org/fhir/tools/StructureDefinition/resource-information",
            "valueString": "MedicationDispense"
          }
        ],
        "reference": {
          "reference": "MedicationDispense/4-1-medication-dispense"
        },
        "name": "Example MedicationDispense - 4-1-medication-dispense",
        "exampleCanonical": "https://www.hl7belgium.be/fhir/StructureDefinition/MedRecordDispense"
      },
      {
        "extension": [
          {
            "url": "http://hl7.org/fhir/tools/StructureDefinition/resource-information",
            "valueString": "Condition"
          }
        ],
        "reference": {
          "reference": "Condition/pharyngitis-condition"
        }
      },
      {
        "extension": [
          {
            "url": "http://hl7.org/fhir/tools/StructureDefinition/resource-information",
            "valueString": "MedicationAdministration"
          }
        ],
        "reference": {
          "reference": "MedicationAdministration/8-medication-administration"
        },
        "name": "Example MedicationAdministration - 8-medication-administration",
        "exampleCanonical": "https://www.hl7belgium.be/fhir/StructureDefinition/MedRecordAdministration"
      },
      {
        "extension": [
          {
            "url": "http://hl7.org/fhir/tools/StructureDefinition/resource-information",
            "valueString": "Condition"
          }
        ],
        "reference": {
          "reference": "Condition/hypertension-condition"
        }
      }
    ],
    "page": {
      "nameUrl": "toc.html",
      "title": "Table of Contents",
      "generation": "html",
      "page": [
        {
          "nameUrl": "index.html",
          "title": "Home Page",
          "generation": "html"
        },
        {
          "nameUrl": "howto.html",
          "title": "How to read this document",
          "generation": "html"
        },
        {
          "nameUrl": "usecases-dispense.html",
          "title": "Use Cases - Dispense",
          "generation": "markdown"
        },
        {
          "nameUrl": "medicationrecord.html",
          "title": "The Belgian Medication Record",
          "generation": "markdown",
          "page": [
            {
              "nameUrl": "medicationrecord-scenarios.html",
              "title": "Medication Record Scenarios",
              "generation": "markdown",
              "page": [
                {
                  "nameUrl": "medicationrecord-scenario-1.html",
                  "title": "Scenario 1 - concurrent medications",
                  "generation": "markdown"
                },
                {
                  "nameUrl": "medicationrecord-scenario-2.html",
                  "title": "Scenario 2 - medication protocols",
                  "generation": "markdown"
                }
              ]
            },
            {
              "nameUrl": "medicationrecord-definitions.html",
              "title": "Definitions - Medication Record",
              "generation": "markdown"
            },
            {
              "nameUrl": "medicationrecord-requirements.html",
              "title": "Requirements - Medication Record",
              "generation": "markdown",
              "page": [
                {
                  "nameUrl": "medication-granularity.html",
                  "title": "Medication Levels",
                  "generation": "markdown"
                },
                {
                  "nameUrl": "medication-class-group.html",
                  "title": "Medication Classification and grouping",
                  "generation": "markdown"
                }
              ]
            },
            {
              "nameUrl": "medicationrecord-patterns.html",
              "title": "Architectural patterns - Medication Record",
              "generation": "markdown",
              "page": [
                {
                  "nameUrl": "medicationrecord-pattern-1.html",
                  "title": "Pattern 1 - Consult a patient's medication record",
                  "generation": "markdown"
                },
                {
                  "nameUrl": "medicationrecord-pattern-2.html",
                  "title": "Pattern 2 - update a patient's medication record",
                  "generation": "markdown"
                },
                {
                  "nameUrl": "medicationrecord-pattern-3.html",
                  "title": "Pattern 3 - Compile a medication record",
                  "generation": "markdown"
                },
                {
                  "nameUrl": "medicationrecord-pattern-4.html",
                  "title": "Pattern 4 - Creation of Treatments and Treatment Lines",
                  "generation": "markdown"
                }
              ]
            }
          ]
        },
        {
          "nameUrl": "medicationrecord-usageexamples.html",
          "title": "MedicationRecord - usage examples",
          "generation": "markdown",
          "page": [
            {
              "nameUrl": "example1.html",
              "title": "Prescribed branded medication is changed by another branded medication from the same VOS-cluster",
              "generation": "markdown"
            },
            {
              "nameUrl": "example2a.html",
              "title": "Prescribed medication is changed by another medication from a different VOS-cluster - different strength",
              "generation": "markdown"
            },
            {
              "nameUrl": "example2b.html",
              "title": "Prescribed medication is changed by another medication from a different VOS-cluster - Different package size",
              "generation": "markdown"
            },
            {
              "nameUrl": "example3.html",
              "title": "Dispense medication before the prescription is available",
              "generation": "markdown"
            },
            {
              "nameUrl": "example4.html",
              "title": "Dispense of prescribed medication and of a product that can be dispensed without a prescription",
              "generation": "markdown"
            },
            {
              "nameUrl": "example5.html",
              "title": "Dispense of new brand medication that is given because the old is unavailable, so giving to continue the treatment and not to replace it",
              "generation": "markdown"
            },
            {
              "nameUrl": "example6.html",
              "title": "Refusal to dispense the prescribed medication",
              "generation": "markdown"
            },
            {
              "nameUrl": "example7.html",
              "title": "Dispense of medication that was prescribed to take if needed, but was not taken",
              "generation": "markdown"
            },
            {
              "nameUrl": "example8.html",
              "title": "Dispense of medication that was prescribed, but not taken till the end",
              "generation": "markdown"
            },
            {
              "nameUrl": "example9a.html",
              "title": "Recording of anesthetic, contrast and similar medications - Checking possible interactions before surgery",
              "generation": "markdown"
            },
            {
              "nameUrl": "example9b.html",
              "title": "Recording of anesthetic, contrast and similar medications - Product prescribed (by VOS) and dispense for exam ",
              "generation": "markdown"
            },
            {
              "nameUrl": "example10.html",
              "title": "The recording of non-medication aka pharmaceutical products",
              "generation": "markdown"
            },
            {
              "nameUrl": "logical-models.html",
              "title": "Logical Models",
              "generation": "markdown"
            },
            {
              "nameUrl": "downloads.html",
              "title": "Downloads",
              "generation": "html"
            }
          ]
        },
        {
          "nameUrl": "implementation.html",
          "title": "Medication Record Implementation",
          "generation": "markdown",
          "page": [
            {
              "nameUrl": "medicationrecord-fhir-resources.html",
              "title": "Medication Record - FHIR resources",
              "generation": "markdown"
            }
          ]
        }
      ]
    },
    "parameter": [
      {
        "code": "path-resource",
        "value": "input/capabilities"
      },
      {
        "code": "path-resource",
        "value": "input/examples"
      },
      {
        "code": "path-resource",
        "value": "input/extensions"
      },
      {
        "code": "path-resource",
        "value": "input/models"
      },
      {
        "code": "path-resource",
        "value": "input/operations"
      },
      {
        "code": "path-resource",
        "value": "input/profiles"
      },
      {
        "code": "path-resource",
        "value": "input/resources"
      },
      {
        "code": "path-resource",
        "value": "input/vocabulary"
      },
      {
        "code": "path-resource",
        "value": "input/maps"
      },
      {
        "code": "path-resource",
        "value": "input/testing"
      },
      {
        "code": "path-resource",
        "value": "input/history"
      },
      {
        "code": "path-resource",
        "value": "fsh-generated/resources"
      },
      {
        "code": "path-pages",
        "value": "template/config"
      },
      {
        "code": "path-pages",
        "value": "input/images"
      },
      {
        "code": "path-tx-cache",
        "value": "input-cache/txcache"
      }
    ]
  }
}