{
  "resourceType": "ImplementationGuide",
  "id": "hl7.fhir.be.riziv-medicationrecord",
  "text": {
    "status": "extensions",
    "div": "<div xmlns=\"http://www.w3.org/1999/xhtml\"><h2>MedicationRecord</h2><p>The official URL for this implementation guide is: </p><pre>http://hl7belgium.org/fhir/riziv-medicationrecord/ImplementationGuide/hl7.fhir.be.riziv-medicationrecord</pre><div><p>Medication Record</p>\n</div></div>"
  },
  "url": "http://hl7belgium.org/fhir/riziv-medicationrecord/ImplementationGuide/hl7.fhir.be.riziv-medicationrecord",
  "version": "0.1.0-test",
  "name": "MedicationRecord",
  "title": "MedicationRecord",
  "status": "draft",
  "experimental": false,
  "date": "2021-08-31T14:26:51+00:00",
  "publisher": "HL7 Belgium",
  "contact": [
    {
      "telecom": [
        {
          "system": "url",
          "value": "http://hl7belgium.org"
        }
      ]
    }
  ],
  "description": "Medication Record",
  "jurisdiction": [
    {
      "coding": [
        {
          "system": "urn:iso:std:iso:3166",
          "code": "BE"
        }
      ]
    }
  ],
  "packageId": "hl7.fhir.be.riziv-medicationrecord",
  "license": "CC0-1.0",
  "fhirVersion": [
    "4.0.1"
  ],
  "definition": {
    "extension": [
      {
        "extension": [
          {
            "url": "code",
            "valueString": "copyrightyear"
          },
          {
            "url": "value",
            "valueString": "2021+"
          }
        ],
        "url": "http://hl7.org/fhir/tools/StructureDefinition/ig-parameter"
      },
      {
        "extension": [
          {
            "url": "code",
            "valueString": "releaselabel"
          },
          {
            "url": "value",
            "valueString": "CI Build"
          }
        ],
        "url": "http://hl7.org/fhir/tools/StructureDefinition/ig-parameter"
      },
      {
        "extension": [
          {
            "url": "code",
            "valueString": "path-binary"
          },
          {
            "url": "value",
            "valueString": "input\\cql"
          }
        ],
        "url": "http://hl7.org/fhir/tools/StructureDefinition/ig-parameter"
      },
      {
        "extension": [
          {
            "url": "code",
            "valueString": "path-liquid"
          },
          {
            "url": "value",
            "valueString": "templates\\liquid"
          }
        ],
        "url": "http://hl7.org/fhir/tools/StructureDefinition/ig-parameter"
      },
      {
        "extension": [
          {
            "url": "code",
            "valueString": "apply-jurisdiction"
          },
          {
            "url": "value",
            "valueString": "true"
          }
        ],
        "url": "http://hl7.org/fhir/tools/StructureDefinition/ig-parameter"
      },
      {
        "extension": [
          {
            "url": "code",
            "valueString": "autoload-resources"
          },
          {
            "url": "value",
            "valueString": "true"
          }
        ],
        "url": "http://hl7.org/fhir/tools/StructureDefinition/ig-parameter"
      },
      {
        "extension": [
          {
            "url": "code",
            "valueString": "path-liquid"
          },
          {
            "url": "value",
            "valueString": "template/liquid"
          }
        ],
        "url": "http://hl7.org/fhir/tools/StructureDefinition/ig-parameter"
      },
      {
        "extension": [
          {
            "url": "code",
            "valueString": "path-liquid"
          },
          {
            "url": "value",
            "valueString": "input/liquid"
          }
        ],
        "url": "http://hl7.org/fhir/tools/StructureDefinition/ig-parameter"
      },
      {
        "extension": [
          {
            "url": "code",
            "valueString": "path-qa"
          },
          {
            "url": "value",
            "valueString": "temp/qa"
          }
        ],
        "url": "http://hl7.org/fhir/tools/StructureDefinition/ig-parameter"
      },
      {
        "extension": [
          {
            "url": "code",
            "valueString": "path-temp"
          },
          {
            "url": "value",
            "valueString": "temp/pages"
          }
        ],
        "url": "http://hl7.org/fhir/tools/StructureDefinition/ig-parameter"
      },
      {
        "extension": [
          {
            "url": "code",
            "valueString": "path-output"
          },
          {
            "url": "value",
            "valueString": "output"
          }
        ],
        "url": "http://hl7.org/fhir/tools/StructureDefinition/ig-parameter"
      },
      {
        "extension": [
          {
            "url": "code",
            "valueString": "path-suppressed-warnings"
          },
          {
            "url": "value",
            "valueString": "input/ignoreWarnings.txt"
          }
        ],
        "url": "http://hl7.org/fhir/tools/StructureDefinition/ig-parameter"
      },
      {
        "extension": [
          {
            "url": "code",
            "valueString": "path-history"
          },
          {
            "url": "value",
            "valueString": "http://hl7belgium.org/fhir/riziv-medicationrecord/history.html"
          }
        ],
        "url": "http://hl7.org/fhir/tools/StructureDefinition/ig-parameter"
      },
      {
        "extension": [
          {
            "url": "code",
            "valueString": "template-html"
          },
          {
            "url": "value",
            "valueString": "template-page.html"
          }
        ],
        "url": "http://hl7.org/fhir/tools/StructureDefinition/ig-parameter"
      },
      {
        "extension": [
          {
            "url": "code",
            "valueString": "template-md"
          },
          {
            "url": "value",
            "valueString": "template-page-md.html"
          }
        ],
        "url": "http://hl7.org/fhir/tools/StructureDefinition/ig-parameter"
      },
      {
        "extension": [
          {
            "url": "code",
            "valueString": "apply-contact"
          },
          {
            "url": "value",
            "valueString": "true"
          }
        ],
        "url": "http://hl7.org/fhir/tools/StructureDefinition/ig-parameter"
      },
      {
        "extension": [
          {
            "url": "code",
            "valueString": "apply-context"
          },
          {
            "url": "value",
            "valueString": "true"
          }
        ],
        "url": "http://hl7.org/fhir/tools/StructureDefinition/ig-parameter"
      },
      {
        "extension": [
          {
            "url": "code",
            "valueString": "apply-copyright"
          },
          {
            "url": "value",
            "valueString": "true"
          }
        ],
        "url": "http://hl7.org/fhir/tools/StructureDefinition/ig-parameter"
      },
      {
        "extension": [
          {
            "url": "code",
            "valueString": "apply-license"
          },
          {
            "url": "value",
            "valueString": "true"
          }
        ],
        "url": "http://hl7.org/fhir/tools/StructureDefinition/ig-parameter"
      },
      {
        "extension": [
          {
            "url": "code",
            "valueString": "apply-publisher"
          },
          {
            "url": "value",
            "valueString": "true"
          }
        ],
        "url": "http://hl7.org/fhir/tools/StructureDefinition/ig-parameter"
      },
      {
        "extension": [
          {
            "url": "code",
            "valueString": "apply-version"
          },
          {
            "url": "value",
            "valueString": "true"
          }
        ],
        "url": "http://hl7.org/fhir/tools/StructureDefinition/ig-parameter"
      },
      {
        "extension": [
          {
            "url": "code",
            "valueString": "active-tables"
          },
          {
            "url": "value",
            "valueString": "true"
          }
        ],
        "url": "http://hl7.org/fhir/tools/StructureDefinition/ig-parameter"
      }
    ],
    "grouping": [
      {
        "id": "medicationrecord",
        "name": "Medication Record",
        "description": "Medication Record / Medication Schema"
      }
    ],
    "resource": [
      {
        "extension": [
          {
            "url": "http://hl7.org/fhir/tools/StructureDefinition/resource-information",
            "valueString": "StructureDefinition:logical"
          }
        ],
        "reference": {
          "reference": "StructureDefinition/be-model-medication-record"
        },
        "fhirVersion": [
          "4.0.1"
        ],
        "name": "Logical Model Medication Record",
        "description": "Medication Record - summary or detailed information about the usage of medication by a patient",
        "groupingId": "medicationrecord"
      },
      {
        "extension": [
          {
            "url": "http://hl7.org/fhir/tools/StructureDefinition/resource-information",
            "valueString": "ValueSet"
          }
        ],
        "reference": {
          "reference": "ValueSet/be-vs-medication-summary-types"
        },
        "fhirVersion": [
          "4.0.1"
        ],
        "name": "ValueSet - Medication Summary Types",
        "description": "The different types of Medication Summary",
        "groupingId": "medicationrecord"
      },
      {
        "extension": [
          {
            "url": "http://hl7.org/fhir/tools/StructureDefinition/resource-information",
            "valueString": "CodeSystem"
          }
        ],
        "reference": {
          "reference": "CodeSystem/be-cs-medication-summary-types"
        },
        "fhirVersion": [
          "4.0.1"
        ],
        "name": "CodeSystem - Medication Summary Types",
        "description": "The different types of Medication Summary",
        "groupingId": "medicationrecord"
      },
      {
        "extension": [
          {
            "url": "http://hl7.org/fhir/tools/StructureDefinition/resource-information",
            "valueString": "ExampleScenario"
          }
        ],
        "reference": {
          "reference": "ExampleScenario/example-1-scenario"
        },
        "fhirVersion": [
          "4.0.1"
        ],
        "name": "ExampleScenario 1 - Changing brand name in the same VOS",
        "description": "Prescribed branded medication is changed by another branded medication from the same VOS-cluster"
      },
      {
        "extension": [
          {
            "url": "http://hl7.org/fhir/tools/StructureDefinition/resource-information",
            "valueString": "ExampleScenario"
          }
        ],
        "reference": {
          "reference": "ExampleScenario/example-2-scenario"
        },
        "fhirVersion": [
          "4.0.1"
        ],
        "name": "ExampleScenario 2 - Changing by another medication from a different VOS",
        "description": "Prescribed medication is changed by another medication from a different VOS-cluster"
      },
      {
        "extension": [
          {
            "url": "http://hl7.org/fhir/tools/StructureDefinition/resource-information",
            "valueString": "ExampleScenario"
          }
        ],
        "reference": {
          "reference": "ExampleScenario/example-3-scenario"
        },
        "fhirVersion": [
          "4.0.1"
        ],
        "name": "ExampleScenario 3 - Dispense medication before the prescription is available",
        "description": "This example shows a dispense of a medication that is made before an existing prescription"
      },
      {
        "extension": [
          {
            "url": "http://hl7.org/fhir/tools/StructureDefinition/resource-information",
            "valueString": "ExampleScenario"
          }
        ],
        "reference": {
          "reference": "ExampleScenario/example-4-scenario"
        },
        "fhirVersion": [
          "4.0.1"
        ],
        "name": "ExampleScenario 4 - Dispense of prescribed medication and of a product without a prescription",
        "description": "This example shows a dispense of two products. One that has a prescription and other that does not (and does not need one)."
      },
      {
        "extension": [
          {
            "url": "http://hl7.org/fhir/tools/StructureDefinition/resource-information",
            "valueString": "ExampleScenario"
          }
        ],
        "reference": {
          "reference": "ExampleScenario/example-5-scenario"
        },
        "fhirVersion": [
          "4.0.1"
        ],
        "name": "ExampleScenario 5 - Dispense of new brand medication because the old is unavailable",
        "description": "This example shows a prescription that is made by brand name and the pharmacist changes the brand name for another brand name in the same VOS - Cluster because there is no stock."
      },
      {
        "extension": [
          {
            "url": "http://hl7.org/fhir/tools/StructureDefinition/resource-information",
            "valueString": "ExampleScenario"
          }
        ],
        "reference": {
          "reference": "ExampleScenario/example-6-scenario"
        },
        "fhirVersion": [
          "4.0.1"
        ],
        "name": "ExampleScenario 6 - Refusal to dispense the prescribed medication",
        "description": "This example shows a prescription that is made by VOS and the pharmacist refuses to dispense the medication due to interaction with previous medication."
      },
      {
        "extension": [
          {
            "url": "http://hl7.org/fhir/tools/StructureDefinition/resource-information",
            "valueString": "ExampleScenario"
          }
        ],
        "reference": {
          "reference": "ExampleScenario/example-7-scenario"
        },
        "fhirVersion": [
          "4.0.1"
        ],
        "name": "ExampleScenario 7 - Dispense of medication that was prescribed to take if needed, but was not taken",
        "description": "This example shows a prescription that is made by VOS and to take only if needed and the pharmacist dispenses it.    Then it is reported that the medication was not taken at all."
      },
      {
        "extension": [
          {
            "url": "http://hl7.org/fhir/tools/StructureDefinition/resource-information",
            "valueString": "ExampleScenario"
          }
        ],
        "reference": {
          "reference": "ExampleScenario/example-8-scenario"
        },
        "fhirVersion": [
          "4.0.1"
        ],
        "name": "ExampleScenario 8 - Dispense of medication that was prescribed, but not taken till the end",
        "description": "This example shows a prescription that is made by VOS and the pharmacist dispenses it. But at the time of administration, the treatment is stopped due to a reaction."
      },
      {
        "extension": [
          {
            "url": "http://hl7.org/fhir/tools/StructureDefinition/resource-information",
            "valueString": "ExampleScenario"
          }
        ],
        "reference": {
          "reference": "ExampleScenario/example-13-scenario"
        },
        "fhirVersion": [
          "4.0.1"
        ],
        "name": "ExampleScenario 13 - Dispense of OTC medication for acute symptons",
        "description": "This example shows dispense of medication OTC and how treatment resources should be handled"
      },
      {
        "extension": [
          {
            "url": "http://hl7.org/fhir/tools/StructureDefinition/resource-information",
            "valueString": "MedicationDispense"
          }
        ],
        "reference": {
          "reference": "MedicationDispense/1-dispense"
        },
        "fhirVersion": [
          "4.0.1"
        ],
        "name": "Example 1 - Dispense",
        "description": "Prescribed branded medication is changed by another branded medication from the same VOS-cluster",
        "exampleCanonical": "http://hl7belgium.org/fhir/riziv-medicationrecord/StructureDefinition/MedRecordDispense"
      },
      {
        "extension": [
          {
            "url": "http://hl7.org/fhir/tools/StructureDefinition/resource-information",
            "valueString": "MedicationRequest"
          }
        ],
        "reference": {
          "reference": "MedicationRequest/1-prescription"
        },
        "fhirVersion": [
          "4.0.1"
        ],
        "name": "Example 1 - prescription",
        "description": "Prescribed branded medication is changed by another branded medication from the same VOS-cluster",
        "exampleCanonical": "http://hl7belgium.org/fhir/riziv-medicationrecord/StructureDefinition/MedRecordOrder"
      },
      {
        "extension": [
          {
            "url": "http://hl7.org/fhir/tools/StructureDefinition/resource-information",
            "valueString": "CarePlan"
          }
        ],
        "reference": {
          "reference": "CarePlan/1-treatment"
        },
        "fhirVersion": [
          "4.0.1"
        ],
        "name": "Example 1 - Treatment",
        "description": "Prescribed branded medication is changed by another branded medication from the same VOS-cluster",
        "exampleCanonical": "http://hl7belgium.org/fhir/riziv-medicationrecord/StructureDefinition/MedRecordTreatment"
      },
      {
        "extension": [
          {
            "url": "http://hl7.org/fhir/tools/StructureDefinition/resource-information",
            "valueString": "MedicationStatement"
          }
        ],
        "reference": {
          "reference": "MedicationStatement/1-treatmentLine"
        },
        "fhirVersion": [
          "4.0.1"
        ],
        "name": "Example 1 - Treatment Line",
        "description": "Prescribed branded medication is changed by another branded medication from the same VOS-cluster",
        "exampleCanonical": "http://hl7belgium.org/fhir/riziv-medicationrecord/StructureDefinition/MedRecordTreatmentLine"
      },
      {
        "extension": [
          {
            "url": "http://hl7.org/fhir/tools/StructureDefinition/resource-information",
            "valueString": "MedicationDispense"
          }
        ],
        "reference": {
          "reference": "MedicationDispense/2a-dispense"
        },
        "fhirVersion": [
          "4.0.1"
        ],
        "name": "Example 2a - Dispense",
        "description": "Prescribed medication is changed by another medication from a different VOS-cluster - Different strength",
        "exampleCanonical": "http://hl7belgium.org/fhir/riziv-medicationrecord/StructureDefinition/MedRecordDispense"
      },
      {
        "extension": [
          {
            "url": "http://hl7.org/fhir/tools/StructureDefinition/resource-information",
            "valueString": "MedicationRequest"
          }
        ],
        "reference": {
          "reference": "MedicationRequest/2a-prescription"
        },
        "fhirVersion": [
          "4.0.1"
        ],
        "name": "Example 2a - prescription",
        "description": "Prescribed medication is changed by another medication from a different VOS-cluster - Different strength",
        "exampleCanonical": "http://hl7belgium.org/fhir/riziv-medicationrecord/StructureDefinition/MedRecordOrder"
      },
      {
        "extension": [
          {
            "url": "http://hl7.org/fhir/tools/StructureDefinition/resource-information",
            "valueString": "CarePlan"
          }
        ],
        "reference": {
          "reference": "CarePlan/2a-treatment"
        },
        "fhirVersion": [
          "4.0.1"
        ],
        "name": "Example 2a - Treatment",
        "description": "Prescribed medication is changed by another medication from a different VOS-cluster - Different strength",
        "exampleCanonical": "http://hl7belgium.org/fhir/riziv-medicationrecord/StructureDefinition/MedRecordTreatment"
      },
      {
        "extension": [
          {
            "url": "http://hl7.org/fhir/tools/StructureDefinition/resource-information",
            "valueString": "MedicationStatement"
          }
        ],
        "reference": {
          "reference": "MedicationStatement/2a-treatmentLine"
        },
        "fhirVersion": [
          "4.0.1"
        ],
        "name": "Example 2a - Treatment Line",
        "description": "Prescribed medication is changed by another medication from a different VOS-cluster - Different strength",
        "exampleCanonical": "http://hl7belgium.org/fhir/riziv-medicationrecord/StructureDefinition/MedRecordTreatmentLine"
      },
      {
        "extension": [
          {
            "url": "http://hl7.org/fhir/tools/StructureDefinition/resource-information",
            "valueString": "MedicationDispense"
          }
        ],
        "reference": {
          "reference": "MedicationDispense/3-dispense"
        },
        "fhirVersion": [
          "4.0.1"
        ],
        "name": "Example 3 - Dispense",
        "description": "Dispense medication before the prescription of the general practitioner",
        "exampleCanonical": "http://hl7belgium.org/fhir/riziv-medicationrecord/StructureDefinition/MedRecordDispense"
      },
      {
        "extension": [
          {
            "url": "http://hl7.org/fhir/tools/StructureDefinition/resource-information",
            "valueString": "MedicationRequest"
          }
        ],
        "reference": {
          "reference": "MedicationRequest/3-prescription"
        },
        "fhirVersion": [
          "4.0.1"
        ],
        "name": "Example 3 - prescription",
        "description": "Dispense medication before the prescription of the general practitioner",
        "exampleCanonical": "http://hl7belgium.org/fhir/riziv-medicationrecord/StructureDefinition/MedRecordOrder"
      },
      {
        "extension": [
          {
            "url": "http://hl7.org/fhir/tools/StructureDefinition/resource-information",
            "valueString": "CarePlan"
          }
        ],
        "reference": {
          "reference": "CarePlan/3-treatment"
        },
        "fhirVersion": [
          "4.0.1"
        ],
        "name": "Example 3 - Treatment",
        "description": "Dispense medication before the prescription of the general practitioner",
        "exampleCanonical": "http://hl7belgium.org/fhir/riziv-medicationrecord/StructureDefinition/MedRecordTreatment"
      },
      {
        "extension": [
          {
            "url": "http://hl7.org/fhir/tools/StructureDefinition/resource-information",
            "valueString": "MedicationStatement"
          }
        ],
        "reference": {
          "reference": "MedicationStatement/3-treatmentLine"
        },
        "fhirVersion": [
          "4.0.1"
        ],
        "name": "Example 3 - Treatment Line",
        "description": "Dispense medication before the prescription of the general practitioner",
        "exampleCanonical": "http://hl7belgium.org/fhir/riziv-medicationrecord/StructureDefinition/MedRecordTreatmentLine"
      },
      {
        "extension": [
          {
            "url": "http://hl7.org/fhir/tools/StructureDefinition/resource-information",
            "valueString": "MedicationDispense"
          }
        ],
        "reference": {
          "reference": "MedicationDispense/3-2-dispense"
        },
        "fhirVersion": [
          "4.0.1"
        ],
        "name": "Example 3 - Dispense 2",
        "description": "Dispense medication before the prescription of the general practitioner",
        "exampleCanonical": "http://hl7belgium.org/fhir/riziv-medicationrecord/StructureDefinition/MedRecordDispense"
      },
      {
        "extension": [
          {
            "url": "http://hl7.org/fhir/tools/StructureDefinition/resource-information",
            "valueString": "MedicationRequest"
          }
        ],
        "reference": {
          "reference": "MedicationRequest/3-2-prescription"
        },
        "fhirVersion": [
          "4.0.1"
        ],
        "name": "Example 3 - prescription 2",
        "description": "Dispense medication before the prescription of the general practitioner",
        "exampleCanonical": "http://hl7belgium.org/fhir/riziv-medicationrecord/StructureDefinition/MedRecordOrder"
      },
      {
        "extension": [
          {
            "url": "http://hl7.org/fhir/tools/StructureDefinition/resource-information",
            "valueString": "MedicationRequest"
          }
        ],
        "reference": {
          "reference": "MedicationRequest/4-prescription"
        },
        "fhirVersion": [
          "4.0.1"
        ],
        "name": "Example 4 - prescription",
        "description": "Dispense of prescribed medication, and dispense of a product that can be done without a prescription",
        "exampleCanonical": "http://hl7belgium.org/fhir/riziv-medicationrecord/StructureDefinition/MedRecordOrder"
      },
      {
        "extension": [
          {
            "url": "http://hl7.org/fhir/tools/StructureDefinition/resource-information",
            "valueString": "MedicationDispense"
          }
        ],
        "reference": {
          "reference": "MedicationDispense/4-1-dispense"
        },
        "fhirVersion": [
          "4.0.1"
        ],
        "name": "Example 4 - Dispense 1",
        "description": "Dispense of prescribed medication, and dispense of a product that can be done without a prescription",
        "exampleCanonical": "http://hl7belgium.org/fhir/riziv-medicationrecord/StructureDefinition/MedRecordDispense"
      },
      {
        "extension": [
          {
            "url": "http://hl7.org/fhir/tools/StructureDefinition/resource-information",
            "valueString": "MedicationDispense"
          }
        ],
        "reference": {
          "reference": "MedicationDispense/4-2-dispense"
        },
        "fhirVersion": [
          "4.0.1"
        ],
        "name": "Example 4 - Dispense 2 (no Prescription)",
        "description": "Dispense of prescribed medication, and dispense of a product that can be done without a prescription",
        "exampleCanonical": "http://hl7belgium.org/fhir/riziv-medicationrecord/StructureDefinition/MedRecordDispense"
      },
      {
        "extension": [
          {
            "url": "http://hl7.org/fhir/tools/StructureDefinition/resource-information",
            "valueString": "CarePlan"
          }
        ],
        "reference": {
          "reference": "CarePlan/4-1-treatment"
        },
        "fhirVersion": [
          "4.0.1"
        ],
        "name": "Example 4 - Treatment 1",
        "description": "Dispense of prescribed medication, and dispense of a product that can be done without a prescription",
        "exampleCanonical": "http://hl7belgium.org/fhir/riziv-medicationrecord/StructureDefinition/MedRecordTreatment"
      },
      {
        "extension": [
          {
            "url": "http://hl7.org/fhir/tools/StructureDefinition/resource-information",
            "valueString": "MedicationStatement"
          }
        ],
        "reference": {
          "reference": "MedicationStatement/4-1-treatmentLine"
        },
        "fhirVersion": [
          "4.0.1"
        ],
        "name": "Example 4 - Treatment Line 1",
        "description": "Dispense of prescribed medication, and dispense of a product that can be done without a prescription",
        "exampleCanonical": "http://hl7belgium.org/fhir/riziv-medicationrecord/StructureDefinition/MedRecordTreatmentLine"
      },
      {
        "extension": [
          {
            "url": "http://hl7.org/fhir/tools/StructureDefinition/resource-information",
            "valueString": "CarePlan"
          }
        ],
        "reference": {
          "reference": "CarePlan/4-2-treatment"
        },
        "fhirVersion": [
          "4.0.1"
        ],
        "name": "Example 4 - Treatment 2",
        "description": "Dispense of prescribed medication, and dispense of a product that can be done without a prescription",
        "exampleCanonical": "http://hl7belgium.org/fhir/riziv-medicationrecord/StructureDefinition/MedRecordTreatment"
      },
      {
        "extension": [
          {
            "url": "http://hl7.org/fhir/tools/StructureDefinition/resource-information",
            "valueString": "MedicationStatement"
          }
        ],
        "reference": {
          "reference": "MedicationStatement/4-2-treatmentLine"
        },
        "fhirVersion": [
          "4.0.1"
        ],
        "name": "Example 4 - Treatment Line 2",
        "description": "Dispense of prescribed medication, and dispense of a product that can be done without a prescription",
        "exampleCanonical": "http://hl7belgium.org/fhir/riziv-medicationrecord/StructureDefinition/MedRecordTreatmentLine"
      },
      {
        "extension": [
          {
            "url": "http://hl7.org/fhir/tools/StructureDefinition/resource-information",
            "valueString": "MedicationDispense"
          }
        ],
        "reference": {
          "reference": "MedicationDispense/5-dispense"
        },
        "fhirVersion": [
          "4.0.1"
        ],
        "name": "Example 5 - Dispense",
        "description": "Dispense of new brand medication that is given because the old is unavailable, so giving to continue the treatment and not to replace it",
        "exampleCanonical": "http://hl7belgium.org/fhir/riziv-medicationrecord/StructureDefinition/MedRecordDispense"
      },
      {
        "extension": [
          {
            "url": "http://hl7.org/fhir/tools/StructureDefinition/resource-information",
            "valueString": "MedicationRequest"
          }
        ],
        "reference": {
          "reference": "MedicationRequest/5-prescription"
        },
        "fhirVersion": [
          "4.0.1"
        ],
        "name": "Example 5 - prescription",
        "description": "Dispense of new brand medication that is given because the old is unavailable, so giving to continue the treatment and not to replace it",
        "exampleCanonical": "http://hl7belgium.org/fhir/riziv-medicationrecord/StructureDefinition/MedRecordOrder"
      },
      {
        "extension": [
          {
            "url": "http://hl7.org/fhir/tools/StructureDefinition/resource-information",
            "valueString": "CarePlan"
          }
        ],
        "reference": {
          "reference": "CarePlan/5-treatment"
        },
        "fhirVersion": [
          "4.0.1"
        ],
        "name": "Example 5 - Treatment",
        "description": "Dispense of new brand medication that is given because the old is unavailable, so giving to continue the treatment and not to replace it",
        "exampleCanonical": "http://hl7belgium.org/fhir/riziv-medicationrecord/StructureDefinition/MedRecordTreatment"
      },
      {
        "extension": [
          {
            "url": "http://hl7.org/fhir/tools/StructureDefinition/resource-information",
            "valueString": "MedicationStatement"
          }
        ],
        "reference": {
          "reference": "MedicationStatement/5-treatmentLine"
        },
        "fhirVersion": [
          "4.0.1"
        ],
        "name": "Example 5 - Treatment Line",
        "description": "Dispense of new brand medication that is given because the old is unavailable, so giving to continue the treatment and not to replace it",
        "exampleCanonical": "http://hl7belgium.org/fhir/riziv-medicationrecord/StructureDefinition/MedRecordTreatmentLine"
      },
      {
        "extension": [
          {
            "url": "http://hl7.org/fhir/tools/StructureDefinition/resource-information",
            "valueString": "MedicationDispense"
          }
        ],
        "reference": {
          "reference": "MedicationDispense/6-dispense"
        },
        "fhirVersion": [
          "4.0.1"
        ],
        "name": "Example 6 - Dispense",
        "description": "Refuse the dispense prescribed medication",
        "exampleCanonical": "http://hl7belgium.org/fhir/riziv-medicationrecord/StructureDefinition/MedRecordDispense"
      },
      {
        "extension": [
          {
            "url": "http://hl7.org/fhir/tools/StructureDefinition/resource-information",
            "valueString": "MedicationRequest"
          }
        ],
        "reference": {
          "reference": "MedicationRequest/6-prescription"
        },
        "fhirVersion": [
          "4.0.1"
        ],
        "name": "Example 6 - prescription",
        "description": "Refuse the dispense prescribed medication",
        "exampleCanonical": "http://hl7belgium.org/fhir/riziv-medicationrecord/StructureDefinition/MedRecordOrder"
      },
      {
        "extension": [
          {
            "url": "http://hl7.org/fhir/tools/StructureDefinition/resource-information",
            "valueString": "CarePlan"
          }
        ],
        "reference": {
          "reference": "CarePlan/6-treatment"
        },
        "fhirVersion": [
          "4.0.1"
        ],
        "name": "Example 6 - Treatment",
        "description": "Refuse the dispense prescribed medication",
        "exampleCanonical": "http://hl7belgium.org/fhir/riziv-medicationrecord/StructureDefinition/MedRecordTreatment"
      },
      {
        "extension": [
          {
            "url": "http://hl7.org/fhir/tools/StructureDefinition/resource-information",
            "valueString": "MedicationStatement"
          }
        ],
        "reference": {
          "reference": "MedicationStatement/6-treatmentLine"
        },
        "fhirVersion": [
          "4.0.1"
        ],
        "name": "Example 6 - Treatment Line",
        "description": "Refuse the dispense prescribed medication",
        "exampleCanonical": "http://hl7belgium.org/fhir/riziv-medicationrecord/StructureDefinition/MedRecordTreatmentLine"
      },
      {
        "extension": [
          {
            "url": "http://hl7.org/fhir/tools/StructureDefinition/resource-information",
            "valueString": "MedicationDispense"
          }
        ],
        "reference": {
          "reference": "MedicationDispense/7-dispense"
        },
        "fhirVersion": [
          "4.0.1"
        ],
        "name": "Example 7 - Dispense",
        "description": "Dispense of medication that was prescribed to take if needed, but was not taken",
        "exampleCanonical": "http://hl7belgium.org/fhir/riziv-medicationrecord/StructureDefinition/MedRecordDispense"
      },
      {
        "extension": [
          {
            "url": "http://hl7.org/fhir/tools/StructureDefinition/resource-information",
            "valueString": "MedicationRequest"
          }
        ],
        "reference": {
          "reference": "MedicationRequest/7-prescription"
        },
        "fhirVersion": [
          "4.0.1"
        ],
        "name": "Example 7 - prescription",
        "description": "Dispense of medication that was prescribed to take if needed, but was not taken",
        "exampleCanonical": "http://hl7belgium.org/fhir/riziv-medicationrecord/StructureDefinition/MedRecordOrder"
      },
      {
        "extension": [
          {
            "url": "http://hl7.org/fhir/tools/StructureDefinition/resource-information",
            "valueString": "MedicationStatement"
          }
        ],
        "reference": {
          "reference": "MedicationStatement/7-usage"
        },
        "fhirVersion": [
          "4.0.1"
        ],
        "name": "Example 7 - Usage",
        "description": "Dispense of medication that was prescribed to take if needed, but was not taken",
        "exampleCanonical": "http://hl7belgium.org/fhir/riziv-medicationrecord/StructureDefinition/MedRecordUsage"
      },
      {
        "extension": [
          {
            "url": "http://hl7.org/fhir/tools/StructureDefinition/resource-information",
            "valueString": "CarePlan"
          }
        ],
        "reference": {
          "reference": "CarePlan/7-treatment"
        },
        "fhirVersion": [
          "4.0.1"
        ],
        "name": "Example 7 - Treatment",
        "description": "Dispense of medication that was prescribed to take if needed, but was not taken",
        "exampleCanonical": "http://hl7belgium.org/fhir/riziv-medicationrecord/StructureDefinition/MedRecordTreatment"
      },
      {
        "extension": [
          {
            "url": "http://hl7.org/fhir/tools/StructureDefinition/resource-information",
            "valueString": "MedicationStatement"
          }
        ],
        "reference": {
          "reference": "MedicationStatement/7-treatmentLine"
        },
        "fhirVersion": [
          "4.0.1"
        ],
        "name": "Example 7 - Treatment Line",
        "description": "Dispense of medication that was prescribed to take if needed, but was not taken",
        "exampleCanonical": "http://hl7belgium.org/fhir/riziv-medicationrecord/StructureDefinition/MedRecordTreatmentLine"
      },
      {
        "extension": [
          {
            "url": "http://hl7.org/fhir/tools/StructureDefinition/resource-information",
            "valueString": "MedicationRequest"
          }
        ],
        "reference": {
          "reference": "MedicationRequest/8-prescription"
        },
        "fhirVersion": [
          "4.0.1"
        ],
        "name": "Example 8 - prescription",
        "description": "Dispense of medication that was prescribed, but not taken till the end",
        "exampleCanonical": "http://hl7belgium.org/fhir/riziv-medicationrecord/StructureDefinition/MedRecordOrder"
      },
      {
        "extension": [
          {
            "url": "http://hl7.org/fhir/tools/StructureDefinition/resource-information",
            "valueString": "MedicationDispense"
          }
        ],
        "reference": {
          "reference": "MedicationDispense/8-dispense"
        },
        "fhirVersion": [
          "4.0.1"
        ],
        "name": "Example 8 - Dispense",
        "description": "Dispense of medication that was prescribed, but not taken till the end",
        "exampleCanonical": "http://hl7belgium.org/fhir/riziv-medicationrecord/StructureDefinition/MedRecordDispense"
      },
      {
        "extension": [
          {
            "url": "http://hl7.org/fhir/tools/StructureDefinition/resource-information",
            "valueString": "MedicationAdministration"
          }
        ],
        "reference": {
          "reference": "MedicationAdministration/8-administration"
        },
        "fhirVersion": [
          "4.0.1"
        ],
        "name": "Example 8 - Administration",
        "description": "Dispense of medication that was prescribed, but not taken till the end",
        "exampleCanonical": "http://hl7belgium.org/fhir/riziv-medicationrecord/StructureDefinition/MedRecordAdministration"
      },
      {
        "extension": [
          {
            "url": "http://hl7.org/fhir/tools/StructureDefinition/resource-information",
            "valueString": "MedicationStatement"
          }
        ],
        "reference": {
          "reference": "MedicationStatement/8-usage"
        },
        "fhirVersion": [
          "4.0.1"
        ],
        "name": "Example 8 - Usage",
        "description": "Dispense of medication that was prescribed, but not taken till the end",
        "exampleCanonical": "http://hl7belgium.org/fhir/riziv-medicationrecord/StructureDefinition/MedRecordUsage"
      },
      {
        "extension": [
          {
            "url": "http://hl7.org/fhir/tools/StructureDefinition/resource-information",
            "valueString": "CarePlan"
          }
        ],
        "reference": {
          "reference": "CarePlan/8-treatment"
        },
        "fhirVersion": [
          "4.0.1"
        ],
        "name": "Example 8 - Treatment",
        "description": "Dispense of medication that was prescribed, but not taken till the end",
        "exampleCanonical": "http://hl7belgium.org/fhir/riziv-medicationrecord/StructureDefinition/MedRecordTreatment"
      },
      {
        "extension": [
          {
            "url": "http://hl7.org/fhir/tools/StructureDefinition/resource-information",
            "valueString": "MedicationStatement"
          }
        ],
        "reference": {
          "reference": "MedicationStatement/8-treatmentLine"
        },
        "fhirVersion": [
          "4.0.1"
        ],
        "name": "Example 8 - Treatment Line",
        "description": "Dispense of medication that was prescribed, but not taken till the end",
        "exampleCanonical": "http://hl7belgium.org/fhir/riziv-medicationrecord/StructureDefinition/MedRecordTreatmentLine"
      },
      {
        "extension": [
          {
            "url": "http://hl7.org/fhir/tools/StructureDefinition/resource-information",
            "valueString": "MedicationDispense"
          }
        ],
        "reference": {
          "reference": "MedicationDispense/10-1-dispense"
        },
        "fhirVersion": [
          "4.0.1"
        ],
        "name": "Example 10 - Dispense 1",
        "description": "The recording of non-medication aka pharmaceutical products",
        "exampleCanonical": "http://hl7belgium.org/fhir/riziv-medicationrecord/StructureDefinition/MedRecordDispense"
      },
      {
        "extension": [
          {
            "url": "http://hl7.org/fhir/tools/StructureDefinition/resource-information",
            "valueString": "MedicationDispense"
          }
        ],
        "reference": {
          "reference": "MedicationDispense/10-2-dispense"
        },
        "fhirVersion": [
          "4.0.1"
        ],
        "name": "Example 10 - Dispense 2",
        "description": "The recording of non-medication aka pharmaceutical products",
        "exampleCanonical": "http://hl7belgium.org/fhir/riziv-medicationrecord/StructureDefinition/MedRecordDispense"
      },
      {
        "extension": [
          {
            "url": "http://hl7.org/fhir/tools/StructureDefinition/resource-information",
            "valueString": "MedicationDispense"
          }
        ],
        "reference": {
          "reference": "MedicationDispense/10-3-dispense"
        },
        "fhirVersion": [
          "4.0.1"
        ],
        "name": "Example 10 - Dispense 3",
        "description": "The recording of non-medication aka pharmaceutical products",
        "exampleCanonical": "http://hl7belgium.org/fhir/riziv-medicationrecord/StructureDefinition/MedRecordDispense"
      },
      {
        "extension": [
          {
            "url": "http://hl7.org/fhir/tools/StructureDefinition/resource-information",
            "valueString": "MedicationDispense"
          }
        ],
        "reference": {
          "reference": "MedicationDispense/13-dispense"
        },
        "fhirVersion": [
          "4.0.1"
        ],
        "name": "Example 13 - Dispense 1",
        "description": "Dispense of OTC medication on the community pharmacy",
        "exampleCanonical": "http://hl7belgium.org/fhir/riziv-medicationrecord/StructureDefinition/MedRecordDispense"
      },
      {
        "extension": [
          {
            "url": "http://hl7.org/fhir/tools/StructureDefinition/resource-information",
            "valueString": "MedicationDispense"
          }
        ],
        "reference": {
          "reference": "MedicationDispense/13-dispense-2"
        },
        "fhirVersion": [
          "4.0.1"
        ],
        "name": "Example 13 - Dispense 2",
        "description": "Dispense of OTC medication on the community pharmacy",
        "exampleCanonical": "http://hl7belgium.org/fhir/riziv-medicationrecord/StructureDefinition/MedRecordDispense"
      },
      {
        "extension": [
          {
            "url": "http://hl7.org/fhir/tools/StructureDefinition/resource-information",
            "valueString": "MedicationDispense"
          }
        ],
        "reference": {
          "reference": "MedicationDispense/13-dispense-3"
        },
        "fhirVersion": [
          "4.0.1"
        ],
        "name": "Example 13 - Dispense 3",
        "description": "Dispense of OTC medication on the community pharmacy",
        "exampleCanonical": "http://hl7belgium.org/fhir/riziv-medicationrecord/StructureDefinition/MedRecordDispense"
      },
      {
        "extension": [
          {
            "url": "http://hl7.org/fhir/tools/StructureDefinition/resource-information",
            "valueString": "CarePlan"
          }
        ],
        "reference": {
          "reference": "CarePlan/13-treatment"
        },
        "fhirVersion": [
          "4.0.1"
        ],
        "name": "Example 13 - Treatment",
        "description": "Dispense of OTC medication on the community pharmacy",
        "exampleCanonical": "http://hl7belgium.org/fhir/riziv-medicationrecord/StructureDefinition/MedRecordTreatment"
      },
      {
        "extension": [
          {
            "url": "http://hl7.org/fhir/tools/StructureDefinition/resource-information",
            "valueString": "MedicationStatement"
          }
        ],
        "reference": {
          "reference": "MedicationStatement/13-treatmentLine"
        },
        "fhirVersion": [
          "4.0.1"
        ],
        "name": "Example 13 - Treatment Line 1",
        "description": "Dispense of OTC medication on the community pharmacy",
        "exampleCanonical": "http://hl7belgium.org/fhir/riziv-medicationrecord/StructureDefinition/MedRecordTreatmentLine"
      },
      {
        "extension": [
          {
            "url": "http://hl7.org/fhir/tools/StructureDefinition/resource-information",
            "valueString": "MedicationStatement"
          }
        ],
        "reference": {
          "reference": "MedicationStatement/13-treatmentLine-2"
        },
        "fhirVersion": [
          "4.0.1"
        ],
        "name": "Example 13 - Treatment Line 2",
        "description": "Dispense of OTC medication on the community pharmacy",
        "exampleCanonical": "http://hl7belgium.org/fhir/riziv-medicationrecord/StructureDefinition/MedRecordTreatmentLine"
      },
      {
        "extension": [
          {
            "url": "http://hl7.org/fhir/tools/StructureDefinition/resource-information",
            "valueString": "MedicationRequest"
          }
        ],
        "reference": {
          "reference": "MedicationRequest/15-prescription"
        },
        "fhirVersion": [
          "4.0.1"
        ],
        "name": "Example 15 - prescription 1",
        "description": "Medication summary",
        "exampleCanonical": "http://hl7belgium.org/fhir/riziv-medicationrecord/StructureDefinition/MedRecordOrder"
      },
      {
        "extension": [
          {
            "url": "http://hl7.org/fhir/tools/StructureDefinition/resource-information",
            "valueString": "CarePlan"
          }
        ],
        "reference": {
          "reference": "CarePlan/15-treatment"
        },
        "fhirVersion": [
          "4.0.1"
        ],
        "name": "Example 15 - Treatment 1",
        "description": "Medication summary",
        "exampleCanonical": "http://hl7belgium.org/fhir/riziv-medicationrecord/StructureDefinition/MedRecordTreatment"
      },
      {
        "extension": [
          {
            "url": "http://hl7.org/fhir/tools/StructureDefinition/resource-information",
            "valueString": "MedicationStatement"
          }
        ],
        "reference": {
          "reference": "MedicationStatement/15-treatmentLine"
        },
        "fhirVersion": [
          "4.0.1"
        ],
        "name": "Example 15 - Treatment Line 1",
        "description": "Medication summary",
        "exampleCanonical": "http://hl7belgium.org/fhir/riziv-medicationrecord/StructureDefinition/MedRecordTreatmentLine"
      },
      {
        "extension": [
          {
            "url": "http://hl7.org/fhir/tools/StructureDefinition/resource-information",
            "valueString": "MedicationRequest"
          }
        ],
        "reference": {
          "reference": "MedicationRequest/15-scheduleAdministration"
        },
        "fhirVersion": [
          "4.0.1"
        ],
        "name": "Example 15 - Scheduled Administration 1",
        "description": "Medication summary",
        "exampleCanonical": "http://hl7belgium.org/fhir/riziv-medicationrecord/StructureDefinition/MedRecordMedicationScheduledAdministration"
      },
      {
        "extension": [
          {
            "url": "http://hl7.org/fhir/tools/StructureDefinition/resource-information",
            "valueString": "MedicationRequest"
          }
        ],
        "reference": {
          "reference": "MedicationRequest/15-scheduleAdministration-2"
        },
        "fhirVersion": [
          "4.0.1"
        ],
        "name": "Example 15 - Scheduled Administration 2",
        "description": "Medication summary",
        "exampleCanonical": "http://hl7belgium.org/fhir/riziv-medicationrecord/StructureDefinition/MedRecordMedicationScheduledAdministration"
      },
      {
        "extension": [
          {
            "url": "http://hl7.org/fhir/tools/StructureDefinition/resource-information",
            "valueString": "MedicationRequest"
          }
        ],
        "reference": {
          "reference": "MedicationRequest/15-prescription-2"
        },
        "fhirVersion": [
          "4.0.1"
        ],
        "name": "Example 15 - prescription 2",
        "description": "Medication summary",
        "exampleCanonical": "http://hl7belgium.org/fhir/riziv-medicationrecord/StructureDefinition/MedRecordOrder"
      },
      {
        "extension": [
          {
            "url": "http://hl7.org/fhir/tools/StructureDefinition/resource-information",
            "valueString": "CarePlan"
          }
        ],
        "reference": {
          "reference": "CarePlan/15-treatment-2"
        },
        "fhirVersion": [
          "4.0.1"
        ],
        "name": "Example 15 - Treatment 2",
        "description": "Medication summary",
        "exampleCanonical": "http://hl7belgium.org/fhir/riziv-medicationrecord/StructureDefinition/MedRecordTreatment"
      },
      {
        "extension": [
          {
            "url": "http://hl7.org/fhir/tools/StructureDefinition/resource-information",
            "valueString": "MedicationStatement"
          }
        ],
        "reference": {
          "reference": "MedicationStatement/15-treatmentLine-2"
        },
        "fhirVersion": [
          "4.0.1"
        ],
        "name": "Example 15 - Treatment Line 2",
        "description": "Medication summary",
        "exampleCanonical": "http://hl7belgium.org/fhir/riziv-medicationrecord/StructureDefinition/MedRecordTreatmentLine"
      },
      {
        "extension": [
          {
            "url": "http://hl7.org/fhir/tools/StructureDefinition/resource-information",
            "valueString": "MedicationRequest"
          }
        ],
        "reference": {
          "reference": "MedicationRequest/15-scheduleAdministration-3"
        },
        "fhirVersion": [
          "4.0.1"
        ],
        "name": "Example 15 - Scheduled Administration 3",
        "description": "Medication summary",
        "exampleCanonical": "http://hl7belgium.org/fhir/riziv-medicationrecord/StructureDefinition/MedRecordMedicationScheduledAdministration"
      },
      {
        "extension": [
          {
            "url": "http://hl7.org/fhir/tools/StructureDefinition/resource-information",
            "valueString": "MedicationRequest"
          }
        ],
        "reference": {
          "reference": "MedicationRequest/15-scheduleAdministration-4"
        },
        "fhirVersion": [
          "4.0.1"
        ],
        "name": "Example 15 - Scheduled Administration 4",
        "description": "Medication summary",
        "exampleCanonical": "http://hl7belgium.org/fhir/riziv-medicationrecord/StructureDefinition/MedRecordMedicationScheduledAdministration"
      },
      {
        "extension": [
          {
            "url": "http://hl7.org/fhir/tools/StructureDefinition/resource-information",
            "valueString": "CarePlan"
          }
        ],
        "reference": {
          "reference": "CarePlan/total-view"
        },
        "fhirVersion": [
          "4.0.1"
        ],
        "name": "Example 15 - Total View of Medication",
        "description": "Medication summary",
        "exampleCanonical": "http://hl7belgium.org/fhir/riziv-medicationrecord/StructureDefinition/MedRecordMedicationSummaryView"
      },
      {
        "extension": [
          {
            "url": "http://hl7.org/fhir/tools/StructureDefinition/resource-information",
            "valueString": "CarePlan"
          }
        ],
        "reference": {
          "reference": "CarePlan/week-view"
        },
        "fhirVersion": [
          "4.0.1"
        ],
        "name": "Example 15 - Week View of Medication",
        "description": "Medication summary",
        "exampleCanonical": "http://hl7belgium.org/fhir/riziv-medicationrecord/StructureDefinition/MedRecordMedicationSummaryView"
      },
      {
        "extension": [
          {
            "url": "http://hl7.org/fhir/tools/StructureDefinition/resource-information",
            "valueString": "Condition"
          }
        ],
        "reference": {
          "reference": "Condition/headache-condition"
        }
      },
      {
        "extension": [
          {
            "url": "http://hl7.org/fhir/tools/StructureDefinition/resource-information",
            "valueString": "StructureDefinition:resource"
          }
        ],
        "reference": {
          "reference": "StructureDefinition/MedRecordTreatment"
        },
        "name": "[Profile] - Treatment",
        "description": "The profile for Medication Treatment in a Medication Record - a set of treatment lines/items"
      },
      {
        "extension": [
          {
            "url": "http://hl7.org/fhir/tools/StructureDefinition/resource-information",
            "valueString": "StructureDefinition:extension"
          }
        ],
        "reference": {
          "reference": "StructureDefinition/related-tl"
        },
        "name": "Based On Extension",
        "description": "Extension for connecting several resources to a single Treatment Line"
      },
      {
        "extension": [
          {
            "url": "http://hl7.org/fhir/tools/StructureDefinition/resource-information",
            "valueString": "StructureDefinition:logical"
          }
        ],
        "reference": {
          "reference": "StructureDefinition/BeModelMedicationRecordOrder"
        },
        "name": "[Logical Model] - Prescription",
        "description": "A model for representing a product order."
      },
      {
        "extension": [
          {
            "url": "http://hl7.org/fhir/tools/StructureDefinition/resource-information",
            "valueString": "StructureDefinition:logical"
          }
        ],
        "reference": {
          "reference": "StructureDefinition/BeModelMedicationRecordUsage"
        },
        "name": "[Logical Model] - Usage",
        "description": "A model for representing medication usage."
      },
      {
        "extension": [
          {
            "url": "http://hl7.org/fhir/tools/StructureDefinition/resource-information",
            "valueString": "StructureDefinition:resource"
          }
        ],
        "reference": {
          "reference": "StructureDefinition/MedRecordAdministration"
        },
        "name": "[Profile] - Administration",
        "description": "The profile for Medication Administration in a Medication Record - a record of a single administration event"
      },
      {
        "extension": [
          {
            "url": "http://hl7.org/fhir/tools/StructureDefinition/resource-information",
            "valueString": "StructureDefinition:resource"
          }
        ],
        "reference": {
          "reference": "StructureDefinition/MedRecordTreatmentLine"
        },
        "name": "[Profile] - Treatment Line",
        "description": "The profile for Medication Treatment Line - a single recorded item/line of a medication treatment"
      },
      {
        "extension": [
          {
            "url": "http://hl7.org/fhir/tools/StructureDefinition/resource-information",
            "valueString": "Condition"
          }
        ],
        "reference": {
          "reference": "Condition/hyperlipidemia-condition"
        }
      },
      {
        "extension": [
          {
            "url": "http://hl7.org/fhir/tools/StructureDefinition/resource-information",
            "valueString": "Bundle"
          }
        ],
        "reference": {
          "reference": "Bundle/EB"
        }
      },
      {
        "extension": [
          {
            "url": "http://hl7.org/fhir/tools/StructureDefinition/resource-information",
            "valueString": "StructureDefinition:logical"
          }
        ],
        "reference": {
          "reference": "StructureDefinition/BeModelMedicationRecordDispense"
        },
        "name": "[Logical Model] - Dispense",
        "description": "A model for representing a product dispense."
      },
      {
        "extension": [
          {
            "url": "http://hl7.org/fhir/tools/StructureDefinition/resource-information",
            "valueString": "Condition"
          }
        ],
        "reference": {
          "reference": "Condition/toothache-condition"
        }
      },
      {
        "extension": [
          {
            "url": "http://hl7.org/fhir/tools/StructureDefinition/resource-information",
            "valueString": "StructureDefinition:resource"
          }
        ],
        "reference": {
          "reference": "StructureDefinition/MedRecord"
        },
        "name": "[Profile] - Medication Record",
        "description": "The profile for Medication Record"
      },
      {
        "extension": [
          {
            "url": "http://hl7.org/fhir/tools/StructureDefinition/resource-information",
            "valueString": "StructureDefinition:resource"
          }
        ],
        "reference": {
          "reference": "StructureDefinition/MedRecordMedicationScheduledAdministration"
        },
        "name": "[Profile] - Scheduled Administration",
        "description": "The profile for Medication Scheduled Administration in a Medication Record - a set of schedules takes for a certain drug, based on a previous prescription"
      },
      {
        "extension": [
          {
            "url": "http://hl7.org/fhir/tools/StructureDefinition/resource-information",
            "valueString": "StructureDefinition:logical"
          }
        ],
        "reference": {
          "reference": "StructureDefinition/BeModelMedicationRecordTreatmentLine"
        },
        "name": "[Logical Model] - Treatment Line",
        "description": "A model for representing a Treatment Line."
      },
      {
        "extension": [
          {
            "url": "http://hl7.org/fhir/tools/StructureDefinition/resource-information",
            "valueString": "Condition"
          }
        ],
        "reference": {
          "reference": "Condition/diarrhea-condition"
        }
      },
      {
        "extension": [
          {
            "url": "http://hl7.org/fhir/tools/StructureDefinition/resource-information",
            "valueString": "StructureDefinition:resource"
          }
        ],
        "reference": {
          "reference": "StructureDefinition/MedRecord-comp"
        },
        "name": "[Profile] - Structure Composition for Medication Record",
        "description": "The profile for how to organize the information in a medication Record"
      },
      {
        "extension": [
          {
            "url": "http://hl7.org/fhir/tools/StructureDefinition/resource-information",
            "valueString": "Condition"
          }
        ],
        "reference": {
          "reference": "Condition/reflux-condition"
        }
      },
      {
        "extension": [
          {
            "url": "http://hl7.org/fhir/tools/StructureDefinition/resource-information",
            "valueString": "StructureDefinition:logical"
          }
        ],
        "reference": {
          "reference": "StructureDefinition/BeModelMedicationRecordSummaryView"
        },
        "name": "[Logical Model] - Summary View",
        "description": "A model for representing a summary view of a patient's medication."
      },
      {
        "extension": [
          {
            "url": "http://hl7.org/fhir/tools/StructureDefinition/resource-information",
            "valueString": "StructureDefinition:resource"
          }
        ],
        "reference": {
          "reference": "StructureDefinition/MedRecordUsage"
        },
        "name": "[Profile] - Usage",
        "description": "The profile for Medication Usage in a Medication Record - a record of a single administration event"
      },
      {
        "extension": [
          {
            "url": "http://hl7.org/fhir/tools/StructureDefinition/resource-information",
            "valueString": "StructureDefinition:logical"
          }
        ],
        "reference": {
          "reference": "StructureDefinition/BeModelMedicationScheduledAdministration"
        },
        "name": "[Logical Model] - Scheduled Administration",
        "description": "A model for a record of a single planned administration event."
      },
      {
        "extension": [
          {
            "url": "http://hl7.org/fhir/tools/StructureDefinition/resource-information",
            "valueString": "StructureDefinition:logical"
          }
        ],
        "reference": {
          "reference": "StructureDefinition/BeModelMedicationRecordTreatment"
        },
        "name": "[Logical Model] - Treatment",
        "description": "A model for representing a Treatment."
      },
      {
        "extension": [
          {
            "url": "http://hl7.org/fhir/tools/StructureDefinition/resource-information",
            "valueString": "StructureDefinition:logical"
          }
        ],
        "reference": {
          "reference": "StructureDefinition/BeModelMedicationRecord"
        },
        "name": "[Logical Model] - Medication Record",
        "description": "A model for a structure collection of a patient's medication history."
      },
      {
        "extension": [
          {
            "url": "http://hl7.org/fhir/tools/StructureDefinition/resource-information",
            "valueString": "StructureDefinition:logical"
          }
        ],
        "reference": {
          "reference": "StructureDefinition/BeModelMedicationRecordAdministration"
        },
        "name": "[Logical Model] - Administration",
        "description": "A model for representing and reporting an administration of a product."
      },
      {
        "extension": [
          {
            "url": "http://hl7.org/fhir/tools/StructureDefinition/resource-information",
            "valueString": "ValueSet"
          }
        ],
        "reference": {
          "reference": "ValueSet/medication-substitution-dispense-v1"
        },
        "name": "[Value Set] - Medication Substitution",
        "description": "Value set for substituting a medication on dispense."
      },
      {
        "extension": [
          {
            "url": "http://hl7.org/fhir/tools/StructureDefinition/resource-information",
            "valueString": "StructureDefinition:resource"
          }
        ],
        "reference": {
          "reference": "StructureDefinition/MedRecordOrder"
        },
        "name": "[Profile] - Prescription",
        "description": "The profile for Medication Prescription in a Medication Record - a record of a order or request for a medication or a change of medication, implicit or explicit"
      },
      {
        "extension": [
          {
            "url": "http://hl7.org/fhir/tools/StructureDefinition/resource-information",
            "valueString": "StructureDefinition:resource"
          }
        ],
        "reference": {
          "reference": "StructureDefinition/MedRecordDispense"
        },
        "name": "[Profile] - Dispense",
        "description": "The profile for Medication Dispense in a Medication Record - a record of a single administration event"
      },
      {
        "extension": [
          {
            "url": "http://hl7.org/fhir/tools/StructureDefinition/resource-information",
            "valueString": "Condition"
          }
        ],
        "reference": {
          "reference": "Condition/arthritis-condition"
        }
      },
      {
        "extension": [
          {
            "url": "http://hl7.org/fhir/tools/StructureDefinition/resource-information",
            "valueString": "StructureDefinition:resource"
          }
        ],
        "reference": {
          "reference": "StructureDefinition/MedRecordMedicationSummaryView"
        },
        "name": "[Profile] - Summary View",
        "description": "The profile for Medication Summary view in a Medication Record"
      },
      {
        "extension": [
          {
            "url": "http://hl7.org/fhir/tools/StructureDefinition/resource-information",
            "valueString": "Condition"
          }
        ],
        "reference": {
          "reference": "Condition/pharyngitis-condition"
        }
      },
      {
        "extension": [
          {
            "url": "http://hl7.org/fhir/tools/StructureDefinition/resource-information",
            "valueString": "Condition"
          }
        ],
        "reference": {
          "reference": "Condition/hypertension-condition"
        }
      }
    ],
    "page": {
      "nameUrl": "toc.html",
      "title": "Table of Contents",
      "generation": "html",
      "page": [
        {
          "nameUrl": "index.html",
          "title": "Home Page",
          "generation": "html"
        },
        {
          "nameUrl": "howto.html",
          "title": "How to read this document",
          "generation": "html"
        },
        {
          "nameUrl": "medicationrecord.html",
          "title": "Medication Record Functionality",
          "generation": "markdown",
          "page": [
            {
              "nameUrl": "medicationrecord-definitions.html",
              "title": "Definitions - Medication Record",
              "generation": "markdown"
            },
            {
              "nameUrl": "functional-description.html",
              "title": "Functional Overview",
              "generation": "markdown"
            },
            {
              "nameUrl": "medicationrecord-data-model.html",
              "title": "Medication Record - Data Model",
              "generation": "markdown"
            },
            {
              "nameUrl": "medicationrecord-scenarios.html",
              "title": "Medication Record Scenarios",
              "generation": "markdown",
              "page": [
                {
                  "nameUrl": "medicationrecord-scenario-1.html",
                  "title": "Scenario 1 - concurrent medications",
                  "generation": "markdown"
                },
                {
                  "nameUrl": "medicationrecord-scenario-2.html",
                  "title": "Scenario 2 - medication protocols",
                  "generation": "markdown"
                }
              ]
            }
          ]
        },
        {
          "nameUrl": "medicationrecord-requirements.html",
          "title": "Requirements - Medication Record",
          "generation": "markdown",
          "page": [
            {
              "nameUrl": "medication-granularity.html",
              "title": "Medication Levels",
              "generation": "markdown"
            },
            {
              "nameUrl": "medication-class-group.html",
              "title": "Medication Classification and grouping",
              "generation": "markdown"
            }
          ]
        },
        {
          "nameUrl": "medicationrecord-patterns.html",
          "title": "Architectural patterns - Medication Record",
          "generation": "markdown",
          "page": [
            {
              "nameUrl": "medicationrecord-pattern-1.html",
              "title": "Pattern 1 - Consult a patient's medication record",
              "generation": "markdown"
            },
            {
              "nameUrl": "medicationrecord-pattern-2.html",
              "title": "Pattern 2 - update a patient's medication record",
              "generation": "markdown"
            },
            {
              "nameUrl": "medicationrecord-pattern-3.html",
              "title": "Pattern 3 - Compile a medication record",
              "generation": "markdown"
            }
          ]
        },
        {
          "nameUrl": "medicationrecord-usageexamples.html",
          "title": "MedicationRecord - usage examples",
          "generation": "markdown",
          "page": [
            {
              "nameUrl": "scenario1.html",
              "title": "Prescribed branded medication is changed by another branded medication from the same VOS-cluster",
              "generation": "markdown"
            },
            {
              "nameUrl": "scenario2a.html",
              "title": "Prescribed medication is changed by another medication from a different VOS-cluster - different strength",
              "generation": "markdown"
            },
            {
              "nameUrl": "scenario2b.html",
              "title": "Prescribed medication is changed by another medication from a different VOS-cluster - Different package size",
              "generation": "markdown"
            },
            {
              "nameUrl": "scenario3.html",
              "title": "Dispense medication before the prescription is available",
              "generation": "markdown"
            },
            {
              "nameUrl": "scenario4.html",
              "title": "Dispense of prescribed medication and of a product that can be dispensed without a prescription",
              "generation": "markdown"
            },
            {
              "nameUrl": "scenario5.html",
              "title": "Dispense of new brand medication that is given because the old is unavailable, so giving to continue the treatment and not to replace it",
              "generation": "markdown"
            },
            {
              "nameUrl": "scenario6.html",
              "title": "Refusal to dispense the prescribed medication",
              "generation": "markdown"
            },
            {
              "nameUrl": "scenario7.html",
              "title": "Dispense of medication that was prescribed to take if needed, but was not taken",
              "generation": "markdown"
            },
            {
              "nameUrl": "scenario8.html",
              "title": "Dispense of medication that was prescribed, but not taken till the end",
              "generation": "markdown"
            },
            {
              "nameUrl": "scenario9a.html",
              "title": "Recording of anesthetic, contrast and similar medications - Checking possible interactions before surgery",
              "generation": "markdown"
            },
            {
              "nameUrl": "scenario9b.html",
              "title": "Recording of anesthetic, contrast and similar medications - Product prescribed (by VOS) and dispense for exam ",
              "generation": "markdown"
            },
            {
              "nameUrl": "scenario10.html",
              "title": "The recording of non-medication aka pharmaceutical products",
              "generation": "markdown"
            }
          ]
        },
        {
          "nameUrl": "implementation.html",
          "title": "Medication Record Implementation",
          "generation": "markdown",
          "page": [
            {
              "nameUrl": "medicationrecord-fhir-resources.html",
              "title": "Medication Record - FHIR resources",
              "generation": "markdown"
            },
            {
              "nameUrl": "medicationrecord-transaction-types.html",
              "title": "Medication Record - Types of transactions",
              "generation": "markdown"
            },
            {
              "nameUrl": "artifacts.html",
              "title": "Artifact Index",
              "generation": "html"
            }
          ]
        },
        {
          "nameUrl": "downloads.html",
          "title": "Downloads",
          "generation": "html"
        },
        {
          "nameUrl": "changes.html",
          "title": "IG Change History",
          "generation": "html"
        }
      ]
    },
    "parameter": [
      {
        "code": "path-resource",
        "value": "input\\history"
      },
      {
        "code": "path-resource",
        "value": "input\\scenarios"
      },
      {
        "code": "path-resource",
        "value": "input/capabilities"
      },
      {
        "code": "path-resource",
        "value": "input/examples"
      },
      {
        "code": "path-resource",
        "value": "input/extensions"
      },
      {
        "code": "path-resource",
        "value": "input/models"
      },
      {
        "code": "path-resource",
        "value": "input/operations"
      },
      {
        "code": "path-resource",
        "value": "input/profiles"
      },
      {
        "code": "path-resource",
        "value": "input/resources"
      },
      {
        "code": "path-resource",
        "value": "input/vocabulary"
      },
      {
        "code": "path-resource",
        "value": "input/testing"
      },
      {
        "code": "path-resource",
        "value": "input/history"
      },
      {
        "code": "path-resource",
        "value": "fsh-generated/resources"
      },
      {
        "code": "path-pages",
        "value": "template/config"
      },
      {
        "code": "path-pages",
        "value": "input/images"
      },
      {
        "code": "path-tx-cache",
        "value": "input-cache/txcache"
      }
    ]
  }
}